year,month,date,string
1992,January,10,['10/01/1992']
2086,June,27,"['27/06/2086', '2086/06/27', 'June 27th, 2086', '06/27/2086', '27-06-2086', '27th June, 2086', '27 Jun 2086']"
1964,May,14,"['14/05/1964', 'May 14th, 1964', '1964-05-14', '1964/05/14', '05/14/1964', '14th May, 1964', '14-05-1964']"
2000,November,14,"['2000-11-14', '11/14/2000', '14 Nov 2000', '14-11-2000', 'November 14th, 2000', '2000/11/14', '14/11/2000', '14th November, 2000']"
1933,September,30,"['September 30th, 1933', '30th September, 1933', '30-09-1933', '30 Sep 1933', '1933-09-30', '30/09/1933', '1933/09/30', '09/30/1933']"
2079,August,22,"['22/08/2079', '2079/08/22', '22nd August, 2079']"
2025,April,12,"['12 Apr 2025', '04/12/2025', '2025-04-12', '2025/04/12', '12/04/2025', '12-04-2025', 'April 12th, 2025']"
1961,November,2,"['1961/11/02', '11/02/1961', 'November 2nd, 1961', '02-11-1961']"
2054,July,31,"['31st July, 2054']"
1945,December,31,"['1945/12/31', '31st December, 1945', '12/31/1945', 'December 31st, 1945', '31/12/1945', '31 Dec 1945']"
1920,July,25,"['July 25th, 1920', '25-07-1920', '1920-07-25', '1920/07/25', '07/25/1920', '25th July, 1920', '25 Jul 1920']"
2089,September,1,['09/01/2089']
1944,June,27,"['06/27/1944', '1944/06/27', '1944-06-27']"
1973,January,8,"['01/08/1973', 'January 8th, 1973', '08-01-1973', '8th January, 1973', '1973-01-08', '08/01/1973']"
1941,January,1,"['01/01/1941', '1941-01-01']"
2036,April,2,"['02 Apr 2036', '04/02/2036', 'April 2nd, 2036', '2nd April, 2036', '2036-04-02', '02/04/2036', '2036/04/02']"
2060,December,10,"['2060/12/10', '2060-12-10']"
2028,October,19,['2028-10-19']
1980,April,25,['25 Apr 1980']
1903,September,13,"['09/13/1903', '13th September, 1903', 'September 13th, 1903']"
1930,June,8,"['06/08/1930', '1930-06-08', '8th June, 1930', 'June 8th, 1930', '08-06-1930', '1930/06/08']"
2089,September,27,"['27 Sep 2089', '2089/09/27', '09/27/2089', '27/09/2089', '27th September, 2089', '27-09-2089', 'September 27th, 2089']"
1944,August,8,"['August 8th, 1944', '1944/08/08', '08 Aug 1944', '08/08/1944', '8th August, 1944']"
2085,June,16,"['June 16th, 2085', '2085/06/16', '2085-06-16', '06/16/2085', '16th June, 2085', '16-06-2085']"
1947,April,19,"['1947-04-19', '19-04-1947', 'April 19th, 1947', '19th April, 1947', '1947/04/19']"
2046,August,28,['2046/08/28']
1937,May,23,"['05/23/1937', 'May 23rd, 1937', '23/05/1937', '1937-05-23', '1937/05/23', '23 May 1937', '23rd May, 1937', '23-05-1937']"
2097,September,14,"['09/14/2097', '2097/09/14', '14-09-2097', '14 Sep 2097', 'September 14th, 2097', '14/09/2097']"
1975,November,13,"['13-11-1975', '1975-11-13', '13 Nov 1975', '13th November, 1975', '1975/11/13', '11/13/1975']"
2087,October,27,"['10/27/2087', '2087-10-27', '27 Oct 2087']"
2048,April,1,['2048-04-01']
1916,November,29,"['29/11/1916', '29th November, 1916', '11/29/1916', 'November 29th, 1916', '1916-11-29', '29-11-1916', '29 Nov 1916']"
1942,January,4,"['01/04/1942', '04/01/1942', 'January 4th, 1942', '1942-01-04', '1942/01/04', '04-01-1942', '4th January, 1942', '04 Jan 1942']"
2084,January,13,"['2084/01/13', '13 Jan 2084', '13th January, 2084', '2084-01-13', '13-01-2084', '01/13/2084', 'January 13th, 2084', '13/01/2084']"
2058,September,20,"['09/20/2058', '20/09/2058', '20-09-2058', '20 Sep 2058', '2058-09-20']"
1900,December,26,"['26/12/1900', '26-12-1900']"
1936,November,12,"['12 Nov 1936', '1936/11/12']"
1956,October,27,"['October 27th, 1956', '1956-10-27', '27/10/1956', '1956/10/27']"
1906,October,11,"['10/11/1906', 'October 11th, 1906', '11-10-1906']"
1943,April,27,"['1943/04/27', '27 Apr 1943', 'April 27th, 1943', '27/04/1943', '27-04-1943']"
2026,December,23,"['23/12/2026', '23 Dec 2026', '23rd December, 2026', '12/23/2026', '2026/12/23', 'December 23rd, 2026', '23-12-2026', '2026-12-23']"
2063,July,12,"['12-07-2063', '12th July, 2063', '12 Jul 2063', 'July 12th, 2063', '07/12/2063', '12/07/2063']"
2055,August,29,"['08/29/2055', '29 Aug 2055', 'August 29th, 2055', '29-08-2055']"
1942,July,7,"['07 Jul 1942', '7th July, 1942', '07/07/1942']"
2070,March,29,"['29 Mar 2070', '29/03/2070', '2070/03/29', '2070-03-29', '29-03-2070', '03/29/2070']"
1957,October,12,"['October 12th, 1957', '10/12/1957', '1957/10/12', '12/10/1957', '12-10-1957', '12 Oct 1957']"
2074,February,18,"['February 18th, 2074']"
2000,September,23,"['2000/09/23', '2000-09-23']"
2022,March,6,"['06 Mar 2022', '06/03/2022', '2022/03/06', '2022-03-06', '06-03-2022', 'March 6th, 2022']"
2061,July,7,"['7th July, 2061', '07 Jul 2061', '2061/07/07', '2061-07-07', '07/07/2061']"
1936,August,3,"['August 3rd, 1936', '03/08/1936', '1936/08/03', '1936-08-03', '03-08-1936', '08/03/1936', '03 Aug 1936', '3rd August, 1936']"
1934,November,22,"['November 22nd, 1934', '11/22/1934']"
2034,July,10,['07/10/2034']
1992,October,13,"['13/10/1992', '1992/10/13', '13th October, 1992', '13 Oct 1992', '10/13/1992']"
1925,September,4,"['1925/09/04', 'September 4th, 1925', '09/04/1925', '04 Sep 1925']"
1936,June,19,"['1936/06/19', '06/19/1936', 'June 19th, 1936', '19-06-1936', '1936-06-19', '19/06/1936', '19 Jun 1936', '19th June, 1936']"
2055,March,19,"['03/19/2055', 'March 19th, 2055', '19th March, 2055', '2055-03-19', '19/03/2055']"
2052,July,6,"['2052-07-06', '2052/07/06', '06 Jul 2052', 'July 6th, 2052', '06/07/2052', '06-07-2052', '6th July, 2052']"
1969,March,31,"['March 31st, 1969', '31-03-1969', '31 Mar 1969', '03/31/1969', '31st March, 1969', '1969/03/31', '1969-03-31']"
2015,May,21,"['21 May 2015', '21-05-2015', 'May 21st, 2015', '05/21/2015', '21/05/2015']"
1975,November,23,"['23/11/1975', '23 Nov 1975', '1975/11/23', '23-11-1975', '23rd November, 1975', '1975-11-23', 'November 23rd, 1975', '11/23/1975']"
1945,April,9,"['9th April, 1945', '1945-04-09', '1945/04/09', '09 Apr 1945', '09/04/1945', '04/09/1945', 'April 9th, 1945', '09-04-1945']"
2088,February,3,['02/03/2088']
2086,July,24,"['24th July, 2086', '24/07/2086', '2086/07/24', '2086-07-24', '07/24/2086']"
2025,October,30,"['2025/10/30', '30th October, 2025', '10/30/2025', '30-10-2025', '2025-10-30', '30/10/2025', 'October 30th, 2025', '30 Oct 2025']"
2043,July,2,"['2043-07-02', '2043/07/02', '02 Jul 2043', 'July 2nd, 2043', '02/07/2043', '02-07-2043']"
1903,July,18,['18 Jul 1903']
2006,June,18,"['18-06-2006', '2006-06-18', '18/06/2006']"
2099,August,22,"['22 Aug 2099', '22-08-2099', '2099-08-22', '2099/08/22']"
2038,June,29,"['29th June, 2038', '29/06/2038', '29 Jun 2038', '2038-06-29', '29-06-2038']"
2035,February,22,"['22/02/2035', '02/22/2035', '22nd February, 2035', 'February 22nd, 2035', '22 Feb 2035', '22-02-2035']"
2037,February,2,"['02/02/2037', '2nd February, 2037', '2037/02/02', '02 Feb 2037']"
2077,June,18,['06/18/2077']
1910,July,23,"['23rd July, 1910', '23/07/1910', '23-07-1910']"
1971,May,24,['24/05/1971']
2092,August,20,"['08/20/2092', '2092/08/20', '2092-08-20', '20/08/2092', '20-08-2092', '20 Aug 2092', 'August 20th, 2092', '20th August, 2092']"
1968,September,26,"['September 26th, 1968', '26/09/1968', '1968-09-26', '09/26/1968', '26th September, 1968', '1968/09/26', '26-09-1968', '26 Sep 1968']"
1930,February,27,"['1930-02-27', '27th February, 1930', '27/02/1930', '27-02-1930', '1930/02/27', '02/27/1930']"
1969,September,16,['16-09-1969']
2011,April,25,"['04/25/2011', '25th April, 2011', '2011-04-25', '25-04-2011', '25/04/2011']"
2028,September,6,"['6th September, 2028', '06-09-2028', '2028-09-06']"
1921,October,8,"['08-10-1921', '1921-10-08', 'October 8th, 1921', '8th October, 1921', '10/08/1921', '08/10/1921', '1921/10/08']"
1996,June,26,"['06/26/1996', '1996-06-26', '1996/06/26', '26th June, 1996', '26 Jun 1996', 'June 26th, 1996', '26/06/1996']"
2059,August,28,"['28 Aug 2059', 'August 28th, 2059', '08/28/2059', '2059/08/28', '28th August, 2059', '28-08-2059', '28/08/2059']"
1943,October,12,"['October 12th, 1943', '10/12/1943']"
1996,February,11,['02/11/1996']
2038,December,29,['2038-12-29']
2011,March,14,"['2011-03-14', '14/03/2011', '14th March, 2011', '2011/03/14']"
2014,September,19,"['19-09-2014', '09/19/2014', '19/09/2014', 'September 19th, 2014', '19 Sep 2014', '2014-09-19']"
2051,April,19,"['19th April, 2051', '2051-04-19', '04/19/2051', '19-04-2051', '19/04/2051', '19 Apr 2051']"
1928,September,9,"['09/09/1928', '1928-09-09', 'September 9th, 1928']"
2037,June,21,"['June 21st, 2037', '2037-06-21', '2037/06/21', '21st June, 2037', '21 Jun 2037']"
2061,May,11,"['2061-05-11', 'May 11th, 2061', '11th May, 2061', '11-05-2061']"
2032,December,13,"['13/12/2032', '13 Dec 2032', '13-12-2032', '13th December, 2032', 'December 13th, 2032', '2032/12/13']"
1995,March,17,"['17/03/1995', '17 Mar 1995', '03/17/1995', 'March 17th, 1995', '1995/03/17', '17th March, 1995', '1995-03-17']"
2046,February,18,"['02/18/2046', 'February 18th, 2046', '18-02-2046', '2046-02-18']"
2064,June,9,"['06/09/2064', '2064/06/09', '09/06/2064', '09-06-2064']"
2098,January,31,"['31 Jan 2098', '2098/01/31', '31-01-2098', '2098-01-31']"
2082,November,21,"['2082/11/21', '21 Nov 2082', '21st November, 2082']"
1909,December,11,"['1909-12-11', 'December 11th, 1909', '11/12/1909', '11-12-1909', '11th December, 1909', '11 Dec 1909', '12/11/1909', '1909/12/11']"
1913,June,6,"['06/06/1913', 'June 6th, 1913']"
1994,June,13,"['06/13/1994', 'June 13th, 1994', '13/06/1994', '1994/06/13', '13-06-1994', '13th June, 1994', '1994-06-13', '13 Jun 1994']"
2052,March,6,"['06 Mar 2052', '06-03-2052']"
1996,March,14,"['1996/03/14', '1996-03-14', '14/03/1996', '14th March, 1996', '14 Mar 1996']"
1998,December,12,"['1998/12/12', '12th December, 1998', '1998-12-12', '12/12/1998', '12-12-1998', 'December 12th, 1998', '12 Dec 1998', '12/12/1998']"
1902,July,1,"['07/01/1902', '1902/07/01']"
1980,July,29,"['1980/07/29', '1980-07-29', '29th July, 1980']"
1964,December,16,"['16th December, 1964', '1964-12-16', 'December 16th, 1964', '1964/12/16', '16-12-1964', '16/12/1964']"
1949,October,14,"['10/14/1949', '1949/10/14', '1949-10-14', '14th October, 1949', '14-10-1949', 'October 14th, 1949']"
2026,September,29,"['29-09-2026', '29 Sep 2026', '09/29/2026', 'September 29th, 2026', '2026/09/29', '29th September, 2026']"
1936,January,14,"['14/01/1936', '1936/01/14', 'January 14th, 1936', '14 Jan 1936', '14-01-1936', '14th January, 1936', '1936-01-14', '01/14/1936']"
1983,December,16,"['16/12/1983', '1983-12-16', '16th December, 1983', '16-12-1983', '1983/12/16', '16 Dec 1983']"
1997,October,9,"['10/09/1997', '1997/10/09', '1997-10-09', '09/10/1997', '09 Oct 1997', '9th October, 1997', 'October 9th, 1997', '09-10-1997']"
1979,September,30,"['1979/09/30', '30-09-1979', '30th September, 1979', '30 Sep 1979', '30/09/1979', '1979-09-30', '09/30/1979']"
1950,November,15,"['15 Nov 1950', '1950/11/15', '11/15/1950', '1950-11-15']"
2018,June,29,"['29/06/2018', '2018/06/29', '29 Jun 2018', '29-06-2018', '2018-06-29']"
1932,February,13,"['13 Feb 1932', '13th February, 1932', '13/02/1932', '1932-02-13', 'February 13th, 1932', '02/13/1932']"
2051,January,19,"['2051-01-19', '01/19/2051', '19th January, 2051', 'January 19th, 2051', '19/01/2051']"
2078,July,23,"['2078/07/23', '23rd July, 2078', '2078-07-23', '07/23/2078', 'July 23rd, 2078', '23 Jul 2078', '23-07-2078']"
1997,February,22,['1997-02-22']
2048,November,9,"['2048-11-09', '09 Nov 2048', '09/11/2048', '9th November, 2048', 'November 9th, 2048', '11/09/2048', '09-11-2048']"
1931,December,17,"['12/17/1931', '1931/12/17']"
2022,June,24,['24-06-2022']
1931,March,19,"['1931/03/19', 'March 19th, 1931']"
1928,January,16,"['16-01-1928', '1928-01-16', 'January 16th, 1928', '1928/01/16', '16th January, 1928', '16/01/1928', '16 Jan 1928']"
1924,June,17,"['17-06-1924', '1924-06-17']"
2095,June,9,"['09/06/2095', '09 Jun 2095', '9th June, 2095', '2095/06/09', '09-06-2095', '06/09/2095', 'June 9th, 2095', '2095-06-09']"
1921,June,17,"['17-06-1921', 'June 17th, 1921', '17/06/1921', '17 Jun 1921', '17th June, 1921', '06/17/1921', '1921/06/17']"
1925,April,30,['30-04-1925']
1938,June,28,"['28 Jun 1938', '1938-06-28', '06/28/1938', '28th June, 1938', '28/06/1938']"
1949,December,14,"['December 14th, 1949', '1949-12-14', '12/14/1949', '14 Dec 1949', '14-12-1949', '14th December, 1949', '1949/12/14', '14/12/1949']"
2097,June,14,"['2097/06/14', '14-06-2097', '2097-06-14']"
2051,March,31,"['2051-03-31', '31-03-2051', '31 Mar 2051']"
2092,February,16,"['16th February, 2092', '2092-02-16', 'February 16th, 2092', '2092/02/16', '16-02-2092']"
1913,July,18,"['07/18/1913', 'July 18th, 1913']"
1962,August,19,"['19th August, 1962', '19/08/1962', '19 Aug 1962', '1962/08/19', '19-08-1962']"
2065,June,28,"['June 28th, 2065']"
1939,May,18,"['18 May 1939', '18-05-1939', '18/05/1939', '05/18/1939', '1939/05/18', '1939-05-18', 'May 18th, 1939']"
1964,January,15,"['1964/01/15', '15-01-1964', 'January 15th, 1964', '01/15/1964', '15th January, 1964', '15/01/1964', '15 Jan 1964', '1964-01-15']"
1980,November,17,"['November 17th, 1980', '11/17/1980']"
1909,August,4,"['04 Aug 1909', '1909-08-04']"
2045,June,21,"['June 21st, 2045', '21/06/2045', '2045/06/21', '21 Jun 2045']"
1902,July,9,"['July 9th, 1902', '07/09/1902', '1902/07/09', '9th July, 1902']"
1978,June,12,"['12-06-1978', '12th June, 1978', '06/12/1978', 'June 12th, 1978']"
1939,May,27,"['1939-05-27', '1939/05/27']"
2065,May,18,"['18/05/2065', 'May 18th, 2065', '05/18/2065', '2065-05-18', '2065/05/18', '18 May 2065']"
2080,July,10,"['July 10th, 2080', '10 Jul 2080', '2080-07-10', '10-07-2080', '07/10/2080', '10th July, 2080']"
1993,July,17,"['17/07/1993', '1993/07/17']"
1987,April,2,['02/04/1987']
2016,December,11,"['December 11th, 2016', '11 Dec 2016', '11th December, 2016', '12/11/2016', '2016-12-11', '2016/12/11']"
1955,April,23,['1955-04-23']
1960,April,26,"['April 26th, 1960', '1960-04-26', '26/04/1960', '26 Apr 1960', '26-04-1960']"
1905,February,20,"['20th February, 1905', '20/02/1905', '20-02-1905', '02/20/1905', '1905/02/20']"
1966,August,27,"['August 27th, 1966', '27/08/1966', '27-08-1966', '08/27/1966']"
1981,September,1,"['09/01/1981', '01-09-1981', '01/09/1981', '1981/09/01', 'September 1st, 1981', '1981-09-01', '1st September, 1981']"
2094,January,29,"['29th January, 2094']"
2074,June,7,"['07-06-2074', '2074/06/07', 'June 7th, 2074', '2074-06-07', '07 Jun 2074', '7th June, 2074']"
2063,November,6,['2063-11-06']
2020,April,10,"['10/04/2020', '10th April, 2020', '10-04-2020']"
1904,November,9,"['9th November, 1904', '09 Nov 1904', '1904/11/09']"
2053,May,4,"['2053-05-04', '04-05-2053']"
2054,July,6,"['6th July, 2054', 'July 6th, 2054', '06 Jul 2054']"
2063,April,15,"['15/04/2063', 'April 15th, 2063', '15-04-2063', '2063/04/15', '15th April, 2063', '2063-04-15', '15 Apr 2063', '04/15/2063']"
2000,May,15,"['15-05-2000', '15 May 2000']"
2095,May,18,"['18 May 2095', '18/05/2095', 'May 18th, 2095', '18th May, 2095', '05/18/2095', '2095-05-18', '18-05-2095']"
2098,June,22,"['06/22/2098', '2098/06/22', '22 Jun 2098', '22-06-2098', '22nd June, 2098']"
1940,March,11,"['1940/03/11', 'March 11th, 1940', '11 Mar 1940', '03/11/1940', '11-03-1940', '11th March, 1940']"
1908,December,26,"['26th December, 1908', '26 Dec 1908']"
1941,October,21,"['21 Oct 1941', 'October 21st, 1941', '1941/10/21', '10/21/1941', '21/10/1941']"
2095,August,19,"['2095-08-19', '2095/08/19', '08/19/2095', 'August 19th, 2095', '19th August, 2095', '19-08-2095', '19/08/2095']"
2004,June,30,"['30 Jun 2004', '30-06-2004', '2004-06-30', '30th June, 2004']"
1970,January,23,['1970-01-23']
2044,May,1,"['01-05-2044', 'May 1st, 2044', '2044-05-01', '01/05/2044', '2044/05/01', '1st May, 2044', '01 May 2044', '05/01/2044']"
1999,October,1,"['1st October, 1999', '01-10-1999', '10/01/1999', '1999/10/01', '01 Oct 1999', '01/10/1999', '1999-10-01']"
2058,April,18,"['2058/04/18', '04/18/2058', '18th April, 2058', '18-04-2058', '18 Apr 2058', 'April 18th, 2058', '2058-04-18']"
2016,May,22,"['22-05-2016', '22/05/2016', '05/22/2016', '22nd May, 2016', '2016-05-22', 'May 22nd, 2016']"
2059,May,26,"['26-05-2059', '2059/05/26', '26th May, 2059', '26 May 2059', '05/26/2059', '26/05/2059', 'May 26th, 2059', '2059-05-26']"
2015,March,10,"['2015-03-10', '10/03/2015', '10-03-2015', '03/10/2015', '10th March, 2015']"
2031,August,28,"['2031/08/28', '28/08/2031', '28 Aug 2031', '28th August, 2031', 'August 28th, 2031', '08/28/2031']"
2016,February,26,"['02/26/2016', '26 Feb 2016', '2016/02/26', '2016-02-26', '26th February, 2016', '26/02/2016']"
2029,April,6,"['2029-04-06', '6th April, 2029', '04/06/2029', '2029/04/06', '06 Apr 2029']"
1973,April,6,['06-04-1973']
1979,May,9,"['09-05-1979', '09 May 1979', '1979/05/09']"
2002,February,14,"['02/14/2002', 'February 14th, 2002', '14-02-2002', '2002/02/14', '14/02/2002']"
1921,January,21,"['21st January, 1921', '21-01-1921']"
2001,January,21,"['21 Jan 2001', '01/21/2001']"
2027,September,11,"['September 11th, 2027']"
2042,November,16,"['16/11/2042', '2042-11-16', '2042/11/16', 'November 16th, 2042']"
2014,December,29,"['29 Dec 2014', '29-12-2014', '2014/12/29', '29/12/2014', 'December 29th, 2014', '2014-12-29']"
2085,April,18,"['April 18th, 2085', '2085-04-18', '18-04-2085', '18th April, 2085', '2085/04/18', '18/04/2085']"
2004,April,28,"['28 Apr 2004', '28/04/2004', '2004/04/28']"
2045,May,27,"['27/05/2045', '27th May, 2045', '27-05-2045', '27 May 2045', 'May 27th, 2045']"
2078,May,31,"['05/31/2078', '31-05-2078', '2078-05-31', '31 May 2078', '31/05/2078', 'May 31st, 2078', '31st May, 2078']"
2060,October,28,"['28-10-2060', '2060/10/28', 'October 28th, 2060', '28th October, 2060', '10/28/2060', '28/10/2060']"
2019,April,4,"['2019-04-04', '04/04/2019', 'April 4th, 2019', '04/04/2019', '04 Apr 2019']"
2021,November,29,"['2021/11/29', 'November 29th, 2021', '11/29/2021', '29 Nov 2021', '2021-11-29']"
2003,December,11,"['11/12/2003', '11th December, 2003', '2003/12/11', '11-12-2003', '12/11/2003', '2003-12-11', '11 Dec 2003', 'December 11th, 2003']"
2030,February,23,"['23/02/2030', '23-02-2030', '2030/02/23', '2030-02-23']"
1957,September,22,"['22nd September, 1957', '22/09/1957', '1957/09/22', 'September 22nd, 1957', '22 Sep 1957']"
1911,October,23,"['23-10-1911', 'October 23rd, 1911', '1911/10/23', '23rd October, 1911', '1911-10-23', '10/23/1911', '23 Oct 1911', '23/10/1911']"
2002,May,27,"['May 27th, 2002']"
1901,February,6,['06/02/1901']
2073,October,31,['31/10/2073']
1997,May,4,"['04/05/1997', '04-05-1997', '04 May 1997', '05/04/1997', '1997-05-04', '4th May, 1997']"
2037,March,11,"['11-03-2037', '2037-03-11', '11 Mar 2037', '11th March, 2037', '2037/03/11', '11/03/2037', '03/11/2037']"
1975,November,17,['1975-11-17']
2024,April,18,"['2024-04-18', '18th April, 2024', '18 Apr 2024', 'April 18th, 2024']"
1974,March,24,['24-03-1974']
2096,May,15,"['2096/05/15', '15th May, 2096', '15-05-2096', '2096-05-15']"
1948,September,13,"['September 13th, 1948', '09/13/1948', '13-09-1948', '13/09/1948', '1948/09/13', '13 Sep 1948', '1948-09-13']"
2088,October,6,"['2088-10-06', '2088/10/06', '06/10/2088', 'October 6th, 2088', '6th October, 2088']"
1924,July,26,"['July 26th, 1924', '26-07-1924', '26 Jul 1924', '26/07/1924']"
2082,August,28,"['28th August, 2082', '28-08-2082', 'August 28th, 2082']"
2098,July,9,"['09/07/2098', '07/09/2098', '9th July, 2098', '2098-07-09', '2098/07/09', '09 Jul 2098']"
1989,December,22,"['12/22/1989', '22-12-1989', '1989-12-22']"
2062,May,2,"['2062/05/02', '05/02/2062']"
2096,January,10,"['10th January, 2096', '10 Jan 2096', 'January 10th, 2096']"
1907,March,31,"['1907/03/31', 'March 31st, 1907', '31/03/1907']"
1965,June,11,"['11 Jun 1965', '11-06-1965', 'June 11th, 1965', '11th June, 1965']"
1972,May,3,"['1972-05-03', '1972/05/03', '05/03/1972', '03-05-1972', '03/05/1972', '3rd May, 1972', '03 May 1972']"
2006,July,26,"['07/26/2006', '26-07-2006', '26 Jul 2006']"
1999,June,11,"['June 11th, 1999', '11/06/1999', '06/11/1999', '11-06-1999', '1999-06-11', '11 Jun 1999', '11th June, 1999', '1999/06/11']"
1971,July,24,"['24 Jul 1971', '1971/07/24']"
2021,September,24,"['24 Sep 2021', '2021/09/24', '2021-09-24', 'September 24th, 2021']"
1902,August,6,"['06/08/1902', '08/06/1902']"
2083,November,4,['04-11-2083']
2010,November,2,"['02 Nov 2010', '11/02/2010', 'November 2nd, 2010', '2010-11-02']"
1960,December,31,"['31st December, 1960']"
2053,February,27,"['27/02/2053', '27-02-2053', '27th February, 2053', '2053-02-27']"
1954,January,24,"['24th January, 1954', '1954-01-24', '1954/01/24']"
2020,August,21,"['August 21st, 2020', '2020-08-21', '21-08-2020', '21 Aug 2020']"
1973,May,17,"['05/17/1973', 'May 17th, 1973', '1973-05-17']"
2007,April,23,"['2007-04-23', '23rd April, 2007', '2007/04/23', '23-04-2007', '23/04/2007', '04/23/2007', 'April 23rd, 2007']"
2070,July,15,"['2070-07-15', '15-07-2070']"
1952,January,7,['1952-01-07']
2018,July,17,"['17/07/2018', '17 Jul 2018', 'July 17th, 2018', '2018/07/17', '17-07-2018', '17th July, 2018', '07/17/2018', '2018-07-17']"
1930,March,17,"['17/03/1930', '1930-03-17', '17-03-1930']"
1982,December,11,"['1982-12-11', '11th December, 1982', '11/12/1982', '11-12-1982', '12/11/1982']"
2042,May,21,"['May 21st, 2042', '2042/05/21', '2042-05-21', '21st May, 2042', '21/05/2042', '21 May 2042', '05/21/2042', '21-05-2042']"
2054,August,18,"['18th August, 2054', '08/18/2054', '2054-08-18', 'August 18th, 2054', '2054/08/18', '18 Aug 2054']"
2025,June,29,"['29 Jun 2025', '29th June, 2025', '29/06/2025', '06/29/2025']"
1922,February,12,"['1922-02-12', '12th February, 1922', '12 Feb 1922', '12/02/1922', 'February 12th, 1922', '1922/02/12', '12-02-1922']"
1936,January,21,"['1936-01-21', 'January 21st, 1936', '21-01-1936', '01/21/1936', '21/01/1936', '21st January, 1936', '1936/01/21', '21 Jan 1936']"
2085,October,24,"['24 Oct 2085', '24-10-2085', '2085/10/24', '24th October, 2085', '10/24/2085', 'October 24th, 2085', '2085-10-24']"
1943,May,4,"['4th May, 1943', '1943-05-04', '05/04/1943']"
2047,March,30,"['March 30th, 2047', '30th March, 2047', '2047/03/30', '30-03-2047', '03/30/2047', '30 Mar 2047', '30/03/2047']"
1990,September,25,"['September 25th, 1990', '25 Sep 1990', '25/09/1990', '1990-09-25', '25th September, 1990', '09/25/1990']"
1971,July,15,"['1971/07/15', '1971-07-15', '07/15/1971', '15 Jul 1971']"
1989,July,2,"['02-07-1989', '07/02/1989']"
2005,January,5,"['5th January, 2005']"
1992,October,30,"['10/30/1992', 'October 30th, 1992', '30-10-1992']"
2060,February,2,"['2060-02-02', '02-02-2060', 'February 2nd, 2060', '2nd February, 2060', '2060/02/02']"
1915,February,23,['1915/02/23']
1953,March,4,"['4th March, 1953', '04 Mar 1953', '04/03/1953']"
2099,March,25,"['2099-03-25', '25-03-2099', '25th March, 2099', 'March 25th, 2099']"
2084,August,15,"['15th August, 2084']"
2011,July,6,"['06 Jul 2011', '6th July, 2011', '07/06/2011', 'July 6th, 2011', '2011/07/06', '06-07-2011', '2011-07-06', '06/07/2011']"
2067,February,24,"['February 24th, 2067', '24/02/2067', '2067-02-24', '24th February, 2067', '2067/02/24', '24-02-2067', '02/24/2067']"
1907,May,14,"['14th May, 1907', '14-05-1907']"
2060,October,5,['05/10/2060']
1944,February,20,"['20/02/1944', '02/20/1944', '1944/02/20', 'February 20th, 1944']"
1955,October,1,"['01/10/1955', 'October 1st, 1955', '10/01/1955', '1955/10/01', '01 Oct 1955', '1st October, 1955', '01-10-1955', '1955-10-01']"
2082,April,21,"['04/21/2082', '2082-04-21', 'April 21st, 2082', '2082/04/21', '21-04-2082', '21/04/2082', '21 Apr 2082']"
2088,March,25,"['2088/03/25', '2088-03-25', 'March 25th, 2088', '25th March, 2088', '25-03-2088']"
2013,February,10,"['02/10/2013', '2013/02/10', '10/02/2013', 'February 10th, 2013', '10 Feb 2013', '2013-02-10']"
1961,June,24,"['June 24th, 1961', '24/06/1961', '1961-06-24', '24 Jun 1961', '1961/06/24']"
1967,October,12,"['1967-10-12', '10/12/1967', '1967/10/12', 'October 12th, 1967', '12 Oct 1967']"
1928,August,26,"['26 Aug 1928', '08/26/1928', '1928-08-26', 'August 26th, 1928', '1928/08/26', '26/08/1928', '26th August, 1928']"
2095,July,8,"['2095-07-08', '08-07-2095', '2095/07/08', '08 Jul 2095', '8th July, 2095', '07/08/2095']"
2094,July,16,"['16th July, 2094', '16-07-2094', 'July 16th, 2094']"
1941,November,13,"['November 13th, 1941']"
1965,December,16,"['1965/12/16', '16/12/1965', '16-12-1965', '12/16/1965', '16th December, 1965', '16 Dec 1965']"
2035,January,14,"['January 14th, 2035', '01/14/2035']"
1957,October,13,"['13th October, 1957', '13/10/1957', 'October 13th, 1957', '13-10-1957', '13 Oct 1957']"
1911,June,16,"['1911/06/16', '16th June, 1911']"
2071,January,29,"['29th January, 2071', '2071-01-29']"
1966,May,16,['16-05-1966']
1999,February,1,"['February 1st, 1999', '02/01/1999', '1999-02-01', '1999/02/01', '01-02-1999', '01 Feb 1999', '1st February, 1999']"
1961,May,24,"['1961-05-24', '24 May 1961']"
1967,June,1,"['01-06-1967', '01/06/1967']"
2060,November,4,"['11/04/2060', '04-11-2060', 'November 4th, 2060', '04 Nov 2060', '04/11/2060']"
1910,August,25,"['1910/08/25', '1910-08-25', '25/08/1910', '25-08-1910', '25th August, 1910', '25 Aug 1910', 'August 25th, 1910', '08/25/1910']"
2009,January,19,"['2009/01/19', '19 Jan 2009', '19/01/2009', '2009-01-19', 'January 19th, 2009', '19th January, 2009', '01/19/2009', '19-01-2009']"
1903,April,1,"['1903-04-01', '04/01/1903']"
2070,July,23,"['2070/07/23', '2070-07-23', '23/07/2070']"
1906,November,26,"['26th November, 1906', '26 Nov 1906']"
2085,April,30,"['30-04-2085', '04/30/2085', '2085/04/30', '30th April, 2085', '30/04/2085', '2085-04-30', 'April 30th, 2085']"
2065,August,28,"['28 Aug 2065', '28/08/2065', '08/28/2065', '2065-08-28']"
1915,April,30,['1915/04/30']
2021,December,20,"['20/12/2021', '20-12-2021', '12/20/2021', 'December 20th, 2021', '2021/12/20', '2021-12-20']"
1918,December,18,['12/18/1918']
1954,January,28,"['28th January, 1954']"
2081,June,17,"['17th June, 2081', '17/06/2081', '06/17/2081', 'June 17th, 2081', '17 Jun 2081']"
1927,October,7,"['07-10-1927', '07/10/1927', '1927/10/07', 'October 7th, 1927']"
2017,April,4,"['04/04/2017', '04-04-2017', '04 Apr 2017', '2017-04-04']"
1958,July,3,"['07/03/1958', 'July 3rd, 1958', '03-07-1958', '1958/07/03']"
2079,June,5,"['06/05/2079', '05/06/2079', '2079-06-05', '5th June, 2079', '05-06-2079', '2079/06/05', 'June 5th, 2079', '05 Jun 2079']"
2004,April,14,"['April 14th, 2004', '14-04-2004']"
1948,March,25,"['25/03/1948', '25-03-1948', '25th March, 1948']"
1937,December,16,"['1937/12/16', '12/16/1937', '16-12-1937', '16th December, 1937', '16/12/1937', '1937-12-16']"
2091,April,28,"['28 Apr 2091', '28-04-2091', '28/04/2091', '04/28/2091', '28th April, 2091', 'April 28th, 2091', '2091/04/28', '2091-04-28']"
1948,December,24,"['1948/12/24', '24 Dec 1948', '12/24/1948']"
2077,January,11,"['11-01-2077', '11th January, 2077', 'January 11th, 2077', '2077/01/11']"
1906,December,7,"['07 Dec 1906', '1906/12/07', 'December 7th, 1906']"
2008,July,14,"['14 Jul 2008', 'July 14th, 2008', '14th July, 2008', '14-07-2008', '2008-07-14', '07/14/2008', '2008/07/14', '14/07/2008']"
2045,August,29,['29/08/2045']
2044,June,19,"['19/06/2044', '06/19/2044', '19-06-2044', 'June 19th, 2044', '19th June, 2044', '2044-06-19', '19 Jun 2044']"
1965,August,18,"['18th August, 1965', '18/08/1965', '18 Aug 1965', '1965-08-18', 'August 18th, 1965']"
1957,April,3,"['04/03/1957', '1957/04/03', '03 Apr 1957', '03-04-1957', '1957-04-03', 'April 3rd, 1957']"
1958,April,17,"['17th April, 1958', '17-04-1958', '04/17/1958', '1958/04/17', 'April 17th, 1958', '17/04/1958', '17 Apr 1958', '1958-04-17']"
1999,April,1,"['April 1st, 1999', '04/01/1999']"
2043,February,18,"['February 18th, 2043', '18 Feb 2043', '18-02-2043', '02/18/2043', '18/02/2043', '2043-02-18']"
1991,October,8,"['10/08/1991', '8th October, 1991', '1991-10-08', '08/10/1991', '1991/10/08']"
1912,December,1,['1912-12-01']
1924,July,20,"['July 20th, 1924', '1924-07-20', '07/20/1924', '20 Jul 1924', '1924/07/20', '20th July, 1924']"
1952,January,2,"['January 2nd, 1952', '01/02/1952', '02 Jan 1952']"
2087,January,19,"['19/01/2087', '2087/01/19', '01/19/2087', '19-01-2087', 'January 19th, 2087']"
1966,November,6,"['11/06/1966', '6th November, 1966', '06 Nov 1966']"
1935,July,13,"['1935-07-13', '13-07-1935', '13th July, 1935', '1935/07/13', '13 Jul 1935', 'July 13th, 1935', '13/07/1935', '07/13/1935']"
1972,April,4,"['1972-04-04', '04/04/1972', '04-04-1972', '1972/04/04', '04 Apr 1972']"
1956,August,3,"['1956/08/03', '08/03/1956', '1956-08-03', '03-08-1956', '03 Aug 1956', 'August 3rd, 1956', '03/08/1956', '3rd August, 1956']"
1986,September,26,"['26/09/1986', '26-09-1986']"
1930,September,5,"['September 5th, 1930']"
1935,April,4,"['04 Apr 1935', '4th April, 1935', '04/04/1935', '04/04/1935', '04-04-1935', 'April 4th, 1935', '1935-04-04', '1935/04/04']"
2026,November,2,"['11/02/2026', '2nd November, 2026', '02-11-2026', '2026/11/02', '2026-11-02']"
1942,July,24,"['24 Jul 1942', '07/24/1942']"
2056,October,4,"['4th October, 2056', '04 Oct 2056', '10/04/2056']"
1985,June,30,"['30th June, 1985', '06/30/1985', '1985/06/30']"
1909,May,5,"['1909-05-05', '1909/05/05', '05-05-1909', '05/05/1909', '5th May, 1909', '05/05/1909', 'May 5th, 1909', '05 May 1909']"
2094,January,8,"['January 8th, 2094', '08 Jan 2094', '01/08/2094', '2094/01/08', '08/01/2094']"
1941,November,29,['1941/11/29']
2075,May,13,"['2075-05-13', '13th May, 2075', '13-05-2075']"
1955,February,20,"['20/02/1955', '02/20/1955', '1955-02-20']"
1986,June,21,"['06/21/1986', '21st June, 1986', '21-06-1986', '1986/06/21']"
2044,January,27,"['January 27th, 2044', '01/27/2044', '27-01-2044', '2044-01-27', '27th January, 2044', '27 Jan 2044']"
2003,February,24,"['2003/02/24', '24 Feb 2003']"
1960,December,13,"['December 13th, 1960', '1960/12/13', '12/13/1960', '13 Dec 1960', '13/12/1960', '13th December, 1960']"
2004,February,26,"['2004-02-26', '26 Feb 2004', '02/26/2004', 'February 26th, 2004', '2004/02/26', '26/02/2004', '26th February, 2004']"
1915,February,3,"['February 3rd, 1915', '03-02-1915', '03/02/1915']"
2053,November,13,"['2053/11/13', '2053-11-13', '13 Nov 2053']"
2014,December,7,"['07-12-2014', '12/07/2014', 'December 7th, 2014', '07 Dec 2014', '2014-12-07', '7th December, 2014', '2014/12/07']"
2084,September,4,['2084-09-04']
1958,July,11,"['11/07/1958', '11th July, 1958', '1958/07/11', '07/11/1958', '1958-07-11']"
1901,October,29,['10/29/1901']
2035,January,27,"['27 Jan 2035', '27th January, 2035']"
2016,January,14,['14 Jan 2016']
2036,September,24,"['24 Sep 2036', '24-09-2036', '09/24/2036', '24th September, 2036', '2036-09-24', '24/09/2036']"
2035,August,28,"['28th August, 2035', '2035-08-28', '2035/08/28', 'August 28th, 2035', '08/28/2035', '28/08/2035']"
1930,December,26,"['26th December, 1930', '1930-12-26', '26-12-1930', 'December 26th, 1930', '26 Dec 1930', '26/12/1930', '1930/12/26']"
2072,December,18,"['2072/12/18', '18 Dec 2072', '18-12-2072', '18/12/2072']"
2077,October,9,['09/10/2077']
1935,June,27,"['27/06/1935', '27-06-1935', '1935/06/27', '27th June, 1935']"
2021,June,27,"['June 27th, 2021', '27-06-2021', '27/06/2021', '27th June, 2021', '2021-06-27', '2021/06/27']"
2062,November,23,"['23-11-2062', '23/11/2062', '23 Nov 2062', '23rd November, 2062', '11/23/2062', '2062/11/23', '2062-11-23']"
1955,January,17,"['17 Jan 1955', '17/01/1955', '17-01-1955', 'January 17th, 1955']"
1968,February,2,"['1968/02/02', '02/02/1968', '1968-02-02']"
1931,August,31,"['1931/08/31', '1931-08-31', '31 Aug 1931']"
1921,June,12,"['06/12/1921', '12/06/1921', '12 Jun 1921', '1921-06-12', '1921/06/12']"
2012,September,9,"['September 9th, 2012', '09/09/2012', '2012/09/09', '09/09/2012', '9th September, 2012', '2012-09-09', '09 Sep 2012', '09-09-2012']"
2093,April,7,"['7th April, 2093', '07/04/2093', '07 Apr 2093']"
2087,September,1,"['01/09/2087', 'September 1st, 2087', '01-09-2087', '09/01/2087', '01 Sep 2087']"
2078,April,11,"['11th April, 2078', '2078/04/11', '04/11/2078']"
1945,June,16,"['16-06-1945', '1945/06/16', '16 Jun 1945']"
1904,November,15,"['November 15th, 1904', '11/15/1904']"
2098,October,8,"['08-10-2098', 'October 8th, 2098', '10/08/2098']"
2003,November,21,"['21-11-2003', '11/21/2003', '2003/11/21', '21/11/2003', '21 Nov 2003', '2003-11-21', '21st November, 2003']"
2048,December,25,"['December 25th, 2048']"
1975,July,16,"['1975/07/16', 'July 16th, 1975', '07/16/1975', '16-07-1975', '1975-07-16', '16/07/1975', '16 Jul 1975', '16th July, 1975']"
2054,July,18,"['18/07/2054', '18-07-2054', 'July 18th, 2054', '2054-07-18', '07/18/2054', '18th July, 2054', '2054/07/18']"
2091,December,26,"['2091-12-26', '12/26/2091', '26th December, 2091']"
2037,April,27,"['April 27th, 2037', '2037/04/27', '27th April, 2037', '27-04-2037', '27/04/2037']"
1942,July,26,"['26th July, 1942', '1942-07-26', 'July 26th, 1942']"
2006,November,11,"['11-11-2006', '11/11/2006', 'November 11th, 2006', '2006/11/11', '11/11/2006', '11 Nov 2006']"
2073,December,18,"['2073-12-18', '18/12/2073', '2073/12/18', '18th December, 2073', 'December 18th, 2073', '18 Dec 2073']"
2076,August,31,"['August 31st, 2076', '31/08/2076']"
2090,July,20,['2090/07/20']
2098,March,5,"['5th March, 2098', '05/03/2098', '2098-03-05', '05-03-2098', '03/05/2098', '2098/03/05']"
1944,May,8,"['1944-05-08', '8th May, 1944', '05/08/1944', '1944/05/08', 'May 8th, 1944']"
1985,July,7,"['07/07/1985', 'July 7th, 1985', '07/07/1985', '1985/07/07']"
1931,August,20,['20/08/1931']
1905,July,28,"['28-07-1905', '28th July, 1905', 'July 28th, 1905', '28/07/1905', '1905-07-28', '07/28/1905']"
2060,May,18,"['May 18th, 2060', '2060-05-18', '18/05/2060', '18-05-2060', '18th May, 2060', '18 May 2060', '2060/05/18']"
1922,June,25,"['25/06/1922', '1922-06-25']"
1936,September,10,['1936-09-10']
1953,November,17,"['17th November, 1953', '17-11-1953', '1953/11/17', '17/11/1953', 'November 17th, 1953', '11/17/1953', '17 Nov 1953', '1953-11-17']"
1926,January,1,"['January 1st, 1926', '01/01/1926']"
1914,January,29,"['1914-01-29', '29/01/1914', '29-01-1914', 'January 29th, 1914', '29 Jan 1914', '01/29/1914']"
2080,May,3,['03 May 2080']
1940,January,13,['1940/01/13']
1967,October,31,"['31 Oct 1967', '31-10-1967', '1967-10-31', 'October 31st, 1967', '1967/10/31']"
1945,October,27,"['1945/10/27', '1945-10-27', 'October 27th, 1945', '10/27/1945', '27 Oct 1945']"
1952,October,15,"['15/10/1952', '1952/10/15', '1952-10-15']"
2048,December,7,"['7th December, 2048']"
2064,March,14,"['14th March, 2064', 'March 14th, 2064', '2064-03-14', '2064/03/14', '14 Mar 2064', '14/03/2064', '14-03-2064', '03/14/2064']"
2033,May,31,"['2033/05/31', '31 May 2033', '05/31/2033', '2033-05-31']"
2008,May,23,"['23/05/2008', '05/23/2008', '23rd May, 2008', '2008-05-23', '23-05-2008', 'May 23rd, 2008', '2008/05/23']"
1919,October,11,"['11/10/1919', '10/11/1919', 'October 11th, 1919']"
1991,July,17,"['1991-07-17', '17-07-1991', '1991/07/17']"
2078,November,25,"['2078-11-25', '25/11/2078', 'November 25th, 2078', '25 Nov 2078', '2078/11/25']"
1913,April,12,"['12th April, 1913', '12/04/1913', 'April 12th, 1913', '12 Apr 1913', '12-04-1913', '1913-04-12']"
2089,November,18,"['2089/11/18', '18/11/2089', '18 Nov 2089', '11/18/2089', '18th November, 2089', '18-11-2089', 'November 18th, 2089']"
1928,November,23,"['November 23rd, 1928', '11/23/1928']"
2051,October,21,"['21 Oct 2051', '21-10-2051', '2051/10/21', '2051-10-21', 'October 21st, 2051', '21st October, 2051']"
1907,July,15,"['15/07/1907', '1907-07-15', '15th July, 1907', 'July 15th, 1907']"
2070,March,3,"['03 Mar 2070', '03/03/2070', '03/03/2070', '3rd March, 2070', '03-03-2070', '2070/03/03', '2070-03-03']"
2025,March,10,"['10-03-2025', '2025-03-10', '10 Mar 2025', '10th March, 2025', '10/03/2025', 'March 10th, 2025']"
2001,March,19,"['2001/03/19', 'March 19th, 2001', '19 Mar 2001']"
1961,May,16,"['16th May, 1961', '16/05/1961', '1961-05-16', '1961/05/16', '16 May 1961']"
1973,February,1,"['1973/02/01', '01-02-1973', '02/01/1973', '01 Feb 1973', '1st February, 1973', 'February 1st, 1973', '1973-02-01', '01/02/1973']"
1902,July,2,"['1902-07-02', '02/07/1902']"
1973,January,12,"['12th January, 1973', '1973-01-12', 'January 12th, 1973', '01/12/1973', '1973/01/12', '12/01/1973']"
2010,October,27,"['2010-10-27', '10/27/2010', '27 Oct 2010']"
1985,July,25,"['07/25/1985', '25th July, 1985', '25/07/1985', '1985-07-25', '1985/07/25']"
2062,March,10,"['03/10/2062', '2062/03/10']"
1985,July,1,"['July 1st, 1985', '07/01/1985', '1985-07-01', '1st July, 1985', '01/07/1985', '1985/07/01']"
2032,December,14,"['December 14th, 2032', '2032/12/14', '14 Dec 2032', '14th December, 2032', '2032-12-14']"
2074,November,14,"['14/11/2074', '14-11-2074', '14th November, 2074']"
1959,October,14,"['1959-10-14', '14/10/1959', '14th October, 1959', 'October 14th, 1959', '10/14/1959']"
1923,October,23,['23/10/1923']
1906,March,4,"['March 4th, 1906', '03/04/1906', '4th March, 1906', '04 Mar 1906', '04-03-1906', '1906/03/04', '04/03/1906']"
2067,February,15,"['15/02/2067', '2067/02/15', '15 Feb 2067', '2067-02-15', 'February 15th, 2067']"
2054,October,19,"['2054-10-19', '19 Oct 2054', '19th October, 2054', '19-10-2054', '2054/10/19', '19/10/2054', 'October 19th, 2054']"
2058,August,24,"['24/08/2058', '24th August, 2058', '2058/08/24']"
1924,July,16,"['16th July, 1924', '16-07-1924', 'July 16th, 1924', '1924/07/16', '16/07/1924', '07/16/1924', '16 Jul 1924', '1924-07-16']"
1988,September,8,"['09/08/1988', '08 Sep 1988', '08-09-1988', 'September 8th, 1988', '1988/09/08', '1988-09-08', '8th September, 1988']"
1939,April,11,"['1939-04-11', '11-04-1939', '11/04/1939']"
1998,August,14,"['14 Aug 1998', '08/14/1998', 'August 14th, 1998', '1998/08/14', '14-08-1998', '14/08/1998', '1998-08-14', '14th August, 1998']"
1981,October,3,"['03 Oct 1981', '10/03/1981', '03/10/1981', 'October 3rd, 1981', '03-10-1981', '1981-10-03', '1981/10/03', '3rd October, 1981']"
1965,January,27,"['27 Jan 1965', '27/01/1965', '1965-01-27', '01/27/1965', 'January 27th, 1965', '27-01-1965', '1965/01/27']"
1984,December,7,"['7th December, 1984', '1984/12/07', 'December 7th, 1984', '07/12/1984', '07 Dec 1984', '07-12-1984']"
2033,February,18,"['18th February, 2033', '2033/02/18', '18/02/2033']"
1989,October,10,"['10/10/1989', 'October 10th, 1989', '1989-10-10', '10/10/1989']"
2003,September,10,"['10/09/2003', '2003/09/10', '2003-09-10']"
2007,February,21,"['2007/02/21', '2007-02-21']"
2080,November,28,"['11/28/2080', '28th November, 2080', '28/11/2080', '2080-11-28', '28 Nov 2080', 'November 28th, 2080']"
2049,May,25,"['05/25/2049', '2049/05/25', '25 May 2049', '25th May, 2049', '25/05/2049', '2049-05-25']"
2013,April,5,"['2013-04-05', '05/04/2013', 'April 5th, 2013', '2013/04/05']"
2010,May,1,"['2010-05-01', '01/05/2010', '01 May 2010', 'May 1st, 2010', '01-05-2010', '1st May, 2010', '05/01/2010', '2010/05/01']"
1951,September,15,['15 Sep 1951']
1997,November,6,"['1997/11/06', '6th November, 1997', 'November 6th, 1997', '11/06/1997', '1997-11-06', '06 Nov 1997']"
2022,August,22,"['22/08/2022', '08/22/2022', '22-08-2022', '22nd August, 2022', '22 Aug 2022', '2022-08-22', 'August 22nd, 2022', '2022/08/22']"
1943,October,26,"['26-10-1943', '26 Oct 1943', '26/10/1943', '26th October, 1943', 'October 26th, 1943']"
2036,January,6,"['6th January, 2036', '2036-01-06', 'January 6th, 2036', '06/01/2036', '2036/01/06', '06-01-2036', '06 Jan 2036', '01/06/2036']"
1961,August,25,"['08/25/1961', '25th August, 1961', '25-08-1961']"
2003,May,26,"['2003/05/26', '26/05/2003', 'May 26th, 2003', '26 May 2003']"
2051,September,20,"['2051/09/20', '2051-09-20', '20 Sep 2051', '20-09-2051', '09/20/2051']"
1976,December,15,"['15/12/1976', '1976/12/15', '12/15/1976', '15th December, 1976', '1976-12-15']"
2004,August,29,"['2004/08/29', '08/29/2004', 'August 29th, 2004', '29/08/2004', '29-08-2004', '2004-08-29', '29 Aug 2004']"
1998,February,4,"['1998-02-04', '02/04/1998', '04 Feb 1998', 'February 4th, 1998', '04/02/1998', '4th February, 1998', '1998/02/04', '04-02-1998']"
1909,December,19,"['1909-12-19', '19 Dec 1909', '1909/12/19', '12/19/1909', '19th December, 1909', '19-12-1909', 'December 19th, 1909']"
2089,December,3,"['3rd December, 2089', '03-12-2089']"
2090,August,7,"['08/07/2090', '07/08/2090', '2090-08-07', '07 Aug 2090', '07-08-2090', '2090/08/07', '7th August, 2090']"
1942,June,7,"['7th June, 1942', '07 Jun 1942', '1942/06/07']"
2026,July,6,"['07/06/2026', '06-07-2026', 'July 6th, 2026', '06/07/2026', '2026/07/06', '06 Jul 2026']"
2049,August,23,"['2049-08-23', '08/23/2049']"
1988,September,24,"['September 24th, 1988', '1988/09/24', '24/09/1988', '24th September, 1988', '09/24/1988']"
2017,April,25,"['04/25/2017', '25 Apr 2017', 'April 25th, 2017', '25/04/2017', '25th April, 2017', '25-04-2017', '2017-04-25']"
1945,February,11,"['11th February, 1945', 'February 11th, 1945', '1945/02/11', '11-02-1945', '02/11/1945']"
2016,June,8,"['June 8th, 2016', '2016-06-08', '2016/06/08', '8th June, 2016', '08 Jun 2016', '08-06-2016', '08/06/2016', '06/08/2016']"
2054,May,20,"['20 May 2054', '2054-05-20', '05/20/2054', '20-05-2054', '20th May, 2054', '2054/05/20', 'May 20th, 2054']"
1934,May,30,"['30 May 1934', '30-05-1934', 'May 30th, 1934', '05/30/1934', '30/05/1934', '1934-05-30', '30th May, 1934']"
1987,November,28,"['28th November, 1987', '11/28/1987']"
2025,September,2,"['02-09-2025', 'September 2nd, 2025', '2nd September, 2025', '02 Sep 2025']"
1989,June,2,"['02-06-1989', '02 Jun 1989', '1989-06-02', '06/02/1989', '1989/06/02']"
1917,February,7,"['07/02/1917', '1917/02/07', 'February 7th, 1917']"
1902,August,12,"['08/12/1902', '1902-08-12', '1902/08/12', '12-08-1902', '12 Aug 1902', 'August 12th, 1902']"
2076,October,17,['17-10-2076']
1980,May,25,"['25th May, 1980', '1980/05/25', '25 May 1980', '05/25/1980', '25/05/1980', '25-05-1980', '1980-05-25']"
1957,February,15,"['15th February, 1957']"
1907,October,26,"['26th October, 1907', '26 Oct 1907', '10/26/1907', 'October 26th, 1907', '26/10/1907', '26-10-1907']"
2001,April,30,"['2001-04-30', '04/30/2001']"
2084,January,11,"['2084-01-11', '11th January, 2084', '11-01-2084', 'January 11th, 2084', '2084/01/11']"
1941,August,14,['14-08-1941']
2033,April,2,"['2033/04/02', '02 Apr 2033', '2033-04-02', '02-04-2033', '04/02/2033', '2nd April, 2033', '02/04/2033', 'April 2nd, 2033']"
2081,March,27,"['27/03/2081', '27 Mar 2081', '2081/03/27', '2081-03-27', '27-03-2081', 'March 27th, 2081', '03/27/2081']"
1967,September,7,"['07/09/1967', 'September 7th, 1967', '1967-09-07', '7th September, 1967', '09/07/1967', '07-09-1967', '1967/09/07', '07 Sep 1967']"
1985,September,1,['09/01/1985']
1964,August,18,"['August 18th, 1964', '18th August, 1964', '1964/08/18']"
2089,August,13,"['2089/08/13', '13 Aug 2089', '2089-08-13', '08/13/2089', 'August 13th, 2089']"
2099,August,26,"['26-08-2099', '26th August, 2099', '2099-08-26', '08/26/2099', '26 Aug 2099', '26/08/2099', 'August 26th, 2099']"
2057,March,4,"['03/04/2057', '4th March, 2057']"
1936,January,10,['1936/01/10']
2040,November,13,"['13 Nov 2040', '2040/11/13', '13-11-2040', '13/11/2040']"
2051,October,15,"['15th October, 2051', '15 Oct 2051', '10/15/2051']"
2047,April,15,"['April 15th, 2047', '15 Apr 2047']"
2093,January,9,"['09/01/2093', '01/09/2093', '9th January, 2093', '2093/01/09', '09 Jan 2093']"
2083,October,11,"['2083/10/11', '2083-10-11', '11th October, 2083', '11-10-2083', '11/10/2083', 'October 11th, 2083', '11 Oct 2083', '10/11/2083']"
1951,July,2,"['2nd July, 1951', '02/07/1951', '02-07-1951', '07/02/1951', '02 Jul 1951', '1951-07-02', '1951/07/02']"
2073,November,14,"['14-11-2073', 'November 14th, 2073', '14/11/2073', '14 Nov 2073', '2073-11-14', '2073/11/14', '11/14/2073']"
2086,September,29,['09/29/2086']
2082,March,7,"['07 Mar 2082', '2082-03-07', '07-03-2082', '03/07/2082', '2082/03/07', '7th March, 2082']"
2003,April,8,"['April 8th, 2003', '2003-04-08', '08 Apr 2003', '04/08/2003', '08/04/2003', '2003/04/08', '08-04-2003', '8th April, 2003']"
1976,May,8,"['08/05/1976', '8th May, 1976', '05/08/1976', '1976-05-08', '08-05-1976', '08 May 1976', 'May 8th, 1976']"
2008,July,4,"['2008/07/04', '04/07/2008']"
2070,April,23,"['April 23rd, 2070', '2070/04/23', '23-04-2070']"
1907,August,1,"['August 1st, 1907', '01 Aug 1907', '01-08-1907', '01/08/1907', '1907-08-01', '1st August, 1907', '1907/08/01', '08/01/1907']"
2098,July,27,"['27/07/2098', '27th July, 2098', '2098-07-27', '07/27/2098']"
2010,July,21,"['July 21st, 2010', '2010/07/21', '07/21/2010', '21/07/2010']"
2062,February,9,"['2062-02-09', '2062/02/09']"
2020,July,27,"['2020-07-27', '27-07-2020', '27/07/2020', '27th July, 2020']"
2066,February,10,['10/02/2066']
1924,February,2,"['02/02/1924', '1924-02-02', '02/02/1924']"
1968,December,31,"['31 Dec 1968', '12/31/1968', '1968/12/31', '31-12-1968', '31/12/1968']"
2051,January,9,"['01/09/2051', '2051/01/09', '09 Jan 2051', '09/01/2051', '09-01-2051', 'January 9th, 2051']"
1918,April,19,"['April 19th, 1918', '19th April, 1918', '1918-04-19', '19 Apr 1918', '04/19/1918', '19-04-1918', '1918/04/19', '19/04/1918']"
1933,May,11,"['1933-05-11', 'May 11th, 1933', '11 May 1933']"
2056,October,20,"['2056-10-20', '20 Oct 2056', '20/10/2056']"
1956,November,7,"['07 Nov 1956', 'November 7th, 1956', '1956-11-07', '11/07/1956', '07/11/1956', '1956/11/07']"
2023,August,2,"['2023-08-02', '02 Aug 2023', 'August 2nd, 2023', '08/02/2023', '02-08-2023', '2nd August, 2023', '2023/08/02', '02/08/2023']"
1992,May,29,"['29/05/1992', '29 May 1992', '29-05-1992', '29th May, 1992', '05/29/1992']"
1919,May,23,"['23-05-1919', '05/23/1919', '1919/05/23']"
2014,August,23,"['2014-08-23', '08/23/2014', '23 Aug 2014', '23/08/2014', 'August 23rd, 2014']"
2086,December,6,"['December 6th, 2086', '06 Dec 2086', '12/06/2086', '2086-12-06', '2086/12/06', '06-12-2086', '06/12/2086']"
2028,March,17,['17/03/2028']
2092,February,11,"['11-02-2092', '02/11/2092', '2092-02-11', '2092/02/11']"
2001,February,21,"['21-02-2001', '21/02/2001', '2001/02/21', '21st February, 2001', '02/21/2001', 'February 21st, 2001', '21 Feb 2001', '2001-02-21']"
1910,August,9,"['09/08/1910', '09 Aug 1910', '1910/08/09', '09-08-1910', '08/09/1910', 'August 9th, 1910', '1910-08-09']"
2004,April,25,['25 Apr 2004']
1907,July,28,"['28/07/1907', '07/28/1907', '1907/07/28', '1907-07-28', '28 Jul 1907', '28-07-1907', '28th July, 1907', 'July 28th, 1907']"
1930,September,18,"['1930/09/18', '18 Sep 1930']"
2040,December,4,"['04 Dec 2040', '2040-12-04', '04-12-2040', '04/12/2040', '2040/12/04', '12/04/2040', '4th December, 2040', 'December 4th, 2040']"
2019,March,12,"['March 12th, 2019', '12 Mar 2019']"
2056,February,25,['25-02-2056']
2004,November,1,"['01-11-2004', '1st November, 2004', '01/11/2004', '11/01/2004', '2004/11/01', '2004-11-01', '01 Nov 2004']"
1913,January,17,['1913-01-17']
1990,March,7,"['1990/03/07', '03/07/1990', 'March 7th, 1990', '1990-03-07', '07-03-1990', '07 Mar 1990', '7th March, 1990', '07/03/1990']"
1944,July,31,"['July 31st, 1944']"
2095,August,27,"['27-08-2095', '27/08/2095']"
2059,December,23,"['23 Dec 2059', '2059-12-23']"
1967,July,19,"['July 19th, 1967', '19/07/1967', '07/19/1967', '19 Jul 1967', '1967-07-19', '19-07-1967']"
1927,September,29,"['1927/09/29', '09/29/1927', '29/09/1927', 'September 29th, 1927', '29th September, 1927']"
2017,May,17,"['17-05-2017', 'May 17th, 2017', '17th May, 2017', '17 May 2017', '05/17/2017', '2017/05/17', '2017-05-17']"
2075,July,26,"['July 26th, 2075', '2075-07-26', '26/07/2075', '26-07-2075']"
2056,July,14,"['14-07-2056', '14/07/2056', '14 Jul 2056']"
1909,December,3,"['03-12-1909', '12/03/1909']"
1902,October,15,"['15th October, 1902', '15 Oct 1902', '15/10/1902', '1902/10/15', '10/15/1902', 'October 15th, 1902', '15-10-1902', '1902-10-15']"
2052,May,20,"['20/05/2052', '2052/05/20', 'May 20th, 2052', '20th May, 2052', '20 May 2052', '05/20/2052']"
1989,February,25,"['02/25/1989', '1989-02-25', '25 Feb 1989', '25-02-1989']"
1919,January,23,"['January 23rd, 1919', '1919/01/23', '23rd January, 1919', '1919-01-23', '01/23/1919', '23-01-1919', '23/01/1919']"
2018,November,26,"['2018-11-26', '26th November, 2018', '26-11-2018']"
1983,July,10,"['10 Jul 1983', '1983/07/10', 'July 10th, 1983', '10/07/1983', '10-07-1983']"
1987,April,27,"['27th April, 1987', '27-04-1987', '1987-04-27', '27 Apr 1987', '27/04/1987', '04/27/1987', '1987/04/27', 'April 27th, 1987']"
2076,March,12,['12-03-2076']
2037,June,12,"['June 12th, 2037']"
2039,June,10,['06/10/2039']
1900,October,19,"['1900-10-19', '1900/10/19', '10/19/1900', 'October 19th, 1900', '19th October, 1900', '19 Oct 1900']"
2057,January,8,"['2057/01/08', '01/08/2057', 'January 8th, 2057', '2057-01-08']"
2014,January,14,"['14 Jan 2014', '14th January, 2014', '2014-01-14', '2014/01/14']"
2013,October,2,"['October 2nd, 2013']"
2094,June,16,"['16-06-2094', '2094-06-16']"
2007,July,8,"['08-07-2007', '08/07/2007', 'July 8th, 2007', '8th July, 2007', '2007-07-08', '08 Jul 2007']"
1955,November,26,"['November 26th, 1955', '1955-11-26', '26 Nov 1955']"
1982,October,23,"['23-10-1982', '23rd October, 1982', 'October 23rd, 1982', '23 Oct 1982', '1982/10/23', '10/23/1982']"
2046,April,26,"['2046/04/26', '04/26/2046']"
2071,June,30,"['30 Jun 2071', 'June 30th, 2071', '2071/06/30', '30-06-2071', '30/06/2071', '30th June, 2071', '06/30/2071']"
2093,July,29,['29 Jul 2093']
1985,June,17,"['1985/06/17', '17/06/1985']"
1989,August,12,['12/08/1989']
2007,March,28,"['28 Mar 2007', '28-03-2007', '03/28/2007', '2007-03-28', '2007/03/28']"
1970,May,21,['21/05/1970']
1977,December,11,"['11th December, 1977', 'December 11th, 1977', '11 Dec 1977', '1977-12-11', '11/12/1977']"
2081,April,9,"['2081-04-09', '09-04-2081', '2081/04/09', 'April 9th, 2081', '09/04/2081', '09 Apr 2081']"
1958,September,24,"['24th September, 1958', 'September 24th, 1958', '24-09-1958', '09/24/1958', '1958-09-24']"
2075,June,10,"['June 10th, 2075']"
1968,January,17,"['1968/01/17', 'January 17th, 1968', '17 Jan 1968', '17th January, 1968', '1968-01-17']"
1943,September,3,"['1943-09-03', '03 Sep 1943', '09/03/1943', '03/09/1943', '03-09-1943', 'September 3rd, 1943', '1943/09/03']"
2035,June,6,"['6th June, 2035', '06/06/2035', '2035/06/06', '2035-06-06', '06/06/2035', 'June 6th, 2035']"
2037,October,24,['24/10/2037']
1903,October,13,"['13/10/1903', '13 Oct 1903', '13th October, 1903', '1903-10-13', '10/13/1903', 'October 13th, 1903', '1903/10/13', '13-10-1903']"
2030,April,21,"['04/21/2030', '21st April, 2030', '21-04-2030', '21 Apr 2030', '21/04/2030', '2030-04-21']"
1965,July,2,"['1965/07/02', '02-07-1965', '07/02/1965', '02 Jul 1965', '02/07/1965', 'July 2nd, 1965']"
2043,October,7,"['October 7th, 2043', '07-10-2043', '07/10/2043', '7th October, 2043']"
1989,October,14,"['14th October, 1989', '1989-10-14', '14-10-1989', '10/14/1989', '14/10/1989', 'October 14th, 1989', '14 Oct 1989']"
1971,December,27,"['12/27/1971', 'December 27th, 1971', '1971-12-27', '27/12/1971', '27th December, 1971', '27 Dec 1971', '27-12-1971', '1971/12/27']"
1949,November,30,"['November 30th, 1949']"
2081,April,10,"['April 10th, 2081', '10 Apr 2081']"
1964,June,23,"['23/06/1964', '23-06-1964', '1964-06-23', '06/23/1964', '23 Jun 1964', '1964/06/23', 'June 23rd, 1964']"
1980,April,16,"['16/04/1980', '16-04-1980', 'April 16th, 1980', '1980/04/16', '1980-04-16']"
1967,March,23,"['March 23rd, 1967', '23-03-1967', '23 Mar 1967', '1967/03/23', '23rd March, 1967']"
1942,July,8,"['08 Jul 1942', '08-07-1942', '1942/07/08', '07/08/1942', '08/07/1942', 'July 8th, 1942', '1942-07-08']"
1959,December,7,"['December 7th, 1959', '12/07/1959', '07/12/1959', '7th December, 1959', '1959-12-07', '07 Dec 1959', '07-12-1959']"
2001,February,26,"['26/02/2001', '2001-02-26', '2001/02/26', '26 Feb 2001', 'February 26th, 2001']"
1933,August,23,['1933-08-23']
2047,January,12,"['12-01-2047', 'January 12th, 2047', '12th January, 2047']"
2054,October,28,"['28-10-2054', '2054-10-28', '28th October, 2054', '28 Oct 2054', '10/28/2054', '28/10/2054']"
1959,September,28,"['28th September, 1959', 'September 28th, 1959', '28 Sep 1959', '09/28/1959']"
1963,April,11,"['1963/04/11', '1963-04-11', '11th April, 1963', '11-04-1963', '11/04/1963', '11 Apr 1963', '04/11/1963', 'April 11th, 1963']"
2060,May,26,"['May 26th, 2060', '05/26/2060']"
1960,January,23,"['01/23/1960', 'January 23rd, 1960', '23 Jan 1960', '23/01/1960', '1960/01/23', '23rd January, 1960', '1960-01-23', '23-01-1960']"
1988,July,15,"['15/07/1988', '1988-07-15']"
2047,December,15,['15-12-2047']
1976,December,11,"['11 Dec 1976', '1976/12/11', '12/11/1976', '11/12/1976', 'December 11th, 1976', '11th December, 1976']"
2073,August,2,"['02 Aug 2073', '08/02/2073', 'August 2nd, 2073', '02-08-2073', '2nd August, 2073', '2073-08-02']"
2086,January,20,"['20 Jan 2086', '2086-01-20', '01/20/2086', '20-01-2086', '20/01/2086', 'January 20th, 2086', '2086/01/20']"
1923,September,5,"['05/09/1923', '09/05/1923', '05-09-1923', '05 Sep 1923', '5th September, 1923', 'September 5th, 1923']"
1909,April,20,"['04/20/1909', '1909/04/20']"
2066,January,25,"['25-01-2066', '01/25/2066', '25th January, 2066', '2066/01/25', '25 Jan 2066', '25/01/2066', '2066-01-25', 'January 25th, 2066']"
1950,March,12,"['1950-03-12', '1950/03/12']"
1916,August,27,['27-08-1916']
1982,May,21,"['21/05/1982', '21 May 1982', '05/21/1982', 'May 21st, 1982']"
1910,May,15,"['15 May 1910', '15-05-1910', '15th May, 1910', '15/05/1910', '1910-05-15', '05/15/1910']"
1926,November,9,"['1926/11/09', '09-11-1926', 'November 9th, 1926', '9th November, 1926', '11/09/1926', '09/11/1926']"
1911,May,29,"['1911-05-29', '29 May 1911', '29th May, 1911', '29-05-1911', '29/05/1911', '1911/05/29', '05/29/1911']"
2013,June,9,"['June 9th, 2013', '9th June, 2013']"
1933,January,29,"['29/01/1933', '29 Jan 1933', '1933/01/29', '01/29/1933', '29-01-1933', '29th January, 1933', 'January 29th, 1933', '1933-01-29']"
1925,July,8,"['08-07-1925', '08 Jul 1925']"
1959,February,6,['06 Feb 1959']
1903,June,21,"['21 Jun 1903', '06/21/1903', '21/06/1903', '21-06-1903', '1903/06/21']"
1989,December,17,"['December 17th, 1989']"
2003,October,1,"['1st October, 2003', '01 Oct 2003', '2003-10-01', '01/10/2003', '01-10-2003', 'October 1st, 2003', '10/01/2003', '2003/10/01']"
2025,August,12,"['12/08/2025', '12-08-2025', '2025-08-12', '2025/08/12', '12 Aug 2025', '12th August, 2025', '08/12/2025']"
1932,February,3,"['1932-02-03', '02/03/1932', 'February 3rd, 1932', '1932/02/03', '03 Feb 1932', '03-02-1932', '03/02/1932', '3rd February, 1932']"
1998,August,8,"['08/08/1998', 'August 8th, 1998', '08/08/1998', '1998-08-08']"
2025,June,11,"['June 11th, 2025', '11 Jun 2025', '06/11/2025', '2025/06/11', '2025-06-11', '11/06/2025', '11th June, 2025', '11-06-2025']"
2092,May,14,['2092/05/14']
1961,February,24,"['24-02-1961', '1961-02-24', '24/02/1961', '1961/02/24', 'February 24th, 1961', '24th February, 1961']"
1919,June,17,"['17th June, 1919', 'June 17th, 1919', '17-06-1919']"
1930,August,12,"['12th August, 1930', '08/12/1930']"
1928,July,23,"['23rd July, 1928', 'July 23rd, 1928', '23/07/1928', '23 Jul 1928', '23-07-1928', '1928/07/23', '1928-07-23']"
1979,September,3,"['03-09-1979', 'September 3rd, 1979', '1979-09-03', '09/03/1979', '03 Sep 1979', '3rd September, 1979', '1979/09/03']"
2068,July,4,"['04-07-2068', '2068/07/04', '04 Jul 2068', '2068-07-04', 'July 4th, 2068', '07/04/2068']"
2009,March,11,"['03/11/2009', '11 Mar 2009', '2009-03-11', '11-03-2009', '2009/03/11', '11th March, 2009']"
2066,September,25,"['2066-09-25', '25-09-2066', '25/09/2066']"
1989,May,16,"['16/05/1989', '16th May, 1989', 'May 16th, 1989', '16 May 1989', '05/16/1989', '1989-05-16', '1989/05/16', '16-05-1989']"
2047,January,13,"['13-01-2047', 'January 13th, 2047', '13 Jan 2047', '01/13/2047', '2047/01/13', '13/01/2047', '13th January, 2047', '2047-01-13']"
1990,July,18,['07/18/1990']
2088,May,19,"['19th May, 2088', '2088/05/19', 'May 19th, 2088', '19-05-2088', '2088-05-19']"
1998,March,21,"['March 21st, 1998']"
1972,November,21,"['11/21/1972', '1972/11/21', '1972-11-21', '21st November, 1972', '21/11/1972', '21 Nov 1972', '21-11-1972']"
1995,October,17,"['17-10-1995', '1995/10/17', '17th October, 1995', '1995-10-17', '17/10/1995', 'October 17th, 1995', '17 Oct 1995', '10/17/1995']"
1927,May,30,"['1927-05-30', '30-05-1927', '1927/05/30', '05/30/1927', '30 May 1927', '30/05/1927']"
1993,December,29,"['12/29/1993', '1993-12-29', '1993/12/29', '29-12-1993', '29/12/1993', '29 Dec 1993', 'December 29th, 1993']"
2084,January,30,"['30 Jan 2084', '30th January, 2084', '01/30/2084', '30-01-2084', '2084-01-30']"
1900,September,23,"['09/23/1900', '1900-09-23', '23/09/1900']"
1981,January,29,"['29-01-1981', '01/29/1981', '1981/01/29']"
2098,September,25,"['September 25th, 2098']"
2001,January,5,['2001/01/05']
2079,December,5,"['2079/12/05', '2079-12-05']"
2038,July,21,"['2038-07-21', '21-07-2038', '21/07/2038', 'July 21st, 2038', '21st July, 2038', '2038/07/21']"
2079,August,15,"['August 15th, 2079', '15-08-2079', '15 Aug 2079', '08/15/2079']"
1967,September,16,"['1967/09/16', '16/09/1967', '09/16/1967', '16th September, 1967', '16 Sep 1967', 'September 16th, 1967']"
1952,October,29,"['29/10/1952', '29th October, 1952', '29-10-1952', '29 Oct 1952', '10/29/1952', '1952/10/29', 'October 29th, 1952']"
1921,December,26,"['26-12-1921', '1921/12/26']"
2082,October,23,"['2082/10/23', '23-10-2082', '23 Oct 2082', 'October 23rd, 2082', '23/10/2082']"
2040,September,15,"['September 15th, 2040', '09/15/2040', '15th September, 2040']"
2037,April,22,['22/04/2037']
2050,July,1,"['2050-07-01', '01 Jul 2050']"
2023,January,26,"['26/01/2023', '26-01-2023', '26 Jan 2023', '2023/01/26', 'January 26th, 2023', '26th January, 2023', '01/26/2023', '2023-01-26']"
1982,November,4,"['4th November, 1982', 'November 4th, 1982', '11/04/1982', '04/11/1982', '04 Nov 1982']"
2088,November,24,"['2088-11-24', '24/11/2088', 'November 24th, 2088', '24-11-2088']"
1901,December,26,"['26th December, 1901', '26 Dec 1901', '26-12-1901', '26/12/1901', '12/26/1901', '1901/12/26', '1901-12-26']"
1979,October,31,"['1979/10/31', '31st October, 1979', '10/31/1979']"
2016,April,3,"['03-04-2016', '03 Apr 2016', '3rd April, 2016', '2016-04-03', '2016/04/03', '04/03/2016', '03/04/2016', 'April 3rd, 2016']"
1950,January,10,"['10th January, 1950', 'January 10th, 1950', '10 Jan 1950', '1950-01-10', '1950/01/10', '10/01/1950']"
2004,July,1,"['1st July, 2004', '01 Jul 2004', '2004-07-01', 'July 1st, 2004', '07/01/2004']"
2019,March,28,"['2019/03/28', '2019-03-28', '03/28/2019', 'March 28th, 2019', '28th March, 2019', '28 Mar 2019', '28/03/2019']"
2039,January,29,"['29/01/2039', '2039-01-29', '29 Jan 2039', '01/29/2039']"
2074,June,26,"['06/26/2074', '26-06-2074']"
1947,January,2,"['02 Jan 1947', 'January 2nd, 1947', '1947-01-02', '02-01-1947', '2nd January, 1947']"
2019,February,28,"['2019/02/28', '2019-02-28', '28/02/2019', 'February 28th, 2019', '28 Feb 2019', '02/28/2019']"
1981,April,22,"['22/04/1981', '1981-04-22']"
1951,March,21,"['21 Mar 1951', '1951/03/21']"
2050,May,21,"['21-05-2050', '21st May, 2050', 'May 21st, 2050', '05/21/2050', '2050-05-21']"
2048,March,13,"['March 13th, 2048', '03/13/2048']"
1951,February,4,"['February 4th, 1951', '1951/02/04', '1951-02-04', '04-02-1951', '4th February, 1951', '04 Feb 1951', '02/04/1951']"
1915,July,21,"['21/07/1915', '1915/07/21', '21 Jul 1915', '07/21/1915', '1915-07-21', '21-07-1915', 'July 21st, 1915', '21st July, 1915']"
1963,September,18,"['1963-09-18', '1963/09/18', '18-09-1963']"
2066,December,6,"['06/12/2066', '06 Dec 2066', '12/06/2066', '2066/12/06', 'December 6th, 2066', '2066-12-06', '6th December, 2066', '06-12-2066']"
1981,January,8,"['01/08/1981', '8th January, 1981']"
1973,October,16,"['16/10/1973', '16-10-1973', '1973-10-16', '1973/10/16', '16 Oct 1973']"
1935,November,22,"['22/11/1935', '22 Nov 1935', '1935-11-22', '22-11-1935', '1935/11/22']"
2083,November,18,['18/11/2083']
2028,July,7,"['July 7th, 2028', '2028/07/07']"
2081,September,21,"['2081/09/21', 'September 21st, 2081', '21 Sep 2081', '09/21/2081', '21-09-2081', '21/09/2081', '2081-09-21', '21st September, 2081']"
2012,August,16,"['08/16/2012', 'August 16th, 2012', '16/08/2012', '16th August, 2012', '2012-08-16', '16 Aug 2012', '16-08-2012']"
2020,April,9,"['9th April, 2020', '09/04/2020']"
2065,July,2,"['July 2nd, 2065', '07/02/2065', '2065-07-02', '2nd July, 2065', '02 Jul 2065', '02/07/2065', '02-07-2065', '2065/07/02']"
2011,January,14,"['2011/01/14', '14 Jan 2011', '01/14/2011']"
1958,December,15,['1958/12/15']
1902,October,18,"['18-10-1902', '1902/10/18', '18 Oct 1902', '1902-10-18', '18th October, 1902']"
1926,February,16,"['16th February, 1926', '1926-02-16', '02/16/1926']"
2084,June,19,"['06/19/2084', '19 Jun 2084', '19th June, 2084', 'June 19th, 2084', '2084-06-19', '2084/06/19', '19-06-2084']"
1983,April,18,['1983-04-18']
2073,June,18,"['18/06/2073', 'June 18th, 2073', '18-06-2073']"
2041,October,16,"['2041/10/16', '16-10-2041', '16/10/2041', '10/16/2041']"
1911,August,24,"['August 24th, 1911', '24 Aug 1911', '24-08-1911', '1911-08-24', '24/08/1911', '24th August, 1911']"
1986,September,2,"['09/02/1986', '02-09-1986', '1986/09/02']"
1940,July,30,"['30th July, 1940', '07/30/1940', 'July 30th, 1940', '30/07/1940', '1940/07/30']"
1934,May,28,"['May 28th, 1934', '28-05-1934', '28/05/1934']"
1959,July,27,"['July 27th, 1959', '27 Jul 1959', '27-07-1959', '1959/07/27', '27/07/1959', '27th July, 1959', '1959-07-27', '07/27/1959']"
1904,August,2,"['1904/08/02', '02/08/1904', '2nd August, 1904', '1904-08-02', '02-08-1904', '02 Aug 1904', '08/02/1904']"
2056,September,29,"['29-09-2056', 'September 29th, 2056', '2056-09-29']"
2072,November,3,"['03-11-2072', 'November 3rd, 2072', '3rd November, 2072', '2072/11/03', '11/03/2072']"
2026,May,30,"['2026/05/30', '30/05/2026', '2026-05-30']"
1948,October,19,"['1948-10-19', '19/10/1948', '19-10-1948', '1948/10/19', '19th October, 1948']"
1991,November,22,"['1991-11-22', '22/11/1991', '22-11-1991', 'November 22nd, 1991', '22 Nov 1991', '1991/11/22', '11/22/1991', '22nd November, 1991']"
2027,November,2,"['2027-11-02', '02 Nov 2027', '2nd November, 2027', '02-11-2027', '2027/11/02', '11/02/2027', '02/11/2027', 'November 2nd, 2027']"
2080,January,4,"['01/04/2080', '04 Jan 2080', '2080-01-04', '04/01/2080', 'January 4th, 2080', '2080/01/04', '04-01-2080']"
1914,December,27,['27/12/1914']
1951,August,2,"['1951-08-02', '1951/08/02', '02-08-1951', 'August 2nd, 1951', '02/08/1951', '2nd August, 1951', '02 Aug 1951']"
1909,January,6,"['1909-01-06', 'January 6th, 1909', '06-01-1909', '1909/01/06', '06 Jan 1909', '01/06/1909']"
1944,November,4,"['1944/11/04', '4th November, 1944', '04 Nov 1944', 'November 4th, 1944', '11/04/1944', '1944-11-04', '04/11/1944', '04-11-1944']"
2043,November,28,"['28 Nov 2043', '2043/11/28', '11/28/2043', '2043-11-28', '28-11-2043', 'November 28th, 2043', '28/11/2043', '28th November, 2043']"
1965,November,27,"['11/27/1965', '27-11-1965']"
1942,August,29,"['29/08/1942', '29 Aug 1942', '08/29/1942', '1942/08/29', 'August 29th, 1942', '29th August, 1942', '29-08-1942', '1942-08-29']"
2033,January,11,"['11 Jan 2033', 'January 11th, 2033', '11th January, 2033', '01/11/2033', '2033-01-11', '2033/01/11', '11-01-2033']"
2068,January,7,"['7th January, 2068']"
2091,December,24,"['24 Dec 2091', '24-12-2091', '2091/12/24', '2091-12-24', 'December 24th, 2091', '24th December, 2091']"
2024,October,2,"['October 2nd, 2024', '02 Oct 2024', '02-10-2024', '10/02/2024', '02/10/2024', '2024/10/02', '2nd October, 2024', '2024-10-02']"
2091,May,21,"['21-05-2091', '05/21/2091', 'May 21st, 2091', '2091-05-21', '21/05/2091', '21st May, 2091']"
2049,April,29,"['04/29/2049', '29th April, 2049', 'April 29th, 2049']"
2094,April,19,"['04/19/2094', '2094/04/19', '19 Apr 2094', 'April 19th, 2094', '19-04-2094', '2094-04-19', '19th April, 2094', '19/04/2094']"
1969,October,14,"['14 Oct 1969', '1969/10/14', '10/14/1969', '1969-10-14']"
1929,October,14,"['1929-10-14', 'October 14th, 1929', '14 Oct 1929', '14/10/1929', '14th October, 1929']"
1926,June,19,"['1926/06/19', '19 Jun 1926', '19-06-1926', '1926-06-19', '06/19/1926', '19th June, 1926', 'June 19th, 1926']"
1916,December,6,"['12/06/1916', '1916-12-06', '06 Dec 1916', '1916/12/06', '06/12/1916']"
1971,March,26,"['03/26/1971', 'March 26th, 1971', '1971/03/26', '26 Mar 1971', '26/03/1971']"
2002,August,21,"['21/08/2002', '2002/08/21']"
1980,March,14,"['14-03-1980', 'March 14th, 1980', '14th March, 1980', '1980/03/14', '03/14/1980', '1980-03-14', '14/03/1980', '14 Mar 1980']"
1996,July,16,"['16th July, 1996', '1996-07-16', '16 Jul 1996', '1996/07/16', 'July 16th, 1996']"
2021,October,19,['19 Oct 2021']
2016,August,25,"['08/25/2016', '25th August, 2016']"
2091,February,7,"['07-02-2091', '07 Feb 2091', '7th February, 2091', '2091-02-07', 'February 7th, 2091', '02/07/2091']"
2066,November,9,"['09/11/2066', '11/09/2066', '09 Nov 2066']"
1951,September,14,"['14th September, 1951', '1951/09/14', '14/09/1951', 'September 14th, 1951']"
1920,December,13,"['13 Dec 1920', 'December 13th, 1920']"
2059,March,28,"['28/03/2059', '03/28/2059']"
1907,December,11,['1907/12/11']
1901,December,30,"['December 30th, 1901']"
1924,December,23,['1924/12/23']
2013,November,22,"['2013/11/22', '22nd November, 2013', 'November 22nd, 2013']"
2086,September,14,"['September 14th, 2086', '2086-09-14', '14-09-2086', '09/14/2086']"
2078,April,16,"['16-04-2078', '2078/04/16', '16/04/2078', '2078-04-16']"
1951,July,11,"['11/07/1951', '11th July, 1951', '1951/07/11', 'July 11th, 1951']"
2012,March,13,"['03/13/2012', '13-03-2012', '2012/03/13', 'March 13th, 2012', '13/03/2012']"
2096,April,7,"['07 Apr 2096', '07/04/2096', '7th April, 2096', '2096/04/07', '07-04-2096', 'April 7th, 2096', '04/07/2096', '2096-04-07']"
1910,October,24,"['24-10-1910', '1910-10-24', '24th October, 1910', '24/10/1910', 'October 24th, 1910', '1910/10/24', '24 Oct 1910', '10/24/1910']"
1992,November,24,['24 Nov 1992']
2040,September,7,"['07/09/2040', '07-09-2040', '2040-09-07', 'September 7th, 2040', '7th September, 2040', '07 Sep 2040']"
2022,January,2,"['2022-01-02', '01/02/2022', '02-01-2022', '2022/01/02', '02 Jan 2022', 'January 2nd, 2022', '2nd January, 2022', '02/01/2022']"
1967,January,5,"['05/01/1967', 'January 5th, 1967', '01/05/1967', '5th January, 1967', '1967-01-05']"
2090,February,28,['2090-02-28']
1915,November,3,"['03-11-1915', '1915/11/03', '11/03/1915', 'November 3rd, 1915', '3rd November, 1915', '03/11/1915', '03 Nov 1915', '1915-11-03']"
1939,May,22,"['22-05-1939', '1939/05/22', '22 May 1939']"
2066,September,7,"['September 7th, 2066', '09/07/2066', '7th September, 2066', '07/09/2066', '2066/09/07', '07 Sep 2066', '2066-09-07']"
2034,November,8,"['2034-11-08', 'November 8th, 2034', '08 Nov 2034', '8th November, 2034', '08-11-2034', '08/11/2034', '11/08/2034', '2034/11/08']"
2035,March,6,"['06 Mar 2035', '06/03/2035', 'March 6th, 2035', '06-03-2035', '03/06/2035', '2035-03-06', '6th March, 2035', '2035/03/06']"
2078,September,6,"['09/06/2078', '2078/09/06', 'September 6th, 2078', '2078-09-06']"
2025,June,21,"['06/21/2025', '21 Jun 2025', '21-06-2025', '21st June, 2025', '2025/06/21', 'June 21st, 2025', '2025-06-21', '21/06/2025']"
2054,February,12,"['12/02/2054', '12-02-2054', '12th February, 2054', '12 Feb 2054', '02/12/2054']"
2096,October,18,"['18-10-2096', '18/10/2096', '18th October, 2096', '2096/10/18', 'October 18th, 2096', '18 Oct 2096']"
2043,March,9,"['9th March, 2043', '09/03/2043']"
2086,September,30,"['September 30th, 2086', '30/09/2086', '09/30/2086', '2086-09-30']"
1995,August,11,"['11th August, 1995', '1995-08-11', '11/08/1995', '11-08-1995', '11 Aug 1995', '1995/08/11', 'August 11th, 1995', '08/11/1995']"
2039,May,16,"['05/16/2039', 'May 16th, 2039', '2039-05-16']"
1993,January,18,"['01/18/1993', '1993-01-18']"
2098,December,26,"['December 26th, 2098', '2098/12/26']"
1981,June,27,['06/27/1981']
1986,January,14,"['January 14th, 1986', '1986-01-14']"
1943,September,1,"['01 Sep 1943', 'September 1st, 1943', '01-09-1943', '01/09/1943']"
1907,October,19,['10/19/1907']
2090,January,31,"['01/31/2090', '2090-01-31', '2090/01/31', 'January 31st, 2090', '31/01/2090']"
1966,February,26,"['26 Feb 1966', '26-02-1966', '26th February, 1966', '26/02/1966', '02/26/1966']"
2049,March,15,"['2049/03/15', '15/03/2049', '2049-03-15', 'March 15th, 2049', '15th March, 2049', '03/15/2049', '15 Mar 2049', '15-03-2049']"
2046,May,25,"['25/05/2046', '2046/05/25', '2046-05-25', 'May 25th, 2046', '25th May, 2046', '25 May 2046', '05/25/2046', '25-05-2046']"
2050,August,5,"['August 5th, 2050', '2050-08-05']"
2044,January,25,"['25th January, 2044', '01/25/2044', '25/01/2044', '2044/01/25', '25-01-2044', '2044-01-25', 'January 25th, 2044', '25 Jan 2044']"
2076,October,16,['16/10/2076']
1976,June,29,"['1976/06/29', 'June 29th, 1976', '1976-06-29']"
2057,March,24,"['2057-03-24', '24/03/2057', '2057/03/24', '03/24/2057', '24-03-2057', 'March 24th, 2057']"
2065,December,28,"['28-12-2065', '28/12/2065']"
1951,November,26,"['11/26/1951', '1951-11-26']"
1994,April,11,"['1994/04/11', '11th April, 1994', 'April 11th, 1994', '11-04-1994']"
1996,June,8,"['June 8th, 1996']"
2073,September,27,"['09/27/2073', '27/09/2073', '27 Sep 2073', 'September 27th, 2073', '2073/09/27', '2073-09-27', '27th September, 2073']"
2092,September,12,['12 Sep 2092']
2031,June,19,"['19th June, 2031', '2031/06/19', 'June 19th, 2031', '19-06-2031', '19 Jun 2031']"
1950,May,22,"['1950-05-22', '22 May 1950', '22nd May, 1950', 'May 22nd, 1950']"
2005,October,14,"['2005-10-14', '14/10/2005', 'October 14th, 2005']"
2051,November,24,"['November 24th, 2051', '24 Nov 2051', '24-11-2051', '2051/11/24', '11/24/2051', '24th November, 2051', '24/11/2051', '2051-11-24']"
1903,March,18,"['1903-03-18', '18th March, 1903', '18 Mar 1903', '18/03/1903', '18-03-1903', 'March 18th, 1903']"
2057,June,24,"['24-06-2057', '24 Jun 2057', '06/24/2057', '2057-06-24', '24th June, 2057', '24/06/2057']"
2088,May,26,"['26/05/2088', '26th May, 2088', '26-05-2088']"
2053,March,26,"['03/26/2053', '2053/03/26']"
2005,December,28,"['December 28th, 2005']"
2085,April,6,"['04/06/2085', '2085/04/06', '06/04/2085', '2085-04-06', '06-04-2085', '06 Apr 2085', 'April 6th, 2085', '6th April, 2085']"
1941,May,7,"['07 May 1941', 'May 7th, 1941', '05/07/1941', '7th May, 1941']"
2028,January,17,['17 Jan 2028']
1944,July,19,"['1944/07/19', '19/07/1944']"
1903,November,10,"['November 10th, 1903', '10 Nov 1903', '10/11/1903', '10th November, 1903', '10-11-1903']"
2026,June,19,"['19/06/2026', '2026-06-19', '19th June, 2026', 'June 19th, 2026', '19-06-2026', '2026/06/19', '19 Jun 2026']"
1974,June,11,"['11 Jun 1974', '11-06-1974', '1974/06/11', '06/11/1974', '11th June, 1974', '1974-06-11']"
2083,January,10,"['10-01-2083', '10th January, 2083', '01/10/2083', '10 Jan 2083']"
1939,July,20,"['July 20th, 1939', '07/20/1939', '1939/07/20', '20 Jul 1939', '20/07/1939']"
2097,August,13,"['13 Aug 2097', '2097-08-13', '2097/08/13']"
1929,December,2,['12/02/1929']
2046,November,11,"['2046-11-11', '11/11/2046', 'November 11th, 2046', '11 Nov 2046', '2046/11/11']"
2005,May,4,"['04/05/2005', '4th May, 2005']"
2093,October,18,"['18/10/2093', '18-10-2093', '10/18/2093', '18th October, 2093', '18 Oct 2093', '2093/10/18', '2093-10-18']"
1905,October,13,"['1905/10/13', '13/10/1905', '13 Oct 1905']"
1922,December,8,"['December 8th, 1922', '1922/12/08', '1922-12-08', '12/08/1922', '08-12-1922']"
2069,January,29,"['January 29th, 2069', '29-01-2069', '29/01/2069', '01/29/2069', '2069-01-29', '29 Jan 2069']"
2000,January,29,"['2000/01/29', 'January 29th, 2000', '29th January, 2000']"
1918,January,25,"['January 25th, 1918', '25-01-1918', '1918-01-25', '25/01/1918', '25th January, 1918']"
1992,November,12,"['1992-11-12', '12-11-1992', '12/11/1992']"
1989,March,16,"['1989/03/16', '03/16/1989', 'March 16th, 1989', '16th March, 1989', '1989-03-16', '16 Mar 1989', '16-03-1989', '16/03/1989']"
2005,January,7,"['01/07/2005', '07-01-2005', '2005/01/07', '07/01/2005', '07 Jan 2005', '2005-01-07', 'January 7th, 2005', '7th January, 2005']"
2063,December,10,"['10 Dec 2063', '2063/12/10', '2063-12-10', '10-12-2063', '10/12/2063', '10th December, 2063', 'December 10th, 2063']"
2022,June,20,"['2022/06/20', '20 Jun 2022', 'June 20th, 2022', '06/20/2022', '2022-06-20']"
1999,January,22,"['January 22nd, 1999', '01/22/1999', '22/01/1999', '1999/01/22', '22nd January, 1999', '22-01-1999', '22 Jan 1999']"
1974,July,19,"['19/07/1974', '07/19/1974', '1974-07-19', 'July 19th, 1974', '19 Jul 1974', '19th July, 1974']"
2062,December,1,"['2062/12/01', '12/01/2062', '01/12/2062', 'December 1st, 2062']"
2078,October,13,"['October 13th, 2078', '13-10-2078', '13th October, 2078', '2078-10-13', '13/10/2078', '2078/10/13']"
2033,September,22,"['September 22nd, 2033', '22/09/2033', '2033/09/22', '22nd September, 2033']"
2003,January,11,['2003-01-11']
2038,June,24,"['24 Jun 2038', '24/06/2038', '24th June, 2038', '24-06-2038']"
2059,April,1,"['01-04-2059', '04/01/2059']"
2028,August,13,"['08/13/2028', '13 Aug 2028', '13/08/2028', '2028/08/13']"
2029,July,3,"['July 3rd, 2029']"
1917,February,16,"['16 Feb 1917', '1917/02/16']"
1965,January,29,"['29/01/1965', '29th January, 1965', '01/29/1965', '1965/01/29', '1965-01-29', 'January 29th, 1965', '29 Jan 1965']"
2088,October,12,['12 Oct 2088']
1992,January,24,"['24-01-1992', 'January 24th, 1992']"
1946,October,2,"['October 2nd, 1946', '1946/10/02', '1946-10-02', '10/02/1946', '02-10-1946', '2nd October, 1946', '02 Oct 1946']"
1963,January,28,['1963/01/28']
1922,March,21,"['21 Mar 1922', '21st March, 1922', '21/03/1922', '1922/03/21', '03/21/1922', '21-03-1922']"
2099,July,16,"['16/07/2099', '16 Jul 2099', '2099/07/16', '07/16/2099', 'July 16th, 2099', '2099-07-16', '16-07-2099']"
1937,March,25,"['1937/03/25', '03/25/1937']"
1934,November,25,['25 Nov 1934']
1977,November,4,"['1977-11-04', '1977/11/04', '04 Nov 1977', '11/04/1977', 'November 4th, 1977', '04/11/1977']"
2089,July,25,"['July 25th, 2089']"
1976,September,14,"['September 14th, 1976', '14 Sep 1976', '1976/09/14']"
2030,August,27,['27-08-2030']
1918,August,21,"['21/08/1918', '21 Aug 1918', '21st August, 1918']"
2049,August,9,"['08/09/2049', '2049-08-09', 'August 9th, 2049', '09/08/2049', '2049/08/09', '09 Aug 2049']"
2001,November,12,"['2001-11-12', '2001/11/12', '12-11-2001', '12 Nov 2001']"
1910,June,21,"['21/06/1910', '1910-06-21']"
1900,May,23,"['1900-05-23', 'May 23rd, 1900', '23/05/1900', '05/23/1900', '23rd May, 1900']"
1932,January,28,"['28/01/1932', '01/28/1932', '1932-01-28', '28 Jan 1932', '28th January, 1932', 'January 28th, 1932']"
2016,January,2,"['02/01/2016', '2016-01-02', '2nd January, 2016', '2016/01/02', '01/02/2016']"
1952,December,3,"['December 3rd, 1952', '3rd December, 1952', '1952/12/03', '03-12-1952', '12/03/1952', '03/12/1952', '1952-12-03', '03 Dec 1952']"
2073,March,16,['2073/03/16']
1963,February,25,"['25/02/1963', '1963-02-25', '25-02-1963', 'February 25th, 1963', '02/25/1963']"
1998,October,12,['12 Oct 1998']
2020,February,26,"['26/02/2020', '26-02-2020', '26th February, 2020', '2020/02/26', '2020-02-26', '26 Feb 2020']"
1916,July,24,"['1916/07/24', 'July 24th, 1916', '24th July, 1916', '07/24/1916']"
2072,August,31,"['31st August, 2072', '31-08-2072', '31 Aug 2072', '31/08/2072', 'August 31st, 2072', '2072/08/31']"
2057,September,17,"['17th September, 2057', '09/17/2057', '2057-09-17', 'September 17th, 2057', '17-09-2057', '2057/09/17', '17/09/2057']"
1930,September,20,"['20 Sep 1930', '1930/09/20', '20/09/1930', 'September 20th, 1930']"
1964,December,13,"['13-12-1964', 'December 13th, 1964', '12/13/1964', '13th December, 1964']"
1980,August,26,['1980-08-26']
2085,October,1,"['October 1st, 2085', '10/01/2085', '2085-10-01', '01-10-2085', '01 Oct 2085', '2085/10/01']"
1916,October,4,"['10/04/1916', '1916/10/04']"
2039,March,5,"['05 Mar 2039', '5th March, 2039', '03/05/2039', 'March 5th, 2039']"
1918,November,13,"['13-11-1918', '11/13/1918', '1918/11/13', '13 Nov 1918', '13/11/1918', '13th November, 1918', 'November 13th, 1918', '1918-11-13']"
1959,October,5,"['1959/10/05', '05/10/1959', 'October 5th, 1959', '05 Oct 1959']"
1934,September,15,"['1934-09-15', '15-09-1934', '1934/09/15']"
2000,August,3,"['August 3rd, 2000', '03-08-2000', '2000-08-03', '03 Aug 2000', '3rd August, 2000', '03/08/2000', '2000/08/03']"
1986,March,14,['1986/03/14']
1999,November,21,"['21/11/1999', 'November 21st, 1999', '21st November, 1999', '1999-11-21', '11/21/1999', '21 Nov 1999', '1999/11/21', '21-11-1999']"
2086,January,30,['2086-01-30']
1926,February,19,"['1926-02-19', '02/19/1926', '19/02/1926', 'February 19th, 1926', '19 Feb 1926', '19-02-1926', '1926/02/19']"
2056,August,23,"['August 23rd, 2056']"
2037,May,7,"['05/07/2037', '7th May, 2037', '2037-05-07', '2037/05/07', '07 May 2037', '07-05-2037', '07/05/2037']"
2003,April,11,"['2003-04-11', '11 Apr 2003', '2003/04/11']"
1962,March,3,"['1962-03-03', '3rd March, 1962', '03-03-1962', '1962/03/03', '03 Mar 1962', '03/03/1962', 'March 3rd, 1962', '03/03/1962']"
1949,June,7,"['07/06/1949', '07 Jun 1949']"
2086,June,26,"['26/06/2086', '2086-06-26', '2086/06/26', '26 Jun 2086', '26th June, 2086']"
2027,May,9,"['2027-05-09', '2027/05/09']"
2082,October,3,"['03/10/2082', '10/03/2082', '2082/10/03', '2082-10-03', '3rd October, 2082', '03-10-2082']"
1998,August,24,"['1998/08/24', '08/24/1998', '1998-08-24', 'August 24th, 1998']"
2017,August,31,"['31/08/2017', '08/31/2017', '31 Aug 2017']"
1981,March,7,"['1981/03/07', '07-03-1981', '07/03/1981', '1981-03-07']"
2020,May,17,"['17/05/2020', '17 May 2020', '17-05-2020', '17th May, 2020', '05/17/2020', '2020-05-17', 'May 17th, 2020', '2020/05/17']"
1952,April,20,"['20th April, 1952', '1952-04-20']"
2006,January,25,"['01/25/2006', '2006/01/25', 'January 25th, 2006', '25th January, 2006', '2006-01-25', '25-01-2006']"
1942,April,25,"['1942/04/25', '04/25/1942', 'April 25th, 1942', '25/04/1942', '1942-04-25']"
2047,November,8,['08-11-2047']
2038,January,16,"['2038-01-16', '16-01-2038', '16 Jan 2038', 'January 16th, 2038', '16th January, 2038']"
1959,September,10,"['10-09-1959', '10th September, 1959', '10/09/1959', '09/10/1959']"
1947,November,5,"['November 5th, 1947', '1947/11/05', '5th November, 1947']"
2067,May,28,"['May 28th, 2067', '28/05/2067', '2067-05-28', '2067/05/28', '28-05-2067', '28 May 2067']"
1938,June,13,"['13 Jun 1938', '13-06-1938', '06/13/1938', '1938/06/13']"
1970,September,2,"['1970-09-02', '09/02/1970', '02/09/1970', '1970/09/02', '02 Sep 1970', '02-09-1970']"
1926,January,3,"['1926/01/03', '1926-01-03', '03 Jan 1926', '03-01-1926', 'January 3rd, 1926']"
2001,February,12,"['2001-02-12', '02/12/2001', '12 Feb 2001', '12/02/2001']"
1998,February,1,['1998/02/01']
1923,August,3,"['August 3rd, 1923', '03-08-1923']"
2036,December,30,"['2036/12/30', '30 Dec 2036', '12/30/2036']"
2009,December,18,"['18th December, 2009', '18-12-2009', 'December 18th, 2009', '2009/12/18', '12/18/2009', '18 Dec 2009', '2009-12-18']"
2074,January,15,"['15 Jan 2074', '2074/01/15', '15-01-2074']"
1974,August,4,"['4th August, 1974', '04-08-1974']"
2039,October,15,"['15/10/2039', '2039/10/15']"
2070,November,28,"['28-11-2070', '28/11/2070']"
2069,May,3,"['05/03/2069', 'May 3rd, 2069', '2069/05/03', '03/05/2069', '03-05-2069', '03 May 2069', '2069-05-03', '3rd May, 2069']"
2024,October,29,"['29-10-2024', '29/10/2024', '10/29/2024', '29th October, 2024', '2024/10/29']"
2093,August,30,"['30 Aug 2093', 'August 30th, 2093']"
2046,September,29,['29-09-2046']
1951,April,18,"['1951/04/18', '18 Apr 1951', '1951-04-18']"
2033,October,7,"['07/10/2033', '2033/10/07', '07 Oct 2033', '07-10-2033', '10/07/2033', '2033-10-07']"
1927,May,20,"['1927/05/20', '1927-05-20', '20/05/1927', '05/20/1927', 'May 20th, 1927', '20-05-1927', '20th May, 1927', '20 May 1927']"
2040,November,30,"['30/11/2040', '2040-11-30', '2040/11/30', 'November 30th, 2040', '30 Nov 2040']"
2018,December,11,"['11th December, 2018']"
2091,July,26,"['26 Jul 2091', '26-07-2091', '26th July, 2091', '2091-07-26', 'July 26th, 2091', '2091/07/26']"
2027,May,30,"['2027-05-30', '30-05-2027', '30th May, 2027', '30/05/2027', '30 May 2027']"
2048,April,4,"['04/04/2048', '04-04-2048', '4th April, 2048', '04 Apr 2048', '2048/04/04', '04/04/2048']"
2097,April,26,"['26/04/2097', '2097/04/26', '04/26/2097', '26 Apr 2097', '2097-04-26']"
1955,April,6,"['April 6th, 1955', '1955-04-06', '6th April, 1955', '04/06/1955', '06-04-1955', '06/04/1955', '1955/04/06']"
1911,September,30,"['1911/09/30', '30th September, 1911', '1911-09-30', '30 Sep 1911', '30/09/1911', '09/30/1911', 'September 30th, 1911', '30-09-1911']"
2045,July,29,['2045-07-29']
2030,March,27,"['2030/03/27', 'March 27th, 2030', '03/27/2030', '27/03/2030', '27th March, 2030', '27-03-2030', '27 Mar 2030', '2030-03-27']"
2023,May,20,['20-05-2023']
1902,May,1,"['01-05-1902', '01 May 1902', '05/01/1902', '1902-05-01', 'May 1st, 1902', '01/05/1902', '1st May, 1902']"
1910,September,27,"['09/27/1910', '27/09/1910', 'September 27th, 1910', '27-09-1910', '27th September, 1910', '1910/09/27', '27 Sep 1910', '1910-09-27']"
2044,July,31,"['July 31st, 2044', '31 Jul 2044', '31/07/2044', '07/31/2044', '2044/07/31', '31st July, 2044']"
2064,July,12,['12 Jul 2064']
2059,February,5,"['05-02-2059', '02/05/2059', 'February 5th, 2059', '2059/02/05', '05 Feb 2059', '05/02/2059', '2059-02-05']"
1955,October,17,['1955-10-17']
2061,December,5,"['2061-12-05', 'December 5th, 2061', '05-12-2061']"
2060,June,4,"['4th June, 2060', '06/04/2060', '04/06/2060', 'June 4th, 2060', '2060-06-04', '04 Jun 2060', '04-06-2060']"
1905,June,16,"['16-06-1905', 'June 16th, 1905', '06/16/1905', '16th June, 1905', '16 Jun 1905', '1905-06-16', '16/06/1905']"
1953,June,22,"['22 Jun 1953', '22/06/1953', '22nd June, 1953', '1953/06/22', '1953-06-22', '06/22/1953', '22-06-1953', 'June 22nd, 1953']"
2047,April,12,"['12-04-2047', '12/04/2047']"
1936,February,16,"['February 16th, 1936', '16-02-1936']"
1984,July,24,"['24th July, 1984', '1984-07-24', '24 Jul 1984', '07/24/1984', '24-07-1984', 'July 24th, 1984', '24/07/1984']"
1985,August,16,['16/08/1985']
1946,November,4,"['04-11-1946', '04/11/1946', '1946/11/04', '4th November, 1946', '1946-11-04', '11/04/1946', 'November 4th, 1946']"
1963,December,28,"['28-12-1963', '28 Dec 1963', '1963/12/28', '1963-12-28']"
2039,May,21,"['21 May 2039', 'May 21st, 2039']"
1955,April,20,"['20/04/1955', '1955/04/20', '04/20/1955', '20 Apr 1955', 'April 20th, 1955']"
2058,April,29,"['04/29/2058', '29-04-2058', '2058-04-29']"
2087,April,20,"['April 20th, 2087', '20th April, 2087']"
1902,May,21,"['05/21/1902', '1902/05/21', '21 May 1902', '1902-05-21', '21-05-1902']"
1935,August,12,"['12th August, 1935', '12 Aug 1935', '12-08-1935', '12/08/1935']"
1920,June,3,"['June 3rd, 1920', '3rd June, 1920', '03/06/1920', '03-06-1920']"
2001,September,19,"['19/09/2001', '19 Sep 2001', '19th September, 2001', '09/19/2001', '19-09-2001', '2001/09/19']"
2009,August,12,"['August 12th, 2009', '12-08-2009', '12/08/2009', '12th August, 2009']"
2092,March,6,"['06 Mar 2092', '2092/03/06', '2092-03-06']"
1954,January,5,"['January 5th, 1954', '05-01-1954', '01/05/1954', '05/01/1954']"
1987,October,10,['10/10/1987']
1998,June,3,"['1998-06-03', '03/06/1998', '06/03/1998', '1998/06/03', '3rd June, 1998', '03-06-1998', '03 Jun 1998', 'June 3rd, 1998']"
2021,May,6,"['6th May, 2021', '06-05-2021', 'May 6th, 2021', '2021-05-06', '06/05/2021']"
1997,March,21,"['21/03/1997', '03/21/1997', 'March 21st, 1997', '1997/03/21', '21-03-1997', '1997-03-21', '21 Mar 1997']"
2057,April,27,"['27-04-2057', '2057-04-27', 'April 27th, 2057', '27th April, 2057', '2057/04/27', '27 Apr 2057', '27/04/2057']"
1918,May,19,"['1918/05/19', '19-05-1918', 'May 19th, 1918', '05/19/1918', '19 May 1918', '19/05/1918', '19th May, 1918']"
1963,May,30,"['30 May 1963', 'May 30th, 1963', '05/30/1963', '30th May, 1963', '1963-05-30', '30/05/1963', '1963/05/30', '30-05-1963']"
2063,May,15,"['15-05-2063', '15 May 2063', 'May 15th, 2063', '2063/05/15', '15th May, 2063']"
2002,May,17,"['May 17th, 2002', '17 May 2002', '2002/05/17', '17/05/2002', '2002-05-17', '17th May, 2002', '05/17/2002']"
1900,June,7,"['07/06/1900', '07-06-1900']"
1978,August,31,"['08/31/1978', '31/08/1978', 'August 31st, 1978', '31 Aug 1978', '31st August, 1978', '1978-08-31']"
2025,May,19,"['2025-05-19', '05/19/2025', '19 May 2025', 'May 19th, 2025']"
1974,February,24,"['24/02/1974', '24 Feb 1974', '24-02-1974', '02/24/1974', '24th February, 1974', '1974-02-24', '1974/02/24']"
1955,February,13,"['1955-02-13', 'February 13th, 1955', '1955/02/13', '13/02/1955']"
2092,December,25,"['12/25/2092', '25th December, 2092', '2092-12-25', '2092/12/25', '25-12-2092']"
2096,September,12,"['September 12th, 2096', '12th September, 2096']"
1956,February,2,"['1956-02-02', '02/02/1956', '02-02-1956', '02/02/1956']"
1964,October,17,"['1964-10-17', '17th October, 1964', '17/10/1964', '10/17/1964', '17 Oct 1964', 'October 17th, 1964', '17-10-1964']"
2080,March,19,"['19-03-2080', '2080-03-19', '2080/03/19', 'March 19th, 2080', '19th March, 2080', '19 Mar 2080', '19/03/2080', '03/19/2080']"
1939,November,18,"['11/18/1939', '18th November, 1939']"
1901,May,28,"['28/05/1901', '05/28/1901', '1901-05-28', 'May 28th, 1901', '28-05-1901', '28th May, 1901', '1901/05/28', '28 May 1901']"
1925,August,9,['1925-08-09']
2071,July,19,"['July 19th, 2071', '19 Jul 2071', '2071-07-19', '19/07/2071', '07/19/2071', '19-07-2071', '2071/07/19', '19th July, 2071']"
1990,April,22,['22/04/1990']
2034,July,11,"['July 11th, 2034', '11-07-2034', '11th July, 2034', '11/07/2034', '11 Jul 2034', '07/11/2034', '2034/07/11']"
2071,August,18,"['18th August, 2071']"
1957,October,15,"['October 15th, 1957', '15-10-1957']"
2055,August,22,"['2055-08-22', '22nd August, 2055', '22/08/2055', '2055/08/22', 'August 22nd, 2055', '22 Aug 2055', '22-08-2055']"
2091,October,28,"['28th October, 2091', '28/10/2091', '10/28/2091', '2091-10-28', '2091/10/28', 'October 28th, 2091', '28-10-2091']"
1913,December,23,"['23/12/1913', '23-12-1913', '23 Dec 1913', 'December 23rd, 1913']"
1960,November,12,"['12/11/1960', '12th November, 1960', '1960-11-12', '1960/11/12', 'November 12th, 1960']"
2052,February,2,"['2nd February, 2052', '02/02/2052', '02 Feb 2052', '2052/02/02']"
1968,October,26,"['1968/10/26', '26-10-1968', '26 Oct 1968', 'October 26th, 1968', '26/10/1968', '26th October, 1968', '10/26/1968', '1968-10-26']"
2085,July,5,"['2085/07/05', '2085-07-05', '05/07/2085', '05 Jul 2085', 'July 5th, 2085', '05-07-2085', '5th July, 2085']"
1973,January,25,"['25/01/1973', '1973-01-25', 'January 25th, 1973']"
1953,May,27,"['27th May, 1953', '1953-05-27', 'May 27th, 1953']"
1999,November,30,"['1999-11-30', '30th November, 1999', '30/11/1999', '30-11-1999', 'November 30th, 1999', '30 Nov 1999', '11/30/1999']"
2038,December,17,"['17th December, 2038', '2038-12-17', '17-12-2038', 'December 17th, 2038', '17 Dec 2038', '2038/12/17', '12/17/2038', '17/12/2038']"
2030,April,10,"['04/10/2030', '10-04-2030']"
2087,August,19,"['August 19th, 2087', '19-08-2087', '2087/08/19', '19th August, 2087', '2087-08-19', '08/19/2087', '19/08/2087', '19 Aug 2087']"
1927,October,13,"['October 13th, 1927', '13 Oct 1927', '13-10-1927', '10/13/1927', '1927-10-13']"
2078,September,16,"['16 Sep 2078', '2078/09/16', '16th September, 2078', '2078-09-16', '16/09/2078', 'September 16th, 2078', '16-09-2078']"
2094,April,24,"['24/04/2094', '2094/04/24', '24-04-2094']"
2085,September,16,"['16 Sep 2085', '16/09/2085']"
2049,July,15,"['2049/07/15', '15-07-2049', '15/07/2049', '15th July, 2049', 'July 15th, 2049', '07/15/2049', '2049-07-15']"
2019,August,2,"['2019/08/02', '02 Aug 2019', '2nd August, 2019', 'August 2nd, 2019']"
2020,November,4,"['11/04/2020', '2020-11-04', '04 Nov 2020', 'November 4th, 2020', '04/11/2020', '4th November, 2020']"
2087,October,17,"['2087-10-17', '10/17/2087', 'October 17th, 2087', '17th October, 2087']"
1915,June,5,"['05-06-1915', 'June 5th, 1915', '1915/06/05']"
1969,May,16,"['05/16/1969', 'May 16th, 1969', '16-05-1969', '16 May 1969', '1969-05-16', '1969/05/16', '16/05/1969', '16th May, 1969']"
1962,September,6,"['1962-09-06', 'September 6th, 1962']"
1999,April,2,"['02-04-1999', 'April 2nd, 1999', '02/04/1999', '02 Apr 1999', '04/02/1999', '1999-04-02']"
2010,October,26,"['2010/10/26', '26-10-2010', 'October 26th, 2010', '10/26/2010', '26 Oct 2010', '26/10/2010', '26th October, 2010', '2010-10-26']"
2078,February,19,"['2078/02/19', '19-02-2078', '02/19/2078']"
2042,August,10,"['2042/08/10', '10/08/2042', '10th August, 2042', '10 Aug 2042', 'August 10th, 2042', '10-08-2042']"
2066,June,11,"['06/11/2066', '2066-06-11', '11/06/2066', 'June 11th, 2066']"
2055,August,31,"['08/31/2055', '31st August, 2055', '31 Aug 2055', '31-08-2055', '2055/08/31', 'August 31st, 2055', '31/08/2055', '2055-08-31']"
1956,May,12,['05/12/1956']
2078,December,27,"['12/27/2078', '2078/12/27', '27/12/2078', '2078-12-27', 'December 27th, 2078']"
2060,October,3,"['10/03/2060', '03/10/2060', 'October 3rd, 2060', '3rd October, 2060', '2060-10-03', '2060/10/03', '03 Oct 2060']"
2002,October,15,"['2002-10-15', '10/15/2002', '15 Oct 2002']"
2035,June,17,"['06/17/2035', '2035/06/17', 'June 17th, 2035']"
1934,November,2,"['1934/11/02', '02/11/1934']"
2056,November,7,"['07-11-2056', '07/11/2056', 'November 7th, 2056', '7th November, 2056', '2056/11/07', '11/07/2056']"
1948,August,17,"['17 Aug 1948', '08/17/1948', '1948/08/17', '1948-08-17', 'August 17th, 1948', '17-08-1948']"
1944,December,1,"['01 Dec 1944', '12/01/1944', '01/12/1944', 'December 1st, 1944']"
2040,May,26,"['05/26/2040', '26-05-2040', '2040/05/26', '2040-05-26', '26th May, 2040', 'May 26th, 2040', '26 May 2040']"
2072,March,13,"['13-03-2072', '2072-03-13', '13th March, 2072', '2072/03/13', '13 Mar 2072', 'March 13th, 2072']"
1974,October,12,"['October 12th, 1974', '12 Oct 1974']"
1996,April,14,"['14 Apr 1996', '1996-04-14']"
2000,November,22,"['22 Nov 2000', '2000-11-22', '2000/11/22', 'November 22nd, 2000', '22/11/2000', '22-11-2000']"
2075,May,23,"['05/23/2075', '2075-05-23', 'May 23rd, 2075', '23 May 2075']"
1962,October,31,"['1962/10/31', '1962-10-31', '31/10/1962', '10/31/1962', 'October 31st, 1962', '31-10-1962']"
1904,December,2,"['02/12/1904', '02 Dec 1904', '1904/12/02', '12/02/1904', '1904-12-02', '02-12-1904', '2nd December, 1904', 'December 2nd, 1904']"
1920,May,24,"['24th May, 1920']"
2079,June,28,"['June 28th, 2079', '28 Jun 2079', '28-06-2079']"
2060,July,14,"['July 14th, 2060', '07/14/2060', '14/07/2060', '14 Jul 2060', '2060-07-14', '14th July, 2060']"
1971,May,16,"['16-05-1971', 'May 16th, 1971']"
1976,April,6,"['1976-04-06', '06 Apr 1976', '06-04-1976', '1976/04/06']"
2061,March,8,"['08/03/2061', '08 Mar 2061', '03/08/2061']"
2047,April,23,"['2047-04-23', '2047/04/23', '23rd April, 2047', '23/04/2047', '23 Apr 2047', '04/23/2047']"
2093,November,14,"['14/11/2093', 'November 14th, 2093', '14th November, 2093']"
2099,July,20,"['2099/07/20', '20 Jul 2099', '20/07/2099']"
1980,February,21,"['1980-02-21', '1980/02/21', '21 Feb 1980', '21st February, 1980', '02/21/1980', 'February 21st, 1980', '21-02-1980']"
2095,November,5,"['5th November, 2095', '2095-11-05', '11/05/2095', 'November 5th, 2095', '05/11/2095']"
1924,June,20,"['20 Jun 1924', '20/06/1924', '1924-06-20', '20-06-1924', '20th June, 1924', '06/20/1924', '1924/06/20']"
2008,June,12,"['06/12/2008', '12th June, 2008', '12 Jun 2008', '2008-06-12', '12-06-2008', 'June 12th, 2008', '12/06/2008']"
1964,November,20,"['1964-11-20', '20/11/1964', '20-11-1964', '1964/11/20', '20 Nov 1964', 'November 20th, 1964', '20th November, 1964']"
2091,October,8,"['8th October, 2091']"
2087,January,15,"['15th January, 2087', '2087-01-15', '15 Jan 2087', '01/15/2087']"
2065,October,24,['24-10-2065']
1954,July,4,"['July 4th, 1954', '07/04/1954', '04/07/1954', '4th July, 1954', '04 Jul 1954', '1954-07-04']"
1962,November,21,"['November 21st, 1962', '1962-11-21', '21st November, 1962', '21-11-1962', '21 Nov 1962', '21/11/1962', '11/21/1962']"
2064,September,27,"['09/27/2064', '27th September, 2064', '2064-09-27']"
1964,May,25,"['25-05-1964', '1964-05-25']"
1904,March,16,"['March 16th, 1904', '16 Mar 1904', '1904/03/16', '16th March, 1904']"
2092,May,7,"['05/07/2092', '07-05-2092', '07/05/2092', 'May 7th, 2092', '7th May, 2092', '2092/05/07']"
2033,July,19,"['2033/07/19', '19/07/2033', '19-07-2033', '2033-07-19', '07/19/2033']"
1967,March,28,"['28/03/1967', '1967/03/28', 'March 28th, 1967', '28-03-1967']"
1946,July,26,"['26 Jul 1946', '26-07-1946', 'July 26th, 1946', '07/26/1946', '26/07/1946', '26th July, 1946', '1946/07/26', '1946-07-26']"
2013,May,10,['10 May 2013']
2073,December,3,"['03 Dec 2073', '2073/12/03', '2073-12-03', 'December 3rd, 2073', '12/03/2073', '03-12-2073', '3rd December, 2073']"
1937,July,3,"['07/03/1937', '03-07-1937', 'July 3rd, 1937', '03 Jul 1937', '03/07/1937', '1937/07/03', '3rd July, 1937', '1937-07-03']"
1986,January,18,"['January 18th, 1986', '18th January, 1986', '18 Jan 1986', '18-01-1986', '01/18/1986']"
1992,April,20,"['1992-04-20', '20-04-1992', '1992/04/20']"
1905,March,17,"['March 17th, 1905', '17/03/1905', '1905-03-17', '17-03-1905', '1905/03/17', '17 Mar 1905']"
1996,December,2,"['December 2nd, 1996']"
2024,October,22,"['22 Oct 2024', '2024-10-22', '10/22/2024', '22nd October, 2024', 'October 22nd, 2024', '2024/10/22', '22-10-2024', '22/10/2024']"
2063,January,4,"['01/04/2063', '4th January, 2063', 'January 4th, 2063', '04-01-2063', '04/01/2063', '04 Jan 2063', '2063/01/04', '2063-01-04']"
2084,July,23,['07/23/2084']
2034,June,26,"['06/26/2034', '26/06/2034']"
2003,December,2,"['2003-12-02', '02-12-2003']"
1970,June,17,"['17-06-1970', '06/17/1970', '17th June, 1970', '1970-06-17', '1970/06/17', '17/06/1970', '17 Jun 1970']"
2003,May,21,"['21/05/2003', '2003/05/21', '2003-05-21', 'May 21st, 2003']"
1900,February,17,"['17-02-1900', '02/17/1900', '17 Feb 1900', '1900/02/17', '17th February, 1900', 'February 17th, 1900']"
1921,March,29,['03/29/1921']
2058,December,30,"['December 30th, 2058', '30 Dec 2058', '30-12-2058', '12/30/2058', '30/12/2058']"
2015,November,10,"['10-11-2015', '2015-11-10', '2015/11/10', '11/10/2015']"
1905,March,19,"['March 19th, 1905', '19 Mar 1905', '1905-03-19', '19-03-1905', '19/03/1905', '03/19/1905']"
2089,May,19,"['19th May, 2089', '19/05/2089']"
1973,March,20,"['1973-03-20', '20 Mar 1973', '20/03/1973', '1973/03/20']"
2038,April,16,"['April 16th, 2038', '16-04-2038', '16 Apr 2038', '2038-04-16', '16/04/2038', '2038/04/16']"
2039,December,24,"['24 Dec 2039', '2039/12/24', '2039-12-24', 'December 24th, 2039', '24-12-2039', '24/12/2039']"
2095,October,2,"['10/02/2095', '2nd October, 2095', '02 Oct 2095', '02/10/2095', '02-10-2095', '2095/10/02']"
2075,January,10,"['2075/01/10', '10-01-2075', '10th January, 2075']"
2072,February,5,['2072-02-05']
1945,November,18,"['11/18/1945', '1945-11-18', '18th November, 1945', '18-11-1945', '1945/11/18', 'November 18th, 1945']"
2022,December,10,"['December 10th, 2022']"
1953,March,31,"['03/31/1953', '31st March, 1953', '1953-03-31', 'March 31st, 1953', '1953/03/31']"
2075,August,9,['09-08-2075']
1910,June,30,"['1910-06-30', '30-06-1910', '30/06/1910', '06/30/1910']"
1966,March,16,"['16 Mar 1966', '16/03/1966', '16th March, 1966', '1966-03-16', 'March 16th, 1966', '1966/03/16', '03/16/1966']"
1923,April,5,"['1923-04-05', '05 Apr 1923', '05-04-1923', '5th April, 1923', '04/05/1923', '05/04/1923', '1923/04/05']"
2036,November,11,"['November 11th, 2036', '11th November, 2036', '2036-11-11', '11-11-2036', '11 Nov 2036']"
1956,May,4,"['4th May, 1956', '05/04/1956', '04-05-1956', '1956/05/04', '1956-05-04']"
1939,October,7,"['7th October, 1939', '07 Oct 1939', '07-10-1939', 'October 7th, 1939']"
2033,January,29,"['29/01/2033', '29th January, 2033', '2033/01/29', '01/29/2033', '2033-01-29']"
1944,September,10,"['10-09-1944', '10th September, 1944', '10/09/1944', 'September 10th, 1944', '1944-09-10', '1944/09/10', '10 Sep 1944']"
2021,June,6,['06/06/2021']
1956,September,4,"['04-09-1956', '04 Sep 1956', 'September 4th, 1956', '09/04/1956', '1956-09-04']"
1914,April,6,"['06-04-1914', '1914/04/06']"
1947,July,29,"['1947/07/29', '29/07/1947', '1947-07-29', 'July 29th, 1947', '29th July, 1947']"
2067,February,7,"['2067/02/07', 'February 7th, 2067', '7th February, 2067', '02/07/2067', '07-02-2067', '07/02/2067', '2067-02-07']"
1903,July,11,"['11th July, 1903', '11/07/1903', '1903-07-11', '11-07-1903', '11 Jul 1903', '07/11/1903', 'July 11th, 1903', '1903/07/11']"
2070,September,9,"['9th September, 2070', 'September 9th, 2070', '2070-09-09']"
1953,October,15,"['15-10-1953', '15th October, 1953', 'October 15th, 1953', '10/15/1953', '1953/10/15']"
1905,June,11,['11 Jun 1905']
2079,September,2,['09/02/2079']
2065,July,24,"['24th July, 2065', '24/07/2065', '24-07-2065', '2065/07/24']"
2074,October,8,"['8th October, 2074', '08-10-2074', '08/10/2074']"
1919,September,24,"['09/24/1919', 'September 24th, 1919', '24/09/1919', '24th September, 1919', '24-09-1919', '24 Sep 1919', '1919-09-24']"
1965,February,13,"['1965/02/13', '13 Feb 1965', '13/02/1965', '13-02-1965', '1965-02-13']"
1937,March,21,['21/03/1937']
1972,January,8,"['08-01-1972', '01/08/1972']"
2013,November,3,"['3rd November, 2013', '03-11-2013', '03/11/2013', '2013/11/03', '03 Nov 2013', '11/03/2013']"
2071,June,10,"['06/10/2071', 'June 10th, 2071', '10-06-2071', '2071-06-10', '10 Jun 2071', '10/06/2071', '2071/06/10', '10th June, 2071']"
2096,May,30,"['05/30/2096', '30th May, 2096', '30 May 2096', '2096-05-30']"
1981,April,10,"['10th April, 1981', '10-04-1981', '10/04/1981', '10 Apr 1981', '1981/04/10', '04/10/1981']"
1970,February,4,"['04/02/1970', '4th February, 1970', 'February 4th, 1970', '04-02-1970', '1970/02/04', '02/04/1970', '1970-02-04']"
1978,December,31,"['1978/12/31', '12/31/1978']"
2078,August,27,"['August 27th, 2078', '27/08/2078', '2078-08-27', '27th August, 2078', '2078/08/27', '27 Aug 2078']"
1916,October,16,"['16 Oct 1916', '1916-10-16', '1916/10/16']"
1928,July,7,"['07/07/1928', 'July 7th, 1928']"
2036,March,22,"['2036/03/22', 'March 22nd, 2036', '22-03-2036', '03/22/2036', '22/03/2036', '2036-03-22', '22 Mar 2036']"
2029,October,18,"['2029-10-18', '18/10/2029', '18 Oct 2029', 'October 18th, 2029']"
1930,July,9,"['9th July, 1930', 'July 9th, 1930', '09-07-1930', '1930-07-09', '07/09/1930', '09 Jul 1930', '09/07/1930']"
2066,November,29,['2066/11/29']
2010,May,9,"['9th May, 2010', '09-05-2010', '2010/05/09', '09 May 2010']"
1927,November,24,"['24th November, 1927', '24/11/1927', '1927-11-24', '11/24/1927', '24-11-1927', '1927/11/24', 'November 24th, 1927']"
2050,November,6,"['11/06/2050', '06 Nov 2050', '2050-11-06', '06/11/2050']"
2090,February,24,"['2090-02-24', '24 Feb 2090', '24th February, 2090', 'February 24th, 2090', '24/02/2090', '24-02-2090']"
1985,September,26,"['09/26/1985', '26th September, 1985', '1985-09-26', '26-09-1985', '26/09/1985', '26 Sep 1985', '1985/09/26', 'September 26th, 1985']"
2030,August,13,"['13 Aug 2030', 'August 13th, 2030', '13th August, 2030', '13-08-2030', '2030/08/13', '08/13/2030']"
2071,August,19,"['2071-08-19', '2071/08/19', '19-08-2071']"
1905,June,27,"['27 Jun 1905', '06/27/1905']"
1993,November,4,"['4th November, 1993']"
1987,January,16,['01/16/1987']
1904,May,18,"['05/18/1904', '18/05/1904', '18-05-1904', 'May 18th, 1904']"
1927,December,8,"['12/08/1927', '08 Dec 1927', 'December 8th, 1927', '1927-12-08', '08/12/1927', '08-12-1927', '1927/12/08', '8th December, 1927']"
2093,September,5,"['2093-09-05', '05/09/2093', '09/05/2093', '05 Sep 2093']"
1967,November,19,"['19th November, 1967', '1967-11-19', '19/11/1967', 'November 19th, 1967']"
1928,January,15,"['1928-01-15', 'January 15th, 1928']"
1951,October,14,"['14th October, 1951', '14/10/1951', '14 Oct 1951']"
1920,March,18,"['March 18th, 1920', '18th March, 1920', '18-03-1920', '1920-03-18', '1920/03/18', '03/18/1920', '18/03/1920']"
2000,August,13,"['08/13/2000', '13th August, 2000', '13/08/2000', '13-08-2000', '2000-08-13']"
1915,November,11,"['11 Nov 1915', '11/11/1915', '11/11/1915', '11th November, 1915', '1915-11-11', 'November 11th, 1915']"
2047,May,11,"['2047/05/11', '2047-05-11', '11 May 2047', '11-05-2047', '11th May, 2047', 'May 11th, 2047', '11/05/2047', '05/11/2047']"
1945,April,30,"['30/04/1945', '1945/04/30', '30-04-1945', '30 Apr 1945', 'April 30th, 1945', '1945-04-30', '04/30/1945', '30th April, 1945']"
2082,August,3,"['03-08-2082', '08/03/2082', '03/08/2082', '2082/08/03', '3rd August, 2082']"
2059,January,29,"['2059/01/29', '29th January, 2059', '2059-01-29', '29 Jan 2059']"
2039,January,18,"['01/18/2039', '2039-01-18', '18th January, 2039', '18/01/2039', '18-01-2039']"
1909,February,19,"['1909/02/19', '19/02/1909', 'February 19th, 1909', '19 Feb 1909', '1909-02-19', '19-02-1909', '19th February, 1909', '02/19/1909']"
2043,March,31,"['03/31/2043', '31/03/2043', '2043/03/31']"
2081,February,9,"['09 Feb 2081', '2081/02/09']"
2095,May,12,"['12 May 2095', '2095-05-12', '12/05/2095', '12th May, 2095', '12-05-2095', '05/12/2095', 'May 12th, 2095']"
1904,June,8,"['08 Jun 1904', '8th June, 1904', '08-06-1904', '06/08/1904', '1904-06-08', '08/06/1904', '1904/06/08']"
1945,February,2,"['February 2nd, 1945', '02 Feb 1945']"
2053,September,13,['13-09-2053']
2078,October,14,"['2078/10/14', '14/10/2078']"
2016,May,2,"['2nd May, 2016', '05/02/2016', 'May 2nd, 2016', '2016-05-02', '02/05/2016', '02-05-2016']"
2090,May,17,"['17-05-2090', '05/17/2090', '2090/05/17', 'May 17th, 2090', '17/05/2090', '2090-05-17', '17th May, 2090']"
1935,November,26,"['26-11-1935', '26/11/1935', '1935/11/26', '11/26/1935', 'November 26th, 1935', '1935-11-26', '26 Nov 1935', '26th November, 1935']"
1971,March,12,"['12-03-1971', '03/12/1971', '1971/03/12', '12/03/1971']"
2011,April,5,"['2011/04/05', 'April 5th, 2011', '04/05/2011', '05-04-2011', '05 Apr 2011']"
1948,April,30,"['04/30/1948', '30th April, 1948', 'April 30th, 1948', '30-04-1948', '30 Apr 1948', '30/04/1948']"
2046,April,30,['2046/04/30']
1967,October,6,"['06 Oct 1967', '6th October, 1967', '06-10-1967', '1967-10-06', '10/06/1967']"
1933,October,19,"['October 19th, 1933', '19-10-1933']"
2049,December,14,"['14-12-2049', 'December 14th, 2049', '14/12/2049', '14 Dec 2049', '14th December, 2049', '2049/12/14']"
1958,November,2,"['02-11-1958', '02 Nov 1958', '11/02/1958', 'November 2nd, 1958', '02/11/1958', '1958/11/02', '1958-11-02']"
2099,August,6,"['August 6th, 2099']"
2053,February,17,"['17th February, 2053', '2053-02-17', '17-02-2053', '2053/02/17']"
1952,May,13,"['13/05/1952', '13 May 1952']"
1941,July,7,"['1941/07/07', '07 Jul 1941', '1941-07-07', '7th July, 1941', '07/07/1941', '07/07/1941', '07-07-1941']"
2031,February,6,"['2031-02-06', 'February 6th, 2031', '06 Feb 2031', '6th February, 2031', '06-02-2031', '2031/02/06']"
1993,February,19,"['1993-02-19', '19th February, 1993', '19/02/1993', '19 Feb 1993']"
1934,September,16,"['1934-09-16', '16th September, 1934', 'September 16th, 1934', '16-09-1934', '09/16/1934', '1934/09/16', '16/09/1934']"
1996,June,1,"['1996/06/01', 'June 1st, 1996', '01-06-1996', '1st June, 1996']"
1919,April,8,"['1919-04-08', 'April 8th, 1919', '08/04/1919', '1919/04/08', '8th April, 1919', '08 Apr 1919', '08-04-1919', '04/08/1919']"
2020,September,18,"['18 Sep 2020', '18/09/2020', '18th September, 2020', '2020-09-18', '09/18/2020', '2020/09/18']"
2064,October,12,"['12-10-2064', '12 Oct 2064', '2064-10-12', '12/10/2064', '12th October, 2064', 'October 12th, 2064', '10/12/2064']"
2086,December,20,"['20 Dec 2086', 'December 20th, 2086', '20-12-2086', '20/12/2086', '2086-12-20', '20th December, 2086', '2086/12/20']"
1992,October,4,"['04 Oct 1992', '4th October, 1992', 'October 4th, 1992', '10/04/1992', '1992-10-04']"
2098,September,23,"['23/09/2098', '2098-09-23', 'September 23rd, 2098', '23rd September, 2098', '23-09-2098', '09/23/2098']"
1916,June,23,"['23/06/1916', '23 Jun 1916', 'June 23rd, 1916', '06/23/1916', '23-06-1916', '1916-06-23', '23rd June, 1916', '1916/06/23']"
1985,June,13,"['1985/06/13', '13-06-1985', '06/13/1985', '1985-06-13', '13/06/1985', 'June 13th, 1985', '13 Jun 1985']"
2049,April,12,"['12th April, 2049', 'April 12th, 2049', '2049-04-12', '12 Apr 2049', '12-04-2049']"
1972,October,20,"['20 Oct 1972', '10/20/1972', '20-10-1972', '20/10/1972', '20th October, 1972', '1972-10-20', '1972/10/20', 'October 20th, 1972']"
1910,May,8,"['08 May 1910', '8th May, 1910']"
1944,May,16,"['16/05/1944', '16th May, 1944', '16 May 1944', '16-05-1944', '1944/05/16']"
1921,May,4,"['4th May, 1921', '05/04/1921', '1921/05/04']"
1938,April,16,"['16 Apr 1938', '16th April, 1938', '16/04/1938', '16-04-1938', 'April 16th, 1938', '04/16/1938', '1938-04-16']"
1952,February,24,['24-02-1952']
2080,June,8,['08-06-2080']
2022,November,8,"['08/11/2022', '11/08/2022']"
1960,October,23,['1960-10-23']
1990,October,13,"['13th October, 1990', '13 Oct 1990', 'October 13th, 1990', '10/13/1990']"
2054,December,14,"['14th December, 2054', 'December 14th, 2054', '14-12-2054', '2054/12/14', '12/14/2054', '2054-12-14', '14/12/2054']"
1972,February,3,"['03/02/1972', '02/03/1972', 'February 3rd, 1972', '03-02-1972', '1972-02-03', '1972/02/03', '03 Feb 1972']"
2014,March,15,"['2014-03-15', '15-03-2014', '2014/03/15']"
2099,May,24,"['24-05-2099', '2099-05-24', '24th May, 2099', '2099/05/24']"
2076,June,24,"['24 Jun 2076', 'June 24th, 2076', '24th June, 2076', '2076/06/24', '06/24/2076', '24-06-2076']"
1966,December,16,"['16-12-1966', '1966-12-16']"
2041,December,26,"['26 Dec 2041', '26/12/2041', '26th December, 2041', '26-12-2041', '2041/12/26', 'December 26th, 2041', '2041-12-26', '12/26/2041']"
1965,September,8,"['8th September, 1965', '08-09-1965']"
1995,February,15,"['1995-02-15', 'February 15th, 1995', '15-02-1995', '1995/02/15', '02/15/1995', '15th February, 1995', '15 Feb 1995']"
2027,September,2,"['September 2nd, 2027', '02-09-2027', '02 Sep 2027', '02/09/2027']"
1950,April,19,"['19th April, 1950', 'April 19th, 1950', '1950/04/19', '1950-04-19', '19 Apr 1950', '19-04-1950', '19/04/1950']"
1949,July,18,"['07/18/1949', '18 Jul 1949']"
1963,April,27,"['04/27/1963', '27th April, 1963', '27-04-1963']"
1927,May,21,"['1927-05-21', '21st May, 1927', '05/21/1927', '1927/05/21', 'May 21st, 1927', '21 May 1927']"
2020,August,5,"['08/05/2020', 'August 5th, 2020']"
2059,August,30,"['08/30/2059', '30 Aug 2059', '30-08-2059', '2059/08/30', 'August 30th, 2059', '2059-08-30']"
1990,April,1,"['01 Apr 1990', '1990-04-01', '01/04/1990', '1st April, 1990']"
1946,March,26,"['March 26th, 1946', '26-03-1946', '1946-03-26', '26th March, 1946', '26 Mar 1946', '1946/03/26']"
2006,July,1,"['01 Jul 2006', '01-07-2006', 'July 1st, 2006', '1st July, 2006', '2006/07/01']"
1931,August,13,"['08/13/1931', 'August 13th, 1931', '13 Aug 1931', '13th August, 1931']"
2025,March,23,"['2025/03/23', 'March 23rd, 2025']"
1957,August,27,"['27th August, 1957', '08/27/1957', '1957-08-27', 'August 27th, 1957', '27/08/1957', '1957/08/27', '27 Aug 1957', '27-08-1957']"
1902,December,14,"['14-12-1902', '12/14/1902', '14/12/1902', '1902-12-14', '14th December, 1902']"
2015,April,5,"['2015-04-05', '04/05/2015', '2015/04/05', '05 Apr 2015', '5th April, 2015', 'April 5th, 2015', '05-04-2015', '05/04/2015']"
1958,April,15,"['15th April, 1958', '1958/04/15']"
2046,December,29,"['2046-12-29', 'December 29th, 2046', '29th December, 2046', '2046/12/29', '12/29/2046', '29-12-2046']"
1985,October,11,"['11 Oct 1985', 'October 11th, 1985', '1985-10-11', '11th October, 1985', '10/11/1985']"
1955,December,21,"['December 21st, 1955', '1955-12-21', '21st December, 1955', '21 Dec 1955', '21/12/1955', '21-12-1955']"
1991,September,11,"['11th September, 1991', '1991-09-11']"
2074,March,3,"['March 3rd, 2074', '03 Mar 2074', '2074/03/03', '03-03-2074']"
1949,November,7,"['November 7th, 1949', '07 Nov 1949', '11/07/1949']"
1965,December,4,"['04 Dec 1965', '12/04/1965', '4th December, 1965', '04-12-1965', 'December 4th, 1965', '1965/12/04', '04/12/1965']"
2029,February,1,"['01/02/2029', 'February 1st, 2029', '02/01/2029']"
1941,April,15,"['04/15/1941', '15/04/1941', '1941/04/15', '15-04-1941', '15 Apr 1941', '1941-04-15']"
1985,September,24,"['24 Sep 1985', '09/24/1985']"
1974,February,28,"['28th February, 1974', '28-02-1974', '28 Feb 1974']"
1997,November,2,"['02 Nov 1997', '02/11/1997', 'November 2nd, 1997', '11/02/1997']"
2005,July,20,"['20th July, 2005', '20 Jul 2005', '20-07-2005', '20/07/2005']"
2043,November,22,"['11/22/2043', '22/11/2043', '2043-11-22', '22nd November, 2043', '2043/11/22', '22-11-2043', 'November 22nd, 2043', '22 Nov 2043']"
1978,November,5,"['11/05/1978', 'November 5th, 1978', '05-11-1978', '5th November, 1978', '05/11/1978', '1978/11/05', '1978-11-05']"
1967,July,31,"['31 Jul 1967', '31-07-1967', '07/31/1967', '1967/07/31', '31st July, 1967', '31/07/1967', 'July 31st, 1967']"
1973,November,15,"['11/15/1973', '1973/11/15', '15-11-1973', '15/11/1973']"
1938,August,19,"['19-08-1938', '19th August, 1938', 'August 19th, 1938']"
2052,August,8,['08/08/2052']
1916,July,12,['12/07/1916']
1917,June,5,"['05/06/1917', '5th June, 1917', '1917/06/05', '05-06-1917', 'June 5th, 1917', '1917-06-05', '06/05/1917']"
2069,December,20,"['2069/12/20', '20-12-2069', '2069-12-20', '20/12/2069', 'December 20th, 2069', '20th December, 2069']"
2045,August,5,"['2045-08-05', '2045/08/05', '08/05/2045', '05/08/2045']"
1959,February,7,['02/07/1959']
2077,July,27,"['27 Jul 2077', '27th July, 2077', '27-07-2077', '2077-07-27', '27/07/2077', 'July 27th, 2077', '2077/07/27', '07/27/2077']"
2090,December,28,"['2090-12-28', '28 Dec 2090', '12/28/2090', '28-12-2090']"
2013,February,1,"['02/01/2013', '2013/02/01']"
2000,July,21,"['July 21st, 2000', '2000-07-21', '21 Jul 2000', '21st July, 2000', '07/21/2000', '21/07/2000', '2000/07/21']"
1986,March,8,"['1986/03/08', '08/03/1986', '1986-03-08', 'March 8th, 1986', '8th March, 1986', '08-03-1986', '03/08/1986']"
1909,June,12,"['12/06/1909', '06/12/1909', '1909/06/12', 'June 12th, 1909']"
1989,September,16,"['09/16/1989', '1989/09/16', '16 Sep 1989', 'September 16th, 1989', '16-09-1989', '16th September, 1989']"
1961,July,31,['31 Jul 1961']
2073,February,6,"['6th February, 2073']"
2016,May,10,"['05/10/2016', '2016/05/10', '10/05/2016', '10-05-2016', '2016-05-10', 'May 10th, 2016', '10 May 2016']"
2051,September,10,"['2051/09/10', '10-09-2051']"
1914,April,17,"['17/04/1914', '17-04-1914', '04/17/1914', '17 Apr 1914']"
2012,June,19,"['19/06/2012', '19-06-2012', '19 Jun 2012', '19th June, 2012']"
1950,November,21,"['21-11-1950', 'November 21st, 1950', '1950-11-21']"
1940,November,14,"['1940-11-14', 'November 14th, 1940', '14/11/1940', '14th November, 1940', '14-11-1940']"
2013,July,16,"['16/07/2013', '16-07-2013', '16th July, 2013']"
2013,December,1,"['2013-12-01', '2013/12/01', '01 Dec 2013', 'December 1st, 2013', '1st December, 2013', '12/01/2013']"
2065,April,19,"['19-04-2065', '19/04/2065']"
1905,August,20,"['20th August, 1905']"
2004,May,30,"['May 30th, 2004']"
2001,June,23,"['23rd June, 2001', '2001-06-23', '23 Jun 2001', '23/06/2001']"
2067,April,17,"['17th April, 2067', 'April 17th, 2067', '17/04/2067', '2067/04/17', '17-04-2067', '2067-04-17', '17 Apr 2067']"
2071,July,22,"['2071/07/22', '22 Jul 2071', '22nd July, 2071', '22/07/2071', '22-07-2071', 'July 22nd, 2071']"
1961,October,11,"['10/11/1961', '1961/10/11', 'October 11th, 1961', '11-10-1961', '11 Oct 1961', '11/10/1961']"
1981,September,23,"['September 23rd, 1981', '1981-09-23', '23-09-1981', '23 Sep 1981']"
2014,December,8,"['December 8th, 2014', '08-12-2014', '08/12/2014', '2014-12-08']"
1913,June,21,['1913-06-21']
2023,February,6,"['06/02/2023', '6th February, 2023', '2023-02-06', '2023/02/06']"
2030,October,9,"['2030-10-09', '10/09/2030', '09 Oct 2030', '09/10/2030', '2030/10/09']"
2078,November,1,"['2078/11/01', '1st November, 2078', '01-11-2078', '01/11/2078', '11/01/2078', '01 Nov 2078']"
2074,January,21,"['21/01/2074', '2074/01/21', '21st January, 2074', '2074-01-21', '21 Jan 2074', '21-01-2074', '01/21/2074']"
1966,October,13,"['October 13th, 1966', '10/13/1966', '13 Oct 1966', '13-10-1966']"
1928,June,26,"['26 Jun 1928', '26th June, 1928', 'June 26th, 1928', '26-06-1928']"
2074,November,12,"['November 12th, 2074', '12 Nov 2074', '12/11/2074']"
2054,July,16,"['16-07-2054', '16 Jul 2054', '2054/07/16', '16/07/2054', 'July 16th, 2054']"
1945,May,29,"['29/05/1945', '1945/05/29', '1945-05-29']"
1990,April,18,"['April 18th, 1990', '18th April, 1990', '04/18/1990', '18/04/1990', '18-04-1990', '18 Apr 1990']"
1988,June,12,['12 Jun 1988']
2080,June,19,"['2080-06-19', '19/06/2080', '19th June, 2080', '19 Jun 2080']"
1970,October,12,"['1970/10/12', '12th October, 1970', '1970-10-12', '12 Oct 1970', '12/10/1970']"
2023,August,31,"['31-08-2023', '31 Aug 2023', 'August 31st, 2023', '2023/08/31', '2023-08-31', '31/08/2023', '08/31/2023']"
1977,June,29,"['1977/06/29', '1977-06-29', '29th June, 1977', 'June 29th, 1977', '29/06/1977', '29 Jun 1977', '29-06-1977']"
1992,May,27,"['27/05/1992', '05/27/1992', '1992/05/27', 'May 27th, 1992', '27-05-1992', '27 May 1992', '27th May, 1992', '1992-05-27']"
1939,June,20,"['1939-06-20', '20/06/1939', '20th June, 1939', '20 Jun 1939', 'June 20th, 1939']"
1981,July,13,"['1981/07/13', '13 Jul 1981', '13-07-1981', '07/13/1981', '13/07/1981', 'July 13th, 1981']"
2062,June,27,"['2062-06-27', '27 Jun 2062']"
2018,September,11,"['11 Sep 2018', '11th September, 2018']"
2069,May,18,"['2069-05-18', '2069/05/18', '18-05-2069', 'May 18th, 2069', '18th May, 2069']"
2084,February,26,"['2084-02-26', '26th February, 2084', '02/26/2084', '26 Feb 2084', '26/02/2084', '26-02-2084', 'February 26th, 2084', '2084/02/26']"
1980,April,12,"['April 12th, 1980', '1980-04-12', '1980/04/12']"
1987,March,31,"['1987-03-31', '1987/03/31']"
2049,September,12,"['12/09/2049', '2049-09-12', '09/12/2049', '12th September, 2049']"
2046,June,10,"['10-06-2046', '10th June, 2046', '10/06/2046', '06/10/2046', '2046-06-10', 'June 10th, 2046']"
1977,August,9,"['09-08-1977', '09/08/1977', '9th August, 1977']"
1967,April,2,"['April 2nd, 1967']"
2040,February,25,"['25 Feb 2040', '25-02-2040', 'February 25th, 2040', '25/02/2040', '2040/02/25', '2040-02-25', '02/25/2040', '25th February, 2040']"
2051,June,16,"['16/06/2051', '16 Jun 2051', '06/16/2051', '2051-06-16', '2051/06/16', '16-06-2051', '16th June, 2051']"
2047,May,18,"['18th May, 2047', '05/18/2047', '18-05-2047', 'May 18th, 2047', '18/05/2047', '2047-05-18', '18 May 2047']"
2070,November,21,"['2070-11-21', '21st November, 2070', '11/21/2070', '21/11/2070', '21-11-2070', '2070/11/21']"
2071,August,13,"['2071/08/13', '2071-08-13', 'August 13th, 2071', '13-08-2071']"
1964,October,1,"['01 Oct 1964', '01-10-1964', '01/10/1964', 'October 1st, 1964', '10/01/1964', '1964/10/01', '1964-10-01']"
1983,July,19,['19/07/1983']
1953,November,26,"['26/11/1953', '26-11-1953', '11/26/1953', '26th November, 1953', '1953-11-26', '26 Nov 1953', 'November 26th, 1953']"
1909,February,28,"['28-02-1909', '28 Feb 1909', '28th February, 1909', 'February 28th, 1909', '28/02/1909', '1909-02-28', '1909/02/28', '02/28/1909']"
1974,October,21,['21-10-1974']
1941,November,28,"['1941-11-28', '28 Nov 1941', 'November 28th, 1941']"
1936,December,4,"['04-12-1936', 'December 4th, 1936', '04 Dec 1936', '1936/12/04', '1936-12-04', '04/12/1936']"
2056,April,9,"['09 Apr 2056', '09/04/2056', '2056/04/09']"
1940,March,22,"['22nd March, 1940', 'March 22nd, 1940', '1940/03/22', '22-03-1940', '03/22/1940', '22 Mar 1940']"
2042,July,2,['07/02/2042']
1934,January,22,['1934-01-22']
1953,September,27,"['1953-09-27', '09/27/1953', '27-09-1953', 'September 27th, 1953', '27/09/1953', '27th September, 1953', '27 Sep 1953']"
1927,November,1,"['01/11/1927', '1927-11-01', '01 Nov 1927']"
1974,January,11,['11/01/1974']
1990,November,4,"['04-11-1990', '11/04/1990', '4th November, 1990', '04/11/1990', 'November 4th, 1990', '1990-11-04', '1990/11/04']"
2021,April,15,['15-04-2021']
2072,April,23,"['23/04/2072', '23rd April, 2072']"
2015,April,3,"['03/04/2015', '03-04-2015', '3rd April, 2015', '04/03/2015', '03 Apr 2015', 'April 3rd, 2015', '2015-04-03', '2015/04/03']"
1959,August,3,"['1959/08/03', '3rd August, 1959', '08/03/1959', '1959-08-03', 'August 3rd, 1959', '03 Aug 1959']"
1961,March,23,"['23rd March, 1961', '23/03/1961', '03/23/1961', '23-03-1961', '1961/03/23', '1961-03-23', 'March 23rd, 1961', '23 Mar 1961']"
2068,October,30,"['30/10/2068', '10/30/2068', '30th October, 2068', '30-10-2068', 'October 30th, 2068', '2068-10-30']"
2001,November,29,"['29th November, 2001']"
1979,June,17,"['17 Jun 1979', 'June 17th, 1979', '1979-06-17']"
2004,March,14,"['14/03/2004', 'March 14th, 2004', '14-03-2004', '2004-03-14', '2004/03/14', '14th March, 2004']"
1931,June,30,"['1931-06-30', '30-06-1931', '1931/06/30', '06/30/1931', '30/06/1931', '30th June, 1931', 'June 30th, 1931']"
2098,May,15,"['2098/05/15', '15 May 2098', '2098-05-15']"
2006,October,10,"['10th October, 2006', '10/10/2006', '10-10-2006', 'October 10th, 2006', '2006-10-10']"
1929,October,18,"['1929-10-18', '1929/10/18', '10/18/1929', '18-10-1929', '18th October, 1929', 'October 18th, 1929']"
1983,January,26,"['1983/01/26', '26-01-1983', '01/26/1983', '26th January, 1983', '26 Jan 1983']"
1951,September,11,"['11 Sep 1951', '11-09-1951', '11/09/1951', '1951-09-11']"
2045,March,28,"['28-03-2045', '28th March, 2045']"
2005,November,11,"['11/11/2005', '11/11/2005', '11th November, 2005', '2005-11-11', '2005/11/11', '11 Nov 2005', '11-11-2005']"
2098,July,18,['2098/07/18']
1930,August,20,"['20th August, 1930', 'August 20th, 1930', '20 Aug 1930']"
2086,February,27,"['27th February, 2086', '27/02/2086', '27-02-2086', '27 Feb 2086', '02/27/2086']"
2038,June,8,"['08 Jun 2038', '2038/06/08']"
1903,April,8,"['04/08/1903', '08/04/1903', '1903-04-08', 'April 8th, 1903', '1903/04/08']"
2000,May,11,"['11/05/2000', '2000/05/11', '11-05-2000', '11th May, 2000', '05/11/2000', '11 May 2000', 'May 11th, 2000']"
2084,October,10,"['2084/10/10', '10/10/2084', '10 Oct 2084', '2084-10-10']"
2050,August,23,['23/08/2050']
1957,December,26,"['26-12-1957', 'December 26th, 1957', '1957/12/26', '1957-12-26', '26th December, 1957']"
2024,December,7,"['07/12/2024', '07 Dec 2024']"
1988,December,14,"['12/14/1988', 'December 14th, 1988', '14/12/1988', '1988-12-14', '14-12-1988']"
2081,November,18,"['November 18th, 2081', '18 Nov 2081']"
2006,March,17,['17 Mar 2006']
1931,July,20,"['20/07/1931', '1931-07-20', '1931/07/20']"
2053,February,15,"['2053-02-15', '15 Feb 2053', '2053/02/15', '15th February, 2053', '15-02-2053', '15/02/2053', 'February 15th, 2053']"
1977,March,20,['20 Mar 1977']
1989,December,14,"['14th December, 1989', '12/14/1989', '1989-12-14', '14/12/1989', '14 Dec 1989', '14-12-1989', 'December 14th, 1989', '1989/12/14']"
1949,February,1,"['1st February, 1949', '02/01/1949']"
1987,January,7,['1987/01/07']
1934,November,29,"['29th November, 1934', '29 Nov 1934']"
2014,March,25,"['25-03-2014', '03/25/2014', '2014-03-25', '25 Mar 2014']"
2076,January,11,"['11/01/2076', '01/11/2076', '2076-01-11']"
2034,December,26,"['12/26/2034', '26/12/2034', 'December 26th, 2034', '2034/12/26', '26 Dec 2034', '2034-12-26']"
1934,June,15,"['June 15th, 1934', '15 Jun 1934', '1934/06/15', '1934-06-15', '15-06-1934']"
2085,September,28,"['2085/09/28', '09/28/2085', '28 Sep 2085', '28-09-2085', '2085-09-28', 'September 28th, 2085', '28th September, 2085']"
1906,June,28,"['06/28/1906', '1906-06-28', '28 Jun 1906', '1906/06/28', '28/06/1906', 'June 28th, 1906']"
1918,September,22,"['22nd September, 1918']"
1996,November,6,['1996-11-06']
2099,October,25,"['2099/10/25', '25/10/2099']"
2048,November,8,"['08-11-2048', '08/11/2048', '11/08/2048']"
2026,August,10,"['08/10/2026', '10/08/2026']"
2054,January,27,"['January 27th, 2054', '27/01/2054']"
2053,November,23,"['23 Nov 2053', 'November 23rd, 2053']"
1955,June,1,"['1955/06/01', '01-06-1955']"
2005,February,3,"['03-02-2005', '02/03/2005', '3rd February, 2005', '03 Feb 2005', '03/02/2005', '2005-02-03']"
2054,January,23,['23-01-2054']
2087,May,1,"['2087/05/01', '01-05-2087', '2087-05-01', '01 May 2087']"
2059,July,15,['2059-07-15']
2073,June,26,"['06/26/2073', '2073-06-26', '26th June, 2073', '26/06/2073', '26-06-2073', '2073/06/26', '26 Jun 2073']"
1960,January,17,"['January 17th, 1960', '17-01-1960', '17 Jan 1960', '1960-01-17']"
1967,January,7,"['07 Jan 1967', '07/01/1967', '07-01-1967', 'January 7th, 1967', '01/07/1967', '7th January, 1967', '1967-01-07']"
2008,February,2,"['2008-02-02', '02-02-2008', '02/02/2008', '2nd February, 2008', '02 Feb 2008', '2008/02/02']"
2088,May,23,"['05/23/2088', '2088/05/23', '23-05-2088']"
2007,August,23,"['23 Aug 2007', '08/23/2007', '2007/08/23', '23rd August, 2007', 'August 23rd, 2007', '2007-08-23']"
1956,November,2,"['02 Nov 1956', '1956/11/02']"
2021,March,8,"['8th March, 2021', 'March 8th, 2021', '08/03/2021']"
1953,October,13,"['10/13/1953', '1953/10/13', '13/10/1953']"
2007,March,19,"['March 19th, 2007', '2007-03-19', '2007/03/19', '19th March, 2007', '03/19/2007', '19-03-2007']"
1962,June,17,"['17th June, 1962', '17 Jun 1962', '1962/06/17', 'June 17th, 1962', '06/17/1962', '17/06/1962']"
2048,September,1,"['01-09-2048', '01/09/2048', '1st September, 2048']"
2022,February,16,['2022/02/16']
2088,October,27,"['27/10/2088', '27th October, 2088', '2088/10/27', '10/27/2088', 'October 27th, 2088', '2088-10-27']"
2089,November,14,"['2089-11-14', '11/14/2089', '2089/11/14', 'November 14th, 2089', '14 Nov 2089', '14th November, 2089', '14-11-2089', '14/11/2089']"
1905,February,19,"['1905/02/19', '19/02/1905', '1905-02-19', '19-02-1905', '02/19/1905']"
1923,May,12,"['12-05-1923', '12/05/1923', '05/12/1923', '12th May, 1923']"
2059,February,20,"['02/20/2059', '20/02/2059', '20th February, 2059']"
1984,August,22,"['1984-08-22', '1984/08/22', '08/22/1984', '22-08-1984', 'August 22nd, 1984', '22 Aug 1984', '22/08/1984']"
1969,May,14,"['14th May, 1969', '1969/05/14', '14/05/1969', '14 May 1969', '05/14/1969', 'May 14th, 1969', '1969-05-14', '14-05-1969']"
1945,September,26,"['September 26th, 1945', '1945/09/26', '26 Sep 1945']"
2099,August,8,"['08/08/2099', '08-08-2099', '2099-08-08', '2099/08/08', '8th August, 2099', '08 Aug 2099']"
1955,February,4,"['04-02-1955', '4th February, 1955', '04 Feb 1955']"
2025,July,23,"['23 Jul 2025', '23/07/2025', '2025-07-23', 'July 23rd, 2025', '23rd July, 2025', '23-07-2025', '07/23/2025']"
2049,June,22,"['22nd June, 2049', '2049-06-22', '06/22/2049', '2049/06/22', '22-06-2049', 'June 22nd, 2049', '22/06/2049']"
2056,December,17,"['17 Dec 2056', '2056/12/17', '17th December, 2056', '17/12/2056', '2056-12-17', '17-12-2056', 'December 17th, 2056', '12/17/2056']"
2070,August,24,['2070/08/24']
2014,August,6,['2014/08/06']
2003,February,11,"['11-02-2003', '2003/02/11', '2003-02-11', '11 Feb 2003']"
2039,March,27,"['27th March, 2039', '27 Mar 2039', '2039/03/27', '27/03/2039', '2039-03-27', '03/27/2039', '27-03-2039', 'March 27th, 2039']"
2045,December,26,"['12/26/2045', 'December 26th, 2045', '2045/12/26', '26/12/2045', '26-12-2045', '26 Dec 2045', '2045-12-26', '26th December, 2045']"
1981,May,26,"['May 26th, 1981']"
2068,August,26,"['26 Aug 2068', '26th August, 2068', '2068/08/26', '08/26/2068']"
2098,February,28,"['2098-02-28', '28 Feb 2098', '2098/02/28', '28/02/2098', '02/28/2098', '28th February, 2098', 'February 28th, 2098', '28-02-2098']"
2018,March,30,"['March 30th, 2018', '30/03/2018', '03/30/2018']"
2020,November,21,"['21-11-2020', '2020-11-21', 'November 21st, 2020', '21st November, 2020']"
1945,August,28,"['August 28th, 1945', '28-08-1945']"
1924,June,29,"['29 Jun 1924', '29th June, 1924', '1924/06/29', '29/06/1924']"
2085,September,17,"['17/09/2085', '2085/09/17', '17 Sep 2085']"
2012,April,16,"['2012/04/16', 'April 16th, 2012', '16th April, 2012', '16-04-2012']"
2090,April,17,"['17-04-2090', 'April 17th, 2090', '17 Apr 2090', '2090-04-17']"
2022,July,1,"['1st July, 2022']"
2092,April,28,"['2092/04/28', '2092-04-28', '28th April, 2092', 'April 28th, 2092']"
1999,July,30,"['30th July, 1999', '30-07-1999', 'July 30th, 1999', '1999/07/30', '30 Jul 1999', '1999-07-30', '30/07/1999', '07/30/1999']"
1925,June,3,"['June 3rd, 1925', '3rd June, 1925', '03 Jun 1925', '06/03/1925', '03-06-1925', '03/06/1925', '1925/06/03', '1925-06-03']"
2020,November,14,"['2020-11-14', '14 Nov 2020', '2020/11/14', '11/14/2020', '14-11-2020']"
2036,November,4,"['November 4th, 2036', '04/11/2036', '04 Nov 2036', '04-11-2036', '2036-11-04', '4th November, 2036', '11/04/2036', '2036/11/04']"
2096,July,4,"['04 Jul 2096', '04/07/2096', '4th July, 2096', '04-07-2096', '2096/07/04', '07/04/2096']"
2068,April,13,"['13th April, 2068', '04/13/2068', '13/04/2068', '13-04-2068', '13 Apr 2068']"
2036,August,29,"['29 Aug 2036', '2036/08/29', 'August 29th, 2036', '29/08/2036', '29-08-2036', '2036-08-29', '29th August, 2036', '08/29/2036']"
2076,November,9,"['09-11-2076', '09 Nov 2076']"
1936,February,10,"['1936/02/10', '10th February, 1936', '10 Feb 1936', 'February 10th, 1936']"
2021,December,28,"['2021-12-28', '28 Dec 2021', '28/12/2021', 'December 28th, 2021', '28-12-2021', '28th December, 2021']"
2099,April,4,"['04 Apr 2099', '2099/04/04', 'April 4th, 2099']"
1979,July,11,"['July 11th, 1979', '1979/07/11', '11/07/1979']"
1950,October,25,"['1950-10-25', '25 Oct 1950', 'October 25th, 1950', '1950/10/25', '25th October, 1950', '25-10-1950', '10/25/1950', '25/10/1950']"
1953,March,15,"['03/15/1953', '15-03-1953', '15/03/1953', '15th March, 1953']"
2085,September,18,"['18 Sep 2085', 'September 18th, 2085', '2085-09-18', '2085/09/18', '18-09-2085']"
2082,June,2,"['June 2nd, 2082', '02/06/2082', '2082/06/02', '02 Jun 2082', '2082-06-02', '06/02/2082', '02-06-2082', '2nd June, 2082']"
1957,May,20,"['20/05/1957', '1957/05/20', '05/20/1957', '20 May 1957', '1957-05-20', '20-05-1957']"
1908,February,3,"['03/02/1908', '02/03/1908', '03 Feb 1908', '03-02-1908', '1908-02-03', '1908/02/03', '3rd February, 1908']"
1914,October,4,"['04/10/1914', '04 Oct 1914', '10/04/1914']"
2030,April,7,"['7th April, 2030', '07/04/2030', '2030/04/07']"
1931,January,22,"['22nd January, 1931', 'January 22nd, 1931', '1931-01-22', '01/22/1931']"
2023,October,10,"['2023-10-10', '2023/10/10', '10/10/2023', '10-10-2023', '10/10/2023', '10 Oct 2023', 'October 10th, 2023', '10th October, 2023']"
1996,October,3,"['03/10/1996', '1996/10/03', '03-10-1996', 'October 3rd, 1996', '3rd October, 1996', '1996-10-03', '03 Oct 1996', '10/03/1996']"
1901,December,24,"['1901/12/24', '12/24/1901', '1901-12-24', 'December 24th, 1901', '24 Dec 1901', '24th December, 1901', '24/12/1901']"
1965,May,9,"['09 May 1965', 'May 9th, 1965', '05/09/1965', '1965-05-09', '1965/05/09', '9th May, 1965']"
1932,January,25,"['25/01/1932', '1932/01/25', '25th January, 1932']"
1971,February,16,"['1971-02-16', '02/16/1971', '16-02-1971', '1971/02/16', 'February 16th, 1971', '16th February, 1971']"
2070,March,16,"['16-03-2070', '16th March, 2070', '16 Mar 2070', '2070-03-16', '03/16/2070', '16/03/2070', 'March 16th, 2070', '2070/03/16']"
1973,October,26,"['26th October, 1973', 'October 26th, 1973']"
2059,December,14,"['2059/12/14', '14 Dec 2059']"
2033,May,20,"['20-05-2033', '2033-05-20', '2033/05/20', '20/05/2033', 'May 20th, 2033', '05/20/2033', '20 May 2033', '20th May, 2033']"
1971,April,14,"['14th April, 1971', '1971-04-14', '04/14/1971', '1971/04/14', '14/04/1971', '14 Apr 1971', '14-04-1971']"
1983,July,7,"['07 Jul 1983', '07-07-1983', '07/07/1983', 'July 7th, 1983']"
2054,January,30,"['30/01/2054', '30th January, 2054', '2054/01/30', '01/30/2054', 'January 30th, 2054', '30 Jan 2054']"
1908,December,5,['1908/12/05']
1971,August,5,"['05-08-1971', '1971-08-05', '05/08/1971', '5th August, 1971']"
2062,June,3,"['June 3rd, 2062']"
1967,March,3,"['3rd March, 1967', '1967/03/03', 'March 3rd, 1967', '03/03/1967', '03-03-1967']"
2065,July,10,"['2065/07/10', '07/10/2065', '10th July, 2065', '10/07/2065', '10-07-2065', '2065-07-10']"
1947,March,28,"['28th March, 1947', 'March 28th, 1947', '1947/03/28', '1947-03-28', '28 Mar 1947', '03/28/1947']"
2069,April,5,"['2069-04-05', '05 Apr 2069']"
1963,September,16,"['16/09/1963', '16th September, 1963', 'September 16th, 1963', '1963-09-16', '16-09-1963', '16 Sep 1963', '1963/09/16']"
1922,October,21,['1922-10-21']
2092,March,10,['03/10/2092']
1969,December,25,"['12/25/1969', '25-12-1969', '25th December, 1969', '1969-12-25', 'December 25th, 1969', '25 Dec 1969', '1969/12/25', '25/12/1969']"
1911,February,3,"['February 3rd, 1911', '03-02-1911', '03 Feb 1911', '1911/02/03', '03/02/1911', '1911-02-03', '3rd February, 1911', '02/03/1911']"
2055,September,16,"['09/16/2055', '16-09-2055', '16/09/2055', '16th September, 2055']"
2052,September,19,"['2052-09-19', '09/19/2052', 'September 19th, 2052', '19/09/2052', '19th September, 2052', '19 Sep 2052', '19-09-2052', '2052/09/19']"
2086,February,21,"['21-02-2086', '2086/02/21', '2086-02-21']"
2069,December,19,"['12/19/2069', 'December 19th, 2069', '19 Dec 2069', '19-12-2069', '2069/12/19', '19th December, 2069', '2069-12-19']"
1961,June,9,"['June 9th, 1961', '9th June, 1961', '09 Jun 1961']"
2059,July,10,"['2059/07/10', 'July 10th, 2059', '07/10/2059', '10/07/2059', '10-07-2059', '2059-07-10', '10th July, 2059']"
1974,October,30,['30-10-1974']
1997,December,11,"['1997-12-11', '1997/12/11', '11/12/1997', '11th December, 1997', '11-12-1997', '12/11/1997', 'December 11th, 1997', '11 Dec 1997']"
2092,January,1,"['01 Jan 2092', '01/01/2092', '01/01/2092', '01-01-2092', 'January 1st, 2092', '1st January, 2092', '2092/01/01']"
2043,August,30,"['30/08/2043', '2043/08/30', '30 Aug 2043', 'August 30th, 2043', '08/30/2043', '2043-08-30']"
2004,July,26,['26/07/2004']
1902,February,26,"['1902/02/26', '26th February, 1902', '1902-02-26', 'February 26th, 1902', '02/26/1902']"
1987,July,25,"['25th July, 1987', '1987/07/25', '1987-07-25', 'July 25th, 1987']"
2011,August,14,"['2011/08/14', '14-08-2011', '14th August, 2011', '14/08/2011', '14 Aug 2011', '08/14/2011', '2011-08-14', 'August 14th, 2011']"
1941,December,21,"['21/12/1941', '1941/12/21', '21 Dec 1941', '12/21/1941', 'December 21st, 1941']"
2069,September,28,"['28 Sep 2069', '28-09-2069', '28/09/2069', 'September 28th, 2069', '2069/09/28']"
1927,February,11,"['11th February, 1927', '1927/02/11', 'February 11th, 1927', '1927-02-11', '02/11/1927', '11/02/1927', '11 Feb 1927', '11-02-1927']"
1999,February,10,"['02/10/1999', '10 Feb 1999', '1999-02-10']"
1975,January,12,"['1975-01-12', '12th January, 1975']"
2003,March,4,"['2003-03-04', '03/04/2003', '04-03-2003']"
2067,February,20,"['20/02/2067', '02/20/2067', '2067-02-20', 'February 20th, 2067', '20-02-2067', '2067/02/20', '20th February, 2067']"
2082,April,16,"['2082-04-16', '16/04/2082', '04/16/2082', '16-04-2082', '2082/04/16', '16th April, 2082', '16 Apr 2082']"
2010,October,24,"['24-10-2010', 'October 24th, 2010']"
2083,March,13,['13 Mar 2083']
1937,May,13,"['13th May, 1937', '13/05/1937', 'May 13th, 1937', '05/13/1937', '13-05-1937', '1937/05/13', '1937-05-13']"
1981,December,13,"['1981/12/13', '13/12/1981', '13th December, 1981', '13-12-1981', '1981-12-13', '12/13/1981', '13 Dec 1981', 'December 13th, 1981']"
2048,June,28,"['2048-06-28', '06/28/2048', 'June 28th, 2048', '28-06-2048', '28 Jun 2048', '28th June, 2048', '2048/06/28']"
1935,August,7,['07 Aug 1935']
2023,September,29,"['September 29th, 2023']"
1971,March,27,"['27th March, 1971', '03/27/1971', 'March 27th, 1971', '1971-03-27', '27/03/1971', '27 Mar 1971', '1971/03/27', '27-03-1971']"
1944,November,22,"['11/22/1944', '22nd November, 1944', '22-11-1944', 'November 22nd, 1944', '22/11/1944', '1944-11-22', '22 Nov 1944']"
2018,June,28,"['28/06/2018', '2018/06/28', '06/28/2018', '28 Jun 2018', '28-06-2018', '28th June, 2018', 'June 28th, 2018']"
2004,June,11,"['06/11/2004', '2004-06-11', '11/06/2004', '11th June, 2004', 'June 11th, 2004']"
2012,March,23,"['23 Mar 2012', 'March 23rd, 2012', '23/03/2012', '2012/03/23', '23rd March, 2012', '03/23/2012', '2012-03-23', '23-03-2012']"
2074,October,9,"['09-10-2074', '09 Oct 2074', '09/10/2074', '10/09/2074', '9th October, 2074', '2074/10/09', 'October 9th, 2074']"
1993,February,1,"['01 Feb 1993', 'February 1st, 1993', '01-02-1993', '1993-02-01', '01/02/1993', '1993/02/01', '1st February, 1993', '02/01/1993']"
2065,February,26,"['2065/02/26', '26/02/2065', '26th February, 2065', '26-02-2065', 'February 26th, 2065', '02/26/2065']"
1991,July,26,"['26 Jul 1991', '26/07/1991', '07/26/1991']"
1919,April,29,"['04/29/1919', '29-04-1919', '29/04/1919', '1919-04-29', 'April 29th, 1919', '1919/04/29']"
2051,March,2,"['03/02/2051', '2051-03-02', '02-03-2051', '02 Mar 2051', 'March 2nd, 2051', '02/03/2051', '2nd March, 2051', '2051/03/02']"
2039,April,19,"['19th April, 2039', '19-04-2039', '19/04/2039', '04/19/2039']"
2056,October,23,"['2056-10-23', '23rd October, 2056', '23/10/2056', '23-10-2056', '23 Oct 2056', 'October 23rd, 2056', '10/23/2056']"
2037,December,15,['2037/12/15']
2044,April,14,"['04/14/2044', '14 Apr 2044', '2044/04/14', '14th April, 2044', '2044-04-14', 'April 14th, 2044', '14-04-2044', '14/04/2044']"
2049,March,24,"['24th March, 2049', '2049/03/24', '24 Mar 2049', '24/03/2049', '03/24/2049', '24-03-2049']"
1942,September,24,"['24-09-1942', '24/09/1942', '24 Sep 1942', '1942/09/24']"
2096,September,14,"['09/14/2096', '2096-09-14', '14th September, 2096', '14 Sep 2096', '2096/09/14', '14-09-2096', 'September 14th, 2096']"
2052,October,31,"['October 31st, 2052', '31 Oct 2052', '31/10/2052', '2052-10-31', '2052/10/31']"
2039,October,6,"['10/06/2039', '2039-10-06']"
1982,November,11,"['11th November, 1982', 'November 11th, 1982', '1982/11/11', '11/11/1982', '11/11/1982', '11 Nov 1982']"
2020,December,27,['27/12/2020']
2056,October,16,"['16th October, 2056', '2056/10/16', '10/16/2056', 'October 16th, 2056', '16/10/2056']"
2093,February,28,"['02/28/2093', 'February 28th, 2093', '28/02/2093', '28-02-2093', '28 Feb 2093', '2093/02/28', '28th February, 2093', '2093-02-28']"
1976,February,18,"['18-02-1976', '18/02/1976']"
1974,November,19,"['19th November, 1974', '19-11-1974', '19/11/1974']"
2060,November,2,"['02-11-2060', '02/11/2060', '2nd November, 2060', 'November 2nd, 2060']"
2013,December,17,"['17-12-2013', '2013-12-17']"
2039,December,18,"['18/12/2039', '18-12-2039']"
1913,November,23,['23-11-1913']
1989,March,21,"['1989-03-21', '21/03/1989', '21 Mar 1989', '21-03-1989', 'March 21st, 1989']"
1965,January,8,"['08/01/1965', '01/08/1965']"
2061,January,17,['2061-01-17']
2028,January,4,"['2028/01/04', '04 Jan 2028', 'January 4th, 2028']"
1979,March,11,"['11 Mar 1979', '1979-03-11', '03/11/1979', '11/03/1979', '11-03-1979', '1979/03/11', 'March 11th, 1979', '11th March, 1979']"
2010,December,28,"['2010/12/28', '12/28/2010', '28/12/2010']"
1950,August,24,"['1950/08/24', 'August 24th, 1950', '24 Aug 1950', '24/08/1950', '24th August, 1950', '24-08-1950', '1950-08-24']"
1936,September,27,"['27/09/1936', 'September 27th, 1936', '27th September, 1936']"
1908,May,13,"['13th May, 1908', '1908-05-13', '13-05-1908', '13/05/1908', 'May 13th, 1908', '05/13/1908', '1908/05/13', '13 May 1908']"
2022,August,26,"['26/08/2022', '2022-08-26', '26 Aug 2022', '26-08-2022', '08/26/2022']"
1925,September,12,"['1925/09/12', '12-09-1925', '12/09/1925', '09/12/1925']"
1938,August,27,"['27/08/1938', '27 Aug 1938', '27-08-1938', 'August 27th, 1938']"
1948,September,29,"['29th September, 1948']"
1925,February,27,"['02/27/1925', 'February 27th, 1925', '27th February, 1925']"
2050,June,25,"['June 25th, 2050', '25 Jun 2050', '06/25/2050']"
1920,November,23,"['23/11/1920', 'November 23rd, 1920', '11/23/1920', '23rd November, 1920', '1920/11/23', '23 Nov 1920']"
2001,January,17,"['2001/01/17', '17th January, 2001']"
1959,April,23,"['04/23/1959', '23rd April, 1959', '23 Apr 1959']"
1980,December,31,"['12/31/1980', '1980-12-31', '1980/12/31', '31/12/1980', '31-12-1980', 'December 31st, 1980']"
2039,December,15,"['15th December, 2039', '15/12/2039']"
2099,January,4,"['04-01-2099', '04/01/2099', '2099-01-04', '01/04/2099', 'January 4th, 2099', '4th January, 2099', '2099/01/04', '04 Jan 2099']"
1960,March,15,"['March 15th, 1960', '15 Mar 1960', '15/03/1960', '03/15/1960', '1960/03/15']"
2023,November,9,"['09-11-2023', '2023/11/09', '09 Nov 2023', '2023-11-09', '9th November, 2023', '09/11/2023']"
2009,June,20,"['June 20th, 2009', '20 Jun 2009', '2009-06-20']"
1936,December,28,['28-12-1936']
2058,March,4,"['04 Mar 2058', '04-03-2058']"
1961,February,23,"['23-02-1961', 'February 23rd, 1961', '23 Feb 1961', '1961/02/23', '1961-02-23', '02/23/1961']"
1910,July,22,"['22nd July, 1910', '22-07-1910', 'July 22nd, 1910', '1910-07-22', '07/22/1910', '1910/07/22']"
1931,March,3,['03/03/1931']
2040,April,23,"['23-04-2040', 'April 23rd, 2040', '04/23/2040', '2040/04/23', '23/04/2040', '23 Apr 2040', '23rd April, 2040', '2040-04-23']"
2095,June,8,"['2095-06-08', '08/06/2095', '08 Jun 2095', 'June 8th, 2095', '06/08/2095', '8th June, 2095', '08-06-2095']"
2016,September,12,"['09/12/2016', '2016/09/12']"
2097,February,14,"['February 14th, 2097', '14th February, 2097', '14-02-2097', '2097-02-14', '02/14/2097']"
1903,November,19,"['1903-11-19', 'November 19th, 1903', '1903/11/19', '19-11-1903']"
1916,June,8,"['June 8th, 1916', '8th June, 1916', '1916-06-08', '08-06-1916', '08/06/1916']"
1981,June,9,"['09 Jun 1981', '1981-06-09']"
1981,May,1,"['1981-05-01', '05/01/1981', '1st May, 1981', '01-05-1981', '01/05/1981', '01 May 1981', 'May 1st, 1981']"
1932,March,19,"['March 19th, 1932', '19 Mar 1932', '19/03/1932', '19th March, 1932', '1932/03/19', '1932-03-19']"
2078,April,19,['19 Apr 2078']
2004,January,11,"['2004/01/11', '01/11/2004', '11th January, 2004', '11/01/2004', '11 Jan 2004', '2004-01-11', '11-01-2004']"
1909,September,1,"['September 1st, 1909', '01-09-1909']"
2026,October,4,"['4th October, 2026']"
1935,December,9,"['9th December, 1935', '1935-12-09', 'December 9th, 1935', '1935/12/09', '09-12-1935', '09/12/1935', '09 Dec 1935']"
1944,May,6,"['05/06/1944', '6th May, 1944']"
2050,October,19,"['10/19/2050', '19 Oct 2050', 'October 19th, 2050', '2050/10/19', '19th October, 2050', '19-10-2050', '19/10/2050', '2050-10-19']"
2087,July,6,"['2087/07/06', '06-07-2087']"
2006,October,14,"['October 14th, 2006', '14-10-2006', '14/10/2006', '2006/10/14', '2006-10-14', '14 Oct 2006']"
1922,February,6,['06/02/1922']
2030,May,29,"['May 29th, 2030', '29-05-2030', '29 May 2030', '2030/05/29', '2030-05-29', '05/29/2030']"
1964,July,13,['13 Jul 1964']
2099,February,13,"['13th February, 2099', '2099-02-13', '2099/02/13']"
2002,April,18,"['18/04/2002', '04/18/2002', 'April 18th, 2002']"
2036,January,29,"['29th January, 2036', '29/01/2036']"
1922,November,3,"['3rd November, 1922', '03-11-1922', '03/11/1922', '03 Nov 1922', '1922/11/03', '11/03/1922']"
2087,April,16,"['16-04-2087', 'April 16th, 2087']"
2079,April,2,"['2nd April, 2079', '2079-04-02', '02-04-2079', '02/04/2079', '04/02/2079']"
2000,May,17,['05/17/2000']
2085,May,3,"['03-05-2085', '2085/05/03', '3rd May, 2085', '2085-05-03', '03/05/2085']"
2096,April,24,"['04/24/2096', '2096/04/24', '24 Apr 2096', '24/04/2096', 'April 24th, 2096', '24-04-2096']"
2039,August,6,"['06 Aug 2039', '06-08-2039', '08/06/2039', '2039-08-06', '6th August, 2039']"
2060,November,25,"['11/25/2060', '2060-11-25', '25-11-2060', '25 Nov 2060']"
1958,April,14,"['1958-04-14', '04/14/1958']"
1997,May,25,"['May 25th, 1997', '25th May, 1997', '25/05/1997']"
2052,July,22,"['2052/07/22', '2052-07-22', '07/22/2052']"
2066,November,24,"['24 Nov 2066', '2066/11/24', '11/24/2066', 'November 24th, 2066', '24th November, 2066', '24-11-2066', '24/11/2066']"
1937,January,21,"['21st January, 1937', '01/21/1937', '21-01-1937']"
1951,January,23,"['January 23rd, 1951']"
1951,July,21,"['21st July, 1951', '1951/07/21', '21 Jul 1951', '21/07/1951', 'July 21st, 1951', '07/21/1951', '1951-07-21']"
2056,July,23,"['23rd July, 2056', '2056-07-23', '23/07/2056', '23-07-2056', '2056/07/23', '23 Jul 2056']"
1948,July,12,"['12-07-1948', '1948/07/12', '12th July, 1948', '12 Jul 1948']"
1938,November,17,"['17/11/1938', '1938/11/17', 'November 17th, 1938']"
1921,December,3,"['1921/12/03', 'December 3rd, 1921']"
1957,April,11,"['11 Apr 1957', '1957/04/11', 'April 11th, 1957']"
1965,November,9,"['09-11-1965', '9th November, 1965', '09 Nov 1965', '11/09/1965', '09/11/1965', 'November 9th, 1965', '1965-11-09', '1965/11/09']"
1966,July,11,"['11th July, 1966', '11 Jul 1966']"
2073,October,21,"['21st October, 2073', '2073-10-21', 'October 21st, 2073', '21 Oct 2073', '2073/10/21']"
2016,November,18,"['2016-11-18', '2016/11/18', '18/11/2016']"
2072,August,14,"['2072-08-14', '14 Aug 2072', '08/14/2072']"
2067,May,13,"['13-05-2067', '2067/05/13', '13/05/2067', '2067-05-13', '13 May 2067', '05/13/2067']"
1924,January,31,"['31-01-1924', '31st January, 1924', 'January 31st, 1924', '1924-01-31', '31 Jan 1924', '01/31/1924', '1924/01/31', '31/01/1924']"
1971,November,22,"['22nd November, 1971', '22-11-1971', '22/11/1971', '1971/11/22']"
2067,July,19,"['19th July, 2067', '2067/07/19', '19 Jul 2067', '19-07-2067', '2067-07-19']"
2004,August,24,"['24 Aug 2004', '08/24/2004', 'August 24th, 2004']"
2037,June,24,"['24-06-2037', '2037-06-24', '2037/06/24']"
1930,July,22,"['07/22/1930', '22-07-1930', '22/07/1930', '1930-07-22', '1930/07/22', 'July 22nd, 1930', '22nd July, 1930']"
2006,September,11,"['2006/09/11', 'September 11th, 2006']"
1950,July,25,"['July 25th, 1950', '1950/07/25', '1950-07-25', '07/25/1950']"
1911,November,8,"['8th November, 1911', '08 Nov 1911', '1911-11-08', '08/11/1911', 'November 8th, 1911', '08-11-1911']"
2023,September,24,"['2023-09-24', 'September 24th, 2023', '24-09-2023', '09/24/2023', '24/09/2023', '2023/09/24', '24th September, 2023', '24 Sep 2023']"
2041,January,19,['19/01/2041']
1906,September,15,"['09/15/1906', '15/09/1906', '1906-09-15', 'September 15th, 1906', '1906/09/15', '15-09-1906', '15 Sep 1906']"
2094,March,10,"['March 10th, 2094', '10-03-2094']"
2040,March,10,"['10th March, 2040', '2040/03/10']"
2046,July,28,"['2046-07-28', '28 Jul 2046', '28th July, 2046']"
2064,July,31,['07/31/2064']
1978,January,5,"['05-01-1978', '05 Jan 1978', '01/05/1978', '1978/01/05']"
1945,December,10,"['10/12/1945', '1945/12/10', '12/10/1945']"
1936,October,24,"['October 24th, 1936', '1936-10-24']"
1927,May,4,"['04-05-1927', '04/05/1927', 'May 4th, 1927', '05/04/1927', '1927-05-04', '04 May 1927', '4th May, 1927']"
2086,July,30,"['30/07/2086', '30-07-2086', '07/30/2086', '30 Jul 2086']"
2032,August,22,"['22/08/2032', '22 Aug 2032', '2032-08-22', '22-08-2032', '08/22/2032']"
2004,February,17,"['February 17th, 2004']"
1964,February,6,"['06 Feb 1964', '6th February, 1964', '1964/02/06', '06-02-1964', '1964-02-06', '02/06/1964']"
2041,March,31,"['31-03-2041', '31st March, 2041']"
2021,December,15,"['15-12-2021', '15/12/2021', '12/15/2021', '2021-12-15', '15 Dec 2021', '15th December, 2021']"
2026,December,31,"['31/12/2026', '31st December, 2026', '31 Dec 2026', 'December 31st, 2026']"
1954,April,5,"['05-04-1954', '04/05/1954', '05/04/1954', '1954-04-05', '05 Apr 1954', 'April 5th, 1954', '5th April, 1954']"
2035,September,5,['05 Sep 2035']
1913,July,2,"['02 Jul 1913', '2nd July, 1913', '1913/07/02', '1913-07-02', 'July 2nd, 1913', '07/02/1913', '02-07-1913', '02/07/1913']"
2056,January,2,['2056/01/02']
1913,November,7,['07 Nov 1913']
1935,September,2,"['1935/09/02', '02 Sep 1935', '2nd September, 1935']"
1904,August,12,"['12-08-1904', '12 Aug 1904', '1904-08-12', '12/08/1904', '08/12/1904', '12th August, 1904', 'August 12th, 1904']"
2013,March,18,"['18 Mar 2013', '03/18/2013']"
1988,June,2,"['06/02/1988', '1988-06-02', '02/06/1988', '02 Jun 1988', '1988/06/02']"
2050,April,14,"['14th April, 2050', '14/04/2050']"
1919,May,6,['1919/05/06']
2042,September,24,"['24-09-2042', '2042-09-24', '2042/09/24', '24th September, 2042', '24/09/2042', '24 Sep 2042', 'September 24th, 2042', '09/24/2042']"
1903,July,20,"['20th July, 1903', '20-07-1903', 'July 20th, 1903', '20/07/1903', '1903/07/20', '1903-07-20', '20 Jul 1903', '07/20/1903']"
1970,September,8,"['08-09-1970', '1970/09/08', '09/08/1970', 'September 8th, 1970', '08 Sep 1970', '8th September, 1970', '08/09/1970']"
1941,November,19,"['19 Nov 1941', '19-11-1941']"
1923,January,7,"['01/07/1923', '07-01-1923']"
1926,September,6,"['1926-09-06', '06/09/1926', '09/06/1926', 'September 6th, 1926', '06 Sep 1926']"
1981,December,4,"['4th December, 1981', '04 Dec 1981', 'December 4th, 1981', '12/04/1981', '1981-12-04', '04/12/1981', '04-12-1981']"
1924,January,12,"['12th January, 1924', '12/01/1924', '12-01-1924', '12 Jan 1924', '1924-01-12', '01/12/1924', '1924/01/12', 'January 12th, 1924']"
2064,October,14,"['14th October, 2064', '14 Oct 2064', 'October 14th, 2064', '14-10-2064']"
2012,November,13,"['13-11-2012', '2012/11/13', '13 Nov 2012', '11/13/2012']"
1968,May,19,"['1968-05-19', '1968/05/19', '19 May 1968']"
2012,November,2,"['November 2nd, 2012', '11/02/2012', '02 Nov 2012', '2012-11-02', '02-11-2012', '2012/11/02', '02/11/2012', '2nd November, 2012']"
1945,October,20,"['20 Oct 1945', '1945/10/20', '1945-10-20', '10/20/1945', '20/10/1945']"
2051,August,22,"['22 Aug 2051', '2051/08/22', '2051-08-22', '22nd August, 2051']"
2063,December,21,"['21/12/2063', '21-12-2063', 'December 21st, 2063', '21 Dec 2063', '12/21/2063', '2063/12/21', '2063-12-21', '21st December, 2063']"
1934,November,19,['19/11/1934']
2081,January,14,"['2081/01/14', '2081-01-14', '14/01/2081', '01/14/2081']"
2060,September,25,"['2060-09-25', '25 Sep 2060', '25-09-2060', '25/09/2060', '25th September, 2060', '2060/09/25', '09/25/2060', 'September 25th, 2060']"
1975,December,14,"['1975/12/14', '14th December, 1975', '14-12-1975', '1975-12-14', '14/12/1975', 'December 14th, 1975', '14 Dec 1975']"
2019,August,15,"['2019-08-15', '15/08/2019', '2019/08/15', 'August 15th, 2019']"
1980,July,18,"['18/07/1980', '1980-07-18', '18-07-1980', '18 Jul 1980', 'July 18th, 1980', '1980/07/18', '07/18/1980', '18th July, 1980']"
1967,October,17,"['17 Oct 1967', '17/10/1967']"
2053,April,12,"['2053-04-12', '12-04-2053', '12/04/2053', '12 Apr 2053']"
1914,November,9,"['09-11-1914', '09 Nov 1914']"
2090,January,11,['2090/01/11']
1925,September,23,"['1925/09/23', '23rd September, 1925', '09/23/1925', '23-09-1925', '1925-09-23', 'September 23rd, 1925', '23/09/1925']"
1939,December,12,"['12th December, 1939', '1939-12-12', '12/12/1939', '12-12-1939', '12/12/1939', '12 Dec 1939', '1939/12/12', 'December 12th, 1939']"
1974,October,10,"['10/10/1974', '10/10/1974', '10 Oct 1974', '10-10-1974', '1974/10/10', '1974-10-10']"
1959,August,16,"['16/08/1959', '1959/08/16', '16 Aug 1959']"
2019,January,31,"['31st January, 2019']"
1977,September,2,"['02 Sep 1977', '1977-09-02', '02/09/1977', '09/02/1977', '02-09-1977', 'September 2nd, 1977', '1977/09/02']"
1997,December,12,"['12 Dec 1997', '12/12/1997', '1997-12-12', '12th December, 1997', 'December 12th, 1997', '1997/12/12', '12/12/1997']"
2039,February,16,"['2039/02/16', '16 Feb 2039', '16th February, 2039', '16-02-2039', '2039-02-16', '16/02/2039']"
1967,January,26,"['26 Jan 1967', '01/26/1967', 'January 26th, 1967', '26/01/1967', '26-01-1967', '1967/01/26', '26th January, 1967']"
2036,November,1,"['1st November, 2036', '2036/11/01', 'November 1st, 2036']"
2067,May,25,"['2067-05-25', '2067/05/25', '25/05/2067', '05/25/2067', '25 May 2067', 'May 25th, 2067', '25-05-2067', '25th May, 2067']"
1927,May,13,"['13 May 1927', '13-05-1927']"
2023,January,12,"['2023-01-12', 'January 12th, 2023', '12 Jan 2023', '12/01/2023', '12th January, 2023', '2023/01/12']"
1916,March,15,"['03/15/1916', '15-03-1916', '1916-03-15', '15 Mar 1916', '15th March, 1916', '1916/03/15']"
1933,December,25,"['25 Dec 1933', '1933/12/25', 'December 25th, 1933', '12/25/1933', '1933-12-25']"
1900,July,21,"['July 21st, 1900', '21 Jul 1900', '07/21/1900', '1900/07/21', '1900-07-21']"
1910,March,1,"['1st March, 1910']"
1930,March,25,"['25/03/1930', '25 Mar 1930', '25th March, 1930', '25-03-1930', 'March 25th, 1930', '1930/03/25', '1930-03-25', '03/25/1930']"
2010,May,30,"['05/30/2010', '2010/05/30', '30 May 2010', '30-05-2010', 'May 30th, 2010', '30th May, 2010', '2010-05-30']"
1983,August,16,"['08/16/1983', '16/08/1983', '1983-08-16', '16 Aug 1983']"
2015,May,30,['30 May 2015']
2065,May,2,"['2065-05-02', 'May 2nd, 2065']"
2000,February,3,"['3rd February, 2000', '2000/02/03', '03-02-2000']"
1942,July,15,"['July 15th, 1942', '15/07/1942', '15 Jul 1942', '1942-07-15']"
1963,February,2,"['1963/02/02', '1963-02-02', 'February 2nd, 1963']"
1945,March,22,"['22-03-1945', '22 Mar 1945', 'March 22nd, 1945', '1945/03/22']"
1927,December,9,"['09 Dec 1927', '09/12/1927']"
2026,October,25,"['25 Oct 2026', '25-10-2026', '10/25/2026', '2026/10/25', '25/10/2026', 'October 25th, 2026', '2026-10-25']"
2000,May,6,"['2000-05-06', '2000/05/06', 'May 6th, 2000', '06 May 2000', '05/06/2000', '06/05/2000', '06-05-2000', '6th May, 2000']"
2044,February,1,"['01 Feb 2044', '01/02/2044', '02/01/2044', '2044/02/01', '2044-02-01']"
2020,April,13,"['April 13th, 2020', '13th April, 2020', '04/13/2020', '13/04/2020', '13 Apr 2020']"
2003,July,13,"['13/07/2003', '2003-07-13']"
2063,November,16,"['November 16th, 2063', '2063/11/16', '16-11-2063', '16/11/2063']"
1915,April,6,"['04/06/1915', '06-04-1915', '1915-04-06', '06/04/1915', '6th April, 1915', 'April 6th, 1915', '1915/04/06', '06 Apr 1915']"
2043,February,2,"['February 2nd, 2043', '2043/02/02', '02/02/2043', '2nd February, 2043', '02/02/2043', '2043-02-02', '02-02-2043']"
1936,November,17,"['17 Nov 1936', '17-11-1936', 'November 17th, 1936']"
1987,August,1,"['August 1st, 1987', '08/01/1987', '01 Aug 1987']"
1950,October,19,"['10/19/1950', '19 Oct 1950', 'October 19th, 1950', '19-10-1950']"
1957,October,8,"['08/10/1957', '8th October, 1957', '08-10-1957', '08 Oct 1957', 'October 8th, 1957', '1957-10-08', '1957/10/08', '10/08/1957']"
2002,December,28,"['2002-12-28', '28th December, 2002', '28-12-2002', '12/28/2002', 'December 28th, 2002']"
2020,October,22,"['22 Oct 2020', '2020/10/22']"
2007,December,18,"['18-12-2007', '18th December, 2007', '18/12/2007', '12/18/2007']"
2022,March,11,"['11-03-2022', '2022/03/11', 'March 11th, 2022', '03/11/2022', '11/03/2022', '11 Mar 2022', '11th March, 2022']"
1901,July,21,"['1901/07/21', '07/21/1901', '1901-07-21', '21st July, 1901']"
2044,June,22,"['June 22nd, 2044', '22nd June, 2044', '2044/06/22', '22-06-2044', '06/22/2044']"
2079,May,27,"['May 27th, 2079', '27th May, 2079', '27/05/2079', '2079-05-27', '05/27/2079', '27 May 2079']"
2091,March,26,['2091/03/26']
1979,May,17,"['05/17/1979', '1979/05/17', '17th May, 1979']"
2012,February,1,"['1st February, 2012', '2012/02/01', '2012-02-01', '01 Feb 2012', 'February 1st, 2012', '02/01/2012', '01/02/2012']"
1940,August,28,"['28-08-1940', 'August 28th, 1940', '08/28/1940', '1940-08-28', '28 Aug 1940', '28th August, 1940', '28/08/1940', '1940/08/28']"
2007,January,17,"['17/01/2007', '2007-01-17', '17th January, 2007', '17 Jan 2007', '17-01-2007', '01/17/2007', 'January 17th, 2007']"
1917,April,13,"['13th April, 1917', '04/13/1917', 'April 13th, 1917', '1917-04-13', '13 Apr 1917']"
2051,January,7,"['01/07/2051', '7th January, 2051', 'January 7th, 2051', '07/01/2051', '2051/01/07', '07 Jan 2051', '2051-01-07', '07-01-2051']"
1956,November,15,"['1956-11-15', '15 Nov 1956', '15-11-1956', '11/15/1956', '15th November, 1956', 'November 15th, 1956', '1956/11/15']"
1941,July,10,"['10/07/1941', 'July 10th, 1941', '10-07-1941', '10 Jul 1941', '1941/07/10', '07/10/1941', '1941-07-10', '10th July, 1941']"
1984,June,7,"['06/07/1984', 'June 7th, 1984', '07-06-1984', '07/06/1984', '1984-06-07']"
2073,February,10,"['February 10th, 2073', '10-02-2073', '10/02/2073', '2073/02/10', '10 Feb 2073']"
2022,April,21,"['2022/04/21', '21 Apr 2022', '2022-04-21', '21st April, 2022', '04/21/2022']"
1983,April,12,"['12/04/1983', '1983/04/12', '12th April, 1983']"
2071,October,2,"['October 2nd, 2071', '02/10/2071', '02 Oct 2071', '02-10-2071']"
2074,November,18,"['18/11/2074', 'November 18th, 2074', '18-11-2074', '18th November, 2074', '2074/11/18', '18 Nov 2074', '11/18/2074']"
1983,June,14,"['1983/06/14', 'June 14th, 1983']"
1987,October,2,"['1987/10/02', '02 Oct 1987', '2nd October, 1987']"
2023,January,3,"['January 3rd, 2023', '03/01/2023']"
2036,July,15,"['2036-07-15', 'July 15th, 2036', '15 Jul 2036', '15-07-2036', '07/15/2036']"
2098,November,9,"['9th November, 2098']"
1949,August,29,"['1949-08-29', 'August 29th, 1949']"
1950,December,19,"['1950-12-19', '19/12/1950']"
2052,April,19,"['19th April, 2052', 'April 19th, 2052']"
2030,May,6,"['05/06/2030', '06/05/2030', '2030-05-06', '06 May 2030', '6th May, 2030']"
1917,December,25,"['25th December, 1917', 'December 25th, 1917', '25-12-1917', '1917/12/25', '1917-12-25', '25 Dec 1917']"
1951,December,15,"['1951/12/15', '1951-12-15', '12/15/1951', '15th December, 1951', '15/12/1951', '15-12-1951']"
1975,June,15,"['15-06-1975', '15/06/1975', '1975/06/15']"
2095,December,3,"['2095/12/03', '3rd December, 2095']"
1994,December,10,"['December 10th, 1994', '1994/12/10', '1994-12-10', '10th December, 1994', '10 Dec 1994', '10/12/1994', '10-12-1994', '12/10/1994']"
2031,June,8,"['2031/06/08', '8th June, 2031', '08/06/2031', 'June 8th, 2031', '06/08/2031', '08-06-2031', '2031-06-08']"
1968,March,4,"['03/04/1968', '04 Mar 1968', '04/03/1968', '04-03-1968', 'March 4th, 1968', '4th March, 1968', '1968/03/04', '1968-03-04']"
1916,October,21,"['October 21st, 1916', '21st October, 1916', '21/10/1916', '21-10-1916', '1916/10/21', '10/21/1916']"
2033,February,25,"['25th February, 2033']"
1977,September,18,"['1977/09/18', '18 Sep 1977', '18th September, 1977', '18-09-1977', '09/18/1977', 'September 18th, 1977', '18/09/1977', '1977-09-18']"
1975,August,7,"['07/08/1975', '08/07/1975', 'August 7th, 1975', '07-08-1975', '1975-08-07', '7th August, 1975']"
2053,February,12,"['2053-02-12', '12 Feb 2053', '2053/02/12', 'February 12th, 2053', '02/12/2053', '12th February, 2053', '12-02-2053', '12/02/2053']"
2084,October,18,"['18/10/2084', 'October 18th, 2084', '18th October, 2084', '2084-10-18', '18-10-2084', '2084/10/18']"
2083,October,13,"['10/13/2083', '13 Oct 2083', '13th October, 2083', '13-10-2083']"
1965,August,4,"['1965-08-04', '08/04/1965', 'August 4th, 1965']"
2012,September,2,"['2012/09/02', 'September 2nd, 2012', '2nd September, 2012', '2012-09-02', '02/09/2012', '02-09-2012']"
2048,July,4,"['04/07/2048', '04 Jul 2048', '4th July, 2048']"
1940,August,27,"['1940/08/27', '1940-08-27', '27-08-1940']"
2046,November,14,['11/14/2046']
2069,June,25,"['2069/06/25', '06/25/2069', '2069-06-25', 'June 25th, 2069']"
2071,August,2,"['02-08-2071', '02/08/2071']"
1987,April,13,"['1987-04-13', '13 Apr 1987', '13-04-1987', '13th April, 1987', 'April 13th, 1987']"
1989,September,6,"['1989/09/06', '6th September, 1989', '06 Sep 1989', '1989-09-06', 'September 6th, 1989', '06-09-1989', '09/06/1989', '06/09/1989']"
1947,July,13,"['1947/07/13', '13/07/1947']"
1954,November,9,"['9th November, 1954', '09 Nov 1954', '1954/11/09', '1954-11-09']"
2008,February,19,"['February 19th, 2008', '02/19/2008']"
1965,November,4,['04-11-1965']
1930,January,11,"['1930-01-11', '11/01/1930', '11-01-1930', '1930/01/11']"
2029,November,22,"['22-11-2029', '22/11/2029', '22nd November, 2029', '11/22/2029', 'November 22nd, 2029']"
1900,January,25,"['25/01/1900', 'January 25th, 1900', '01/25/1900', '25 Jan 1900', '1900-01-25', '25-01-1900']"
2031,June,18,"['18-06-2031', '2031-06-18', '18/06/2031', 'June 18th, 2031', '2031/06/18', '18th June, 2031', '18 Jun 2031']"
2011,January,6,"['01/06/2011', '6th January, 2011', '06/01/2011', '06 Jan 2011', '2011-01-06', 'January 6th, 2011', '06-01-2011', '2011/01/06']"
1989,September,21,"['21-09-1989', '09/21/1989']"
2025,June,4,"['06/04/2025', '04-06-2025', '2025/06/04', '04 Jun 2025', '2025-06-04', '04/06/2025', 'June 4th, 2025', '4th June, 2025']"
2084,October,15,"['15 Oct 2084', '15th October, 2084', '15-10-2084', '15/10/2084']"
2066,September,2,"['2066-09-02', 'September 2nd, 2066', '09/02/2066', '02-09-2066', '2066/09/02', '02 Sep 2066']"
1941,June,16,"['16 Jun 1941', '16th June, 1941', '16-06-1941', '1941-06-16']"
1925,September,17,"['September 17th, 1925', '17th September, 1925', '09/17/1925']"
1969,September,18,"['18 Sep 1969', '1969/09/18', '09/18/1969', '18/09/1969', '1969-09-18']"
1990,December,3,['1990-12-03']
2081,April,17,"['April 17th, 2081', '2081-04-17']"
2001,June,20,"['20/06/2001', '2001-06-20', 'June 20th, 2001', '20-06-2001', '06/20/2001', '20th June, 2001']"
2026,July,11,"['11-07-2026', '07/11/2026', '11/07/2026', 'July 11th, 2026', '11th July, 2026', '2026-07-11', '11 Jul 2026']"
2066,January,1,"['January 1st, 2066', '01/01/2066', '2066/01/01', '01 Jan 2066', '01/01/2066', '2066-01-01', '01-01-2066']"
2055,October,19,"['2055-10-19', '19-10-2055', '2055/10/19', '19/10/2055', '19 Oct 2055']"
1985,February,4,"['04-02-1985', '1985-02-04', '04 Feb 1985', '02/04/1985', '04/02/1985', 'February 4th, 1985', '4th February, 1985', '1985/02/04']"
1957,June,7,"['07/06/1957', '06/07/1957', 'June 7th, 1957']"
1973,June,8,"['8th June, 1973', '1973/06/08', '08-06-1973', '08/06/1973']"
2098,April,18,"['2098-04-18', '04/18/2098', '18-04-2098', '18th April, 2098', '18/04/2098', 'April 18th, 2098']"
2013,July,14,"['14-07-2013', '14/07/2013', '14th July, 2013', '2013/07/14']"
2044,August,7,['2044-08-07']
1911,February,14,"['14/02/1911', '14th February, 1911', '1911/02/14']"
1912,October,28,"['10/28/1912', '28 Oct 1912', 'October 28th, 1912', '28/10/1912', '28-10-1912', '1912/10/28', '1912-10-28', '28th October, 1912']"
2037,December,5,"['05/12/2037', '2037-12-05', '2037/12/05', 'December 5th, 2037', '5th December, 2037', '05-12-2037', '12/05/2037', '05 Dec 2037']"
2044,June,12,"['12-06-2044', '12th June, 2044', 'June 12th, 2044']"
1907,May,17,"['1907/05/17', 'May 17th, 1907', '17th May, 1907', '17-05-1907', '17 May 1907']"
2087,October,1,"['10/01/2087', 'October 1st, 2087', '2087-10-01']"
2067,August,29,"['2067-08-29', '2067/08/29', '29-08-2067', '08/29/2067', '29/08/2067', '29th August, 2067', '29 Aug 2067']"
1913,November,15,"['15th November, 1913']"
2029,December,21,"['2029-12-21', '21-12-2029']"
2076,March,17,"['17/03/2076', '17th March, 2076', '2076/03/17', 'March 17th, 2076', '2076-03-17', '17 Mar 2076', '17-03-2076']"
2021,September,10,['2021-09-10']
1979,April,27,['27/04/1979']
2033,January,21,['2033/01/21']
2036,August,24,['2036/08/24']
1960,January,2,"['02/01/1960', '02 Jan 1960', '1960/01/02', '02-01-1960', '2nd January, 1960', 'January 2nd, 1960', '01/02/1960', '1960-01-02']"
1974,October,11,"['11 Oct 1974', '10/11/1974', '1974/10/11', '1974-10-11', '11-10-1974']"
1927,January,19,"['01/19/1927', 'January 19th, 1927', '1927-01-19', '19th January, 1927', '19 Jan 1927', '19-01-1927', '19/01/1927']"
2023,August,13,"['13th August, 2023', '13 Aug 2023', '13-08-2023', '2023-08-13', '13/08/2023', '08/13/2023']"
2092,May,16,"['16th May, 2092', '2092-05-16', 'May 16th, 2092']"
2012,September,30,"['09/30/2012', '2012-09-30', '2012/09/30', '30th September, 2012', '30 Sep 2012', '30-09-2012']"
2068,February,6,"['2068/02/06', '06 Feb 2068']"
2033,January,26,"['2033/01/26', '26th January, 2033', 'January 26th, 2033', '26 Jan 2033', '26-01-2033', '2033-01-26']"
2066,June,12,"['12-06-2066', '2066/06/12', '12th June, 2066', '12 Jun 2066', 'June 12th, 2066', '06/12/2066', '12/06/2066']"
2097,February,11,"['02/11/2097', '2097/02/11']"
2056,December,26,"['26th December, 2056', '2056/12/26', '26 Dec 2056', 'December 26th, 2056', '2056-12-26', '26/12/2056', '26-12-2056']"
1963,December,27,"['1963-12-27', '27-12-1963']"
2036,April,23,"['23-04-2036', '23/04/2036', 'April 23rd, 2036', '2036-04-23', '23rd April, 2036']"
1998,January,22,"['1998/01/22', 'January 22nd, 1998']"
1975,November,8,"['11/08/1975', '08/11/1975', 'November 8th, 1975', '1975/11/08']"
1949,October,20,"['1949/10/20', '10/20/1949', '1949-10-20', '20/10/1949', '20-10-1949', '20th October, 1949', '20 Oct 1949']"
1975,April,25,"['25/04/1975', '25th April, 1975', '1975-04-25', '1975/04/25', '25 Apr 1975', 'April 25th, 1975', '25-04-1975', '04/25/1975']"
1911,November,20,"['November 20th, 1911', '20-11-1911', '11/20/1911']"
2073,August,12,"['12-08-2073', '12th August, 2073', '12 Aug 2073', '2073-08-12', 'August 12th, 2073']"
1968,January,30,"['January 30th, 1968', '30th January, 1968', '1968-01-30', '30-01-1968', '30/01/1968', '01/30/1968']"
1970,March,6,"['1970-03-06', '06-03-1970', '03/06/1970', '1970/03/06', 'March 6th, 1970', '06 Mar 1970', '6th March, 1970', '06/03/1970']"
2012,February,5,"['05/02/2012', 'February 5th, 2012', '5th February, 2012', '05 Feb 2012', '2012-02-05']"
1956,November,22,"['22nd November, 1956', 'November 22nd, 1956', '1956-11-22', '22/11/1956', '22-11-1956', '22 Nov 1956', '11/22/1956', '1956/11/22']"
1979,July,1,"['01 Jul 1979', '01/07/1979', 'July 1st, 1979', '01-07-1979', '1979/07/01', '1979-07-01', '1st July, 1979', '07/01/1979']"
2079,September,13,"['2079/09/13', '13/09/2079', '13-09-2079']"
1910,April,28,"['April 28th, 1910', '28th April, 1910', '28/04/1910', '28 Apr 1910', '04/28/1910', '1910-04-28']"
1947,July,17,"['1947-07-17', '17/07/1947', 'July 17th, 1947']"
1944,January,23,"['23rd January, 1944', '23 Jan 1944', '1944/01/23']"
1982,March,20,"['20th March, 1982', 'March 20th, 1982', '20 Mar 1982', '03/20/1982', '20-03-1982', '1982/03/20', '20/03/1982']"
1966,January,26,"['1966/01/26', '26/01/1966', '26th January, 1966', '1966-01-26']"
2094,December,22,['22-12-2094']
2081,September,18,"['2081-09-18', '09/18/2081', '18-09-2081', '18/09/2081', 'September 18th, 2081', '2081/09/18', '18th September, 2081', '18 Sep 2081']"
2051,June,21,"['21/06/2051', '2051-06-21', 'June 21st, 2051', '2051/06/21', '06/21/2051', '21-06-2051', '21st June, 2051']"
1909,November,17,"['November 17th, 1909', '11/17/1909', '17th November, 1909', '17/11/1909', '17-11-1909']"
1964,September,9,['09-09-1964']
1914,June,17,"['17th June, 1914', '17-06-1914', '17 Jun 1914', '1914-06-17', 'June 17th, 1914']"
1961,June,23,"['06/23/1961', 'June 23rd, 1961']"
1983,June,29,"['29 Jun 1983', '06/29/1983', '1983-06-29', '1983/06/29', 'June 29th, 1983']"
2085,June,3,['03 Jun 2085']
1905,September,28,['1905-09-28']
2019,January,18,"['2019/01/18', '18th January, 2019', '01/18/2019', '18/01/2019', '2019-01-18', '18 Jan 2019', '18-01-2019', 'January 18th, 2019']"
2011,April,3,['03 Apr 2011']
2023,December,29,"['29/12/2023', '12/29/2023', 'December 29th, 2023']"
2092,November,17,"['17 Nov 2092', '17th November, 2092', '17-11-2092', 'November 17th, 2092', '2092-11-17']"
2045,January,28,"['28th January, 2045', 'January 28th, 2045', '28/01/2045', '28-01-2045', '2045/01/28', '01/28/2045', '2045-01-28']"
1919,April,13,"['13-04-1919', '13 Apr 1919', '1919/04/13']"
1964,March,28,"['1964-03-28', '1964/03/28', 'March 28th, 1964', '28 Mar 1964']"
2062,September,5,"['5th September, 2062', '05 Sep 2062', '05/09/2062']"
2073,September,7,"['September 7th, 2073', '07-09-2073', '7th September, 2073', '07/09/2073', '2073-09-07', '2073/09/07', '07 Sep 2073']"
1906,June,24,"['06/24/1906', 'June 24th, 1906', '24-06-1906', '24th June, 1906', '24/06/1906', '24 Jun 1906']"
1929,December,8,"['8th December, 1929']"
1987,October,28,"['October 28th, 1987', '28-10-1987', '1987-10-28']"
1992,November,10,"['1992/11/10', 'November 10th, 1992', '10th November, 1992', '10-11-1992', '1992-11-10']"
2083,June,24,"['24/06/2083', '24-06-2083', 'June 24th, 2083', '24th June, 2083']"
1983,August,30,['1983-08-30']
1961,December,13,"['12/13/1961', '13 Dec 1961', '1961-12-13']"
1970,October,1,"['October 1st, 1970', '10/01/1970', '01/10/1970', '01-10-1970', '1970/10/01', '1st October, 1970']"
2093,June,21,"['June 21st, 2093', '06/21/2093', '21-06-2093', '21/06/2093', '2093-06-21', '2093/06/21', '21 Jun 2093', '21st June, 2093']"
1910,November,30,"['30/11/1910', '30-11-1910', '11/30/1910', '1910-11-30', 'November 30th, 1910', '1910/11/30', '30 Nov 1910']"
1926,November,12,"['12th November, 1926', '1926/11/12', '12 Nov 1926']"
2040,January,14,"['14/01/2040', '14-01-2040', '2040/01/14', '01/14/2040', 'January 14th, 2040', '2040-01-14', '14th January, 2040']"
2025,March,29,"['03/29/2025', '2025/03/29', 'March 29th, 2025', '29-03-2025']"
2018,September,26,"['26/09/2018', '2018/09/26', 'September 26th, 2018', '26 Sep 2018', '26th September, 2018']"
2000,October,5,"['10/05/2000', '5th October, 2000', '05/10/2000', '2000/10/05', '05-10-2000', 'October 5th, 2000', '05 Oct 2000', '2000-10-05']"
2049,February,18,"['18-02-2049', '02/18/2049', '18th February, 2049', '18/02/2049', 'February 18th, 2049']"
2052,July,20,['2052/07/20']
2095,June,5,['06/05/2095']
1917,February,15,"['02/15/1917', '15 Feb 1917', '15th February, 1917', '1917-02-15', 'February 15th, 1917', '15-02-1917', '1917/02/15']"
1948,July,22,"['07/22/1948', '22/07/1948', '1948/07/22', 'July 22nd, 1948']"
1982,April,8,"['April 8th, 1982', '1982/04/08', '8th April, 1982', '08/04/1982']"
1908,August,5,"['1908-08-05', '1908/08/05', '05 Aug 1908', '05-08-1908']"
2052,April,2,"['2052-04-02', '2nd April, 2052', '02/04/2052', '2052/04/02']"
1943,August,14,"['14 Aug 1943', 'August 14th, 1943']"
2078,October,26,"['2078-10-26', '26th October, 2078', '2078/10/26']"
1976,November,9,['1976/11/09']
1986,October,7,"['10/07/1986', '07/10/1986', 'October 7th, 1986', '07-10-1986', '1986/10/07', '1986-10-07']"
1945,October,5,"['10/05/1945', '05 Oct 1945', '1945/10/05', 'October 5th, 1945']"
1920,March,2,"['02 Mar 1920', 'March 2nd, 1920', '2nd March, 1920', '02/03/1920', '02-03-1920', '03/02/1920', '1920-03-02']"
1943,February,27,"['27th February, 1943']"
1979,August,29,"['August 29th, 1979', '29/08/1979', '1979-08-29']"
1943,April,1,"['1st April, 1943', '1943/04/01', '01 Apr 1943', '04/01/1943', '01-04-1943', '1943-04-01']"
2062,July,10,"['07/10/2062', 'July 10th, 2062', '10 Jul 2062', '10-07-2062']"
1912,September,30,"['30-09-1912', '30 Sep 1912']"
2048,October,31,"['31st October, 2048', '31 Oct 2048', '31/10/2048', '10/31/2048', '2048/10/31', '31-10-2048', 'October 31st, 2048']"
2010,June,27,"['27 Jun 2010', '27/06/2010']"
2021,April,30,"['30/04/2021', 'April 30th, 2021', '2021-04-30', '30th April, 2021', '2021/04/30', '04/30/2021']"
2093,March,29,"['29-03-2093', '2093-03-29', '2093/03/29', '03/29/2093', '29 Mar 2093']"
1955,January,1,"['1st January, 1955', '01/01/1955', '1955-01-01', '1955/01/01', '01-01-1955', 'January 1st, 1955', '01 Jan 1955']"
2094,February,6,"['06 Feb 2094', '2094/02/06', 'February 6th, 2094', '6th February, 2094', '06-02-2094']"
1995,June,27,"['1995-06-27', '1995/06/27', '27-06-1995']"
1925,April,3,"['April 3rd, 1925', '03/04/1925', '03-04-1925', '3rd April, 1925', '03 Apr 1925', '04/03/1925']"
2025,November,27,"['27/11/2025', '11/27/2025', 'November 27th, 2025', '27 Nov 2025']"
1982,April,9,"['09/04/1982', '9th April, 1982', '09-04-1982', '1982/04/09', '04/09/1982', 'April 9th, 1982', '09 Apr 1982']"
1949,July,5,"['05-07-1949', '05 Jul 1949', '1949-07-05', '05/07/1949', '5th July, 1949']"
2067,March,4,"['04-03-2067', '03/04/2067', '04 Mar 2067', '4th March, 2067', '2067-03-04', 'March 4th, 2067', '04/03/2067']"
1920,March,3,"['March 3rd, 1920', '03-03-1920', '03/03/1920', '03/03/1920', '03 Mar 1920', '3rd March, 1920', '1920-03-03', '1920/03/03']"
1961,June,29,['1961/06/29']
1992,July,18,"['July 18th, 1992', '07/18/1992', '18-07-1992', '1992-07-18', '18/07/1992']"
2089,September,28,"['28th September, 2089', 'September 28th, 2089', '2089/09/28', '28 Sep 2089']"
1915,July,8,"['08 Jul 1915', '8th July, 1915', '1915-07-08', '08/07/1915', '07/08/1915']"
1954,November,21,"['11/21/1954', 'November 21st, 1954', '21st November, 1954']"
1932,January,29,"['01/29/1932', '1932/01/29']"
2038,December,8,"['2038-12-08', '08 Dec 2038', 'December 8th, 2038', '8th December, 2038']"
2000,July,1,"['2000-07-01', 'July 1st, 2000', '2000/07/01', '01/07/2000', '01 Jul 2000']"
1940,January,22,"['January 22nd, 1940']"
1967,May,24,"['24/05/1967', '24 May 1967', '1967-05-24', '1967/05/24', '24-05-1967']"
1918,July,27,"['1918-07-27', '27/07/1918', 'July 27th, 1918', '27-07-1918', '1918/07/27']"
2020,August,4,"['4th August, 2020', '04 Aug 2020', '08/04/2020', '04-08-2020']"
2050,June,9,"['09 Jun 2050', '2050-06-09', '06/09/2050', '2050/06/09']"
1969,February,10,"['10 Feb 1969', '10-02-1969', '10/02/1969', 'February 10th, 1969', '1969-02-10', '02/10/1969', '1969/02/10', '10th February, 1969']"
2000,July,9,"['2000-07-09', '09 Jul 2000']"
2063,April,21,"['21-04-2063', '04/21/2063']"
1941,October,12,"['12th October, 1941', '1941/10/12']"
2082,May,28,"['28 May 2082', '28/05/2082', '28th May, 2082', '05/28/2082', '28-05-2082', '2082-05-28', 'May 28th, 2082']"
1982,January,7,"['7th January, 1982', '01/07/1982', '07/01/1982']"
1983,July,9,['07/09/1983']
1907,August,15,"['15th August, 1907', 'August 15th, 1907', '1907-08-15', '15-08-1907', '1907/08/15']"
1977,April,29,['04/29/1977']
1902,February,27,"['27th February, 1902', '1902-02-27', '1902/02/27', '27-02-1902', '02/27/1902', '27 Feb 1902', '27/02/1902', 'February 27th, 1902']"
1995,February,16,"['16/02/1995', '1995/02/16', '16th February, 1995', 'February 16th, 1995', '02/16/1995', '1995-02-16']"
2081,March,19,"['19-03-2081', '2081/03/19']"
1981,February,24,"['24th February, 1981', '24-02-1981', '1981/02/24', '02/24/1981']"
1949,April,10,"['1949/04/10', '04/10/1949', 'April 10th, 1949', '1949-04-10', '10/04/1949']"
2091,June,12,"['06/12/2091', '12 Jun 2091', 'June 12th, 2091', '12/06/2091', '2091-06-12', '12-06-2091', '12th June, 2091', '2091/06/12']"
2007,August,18,"['August 18th, 2007']"
1975,July,3,"['1975/07/03', '03/07/1975', '03-07-1975', '1975-07-03', '07/03/1975', '03 Jul 1975']"
2096,June,21,"['21 Jun 2096', '06/21/2096', '21/06/2096']"
1945,August,23,"['23rd August, 1945', '23 Aug 1945', '23-08-1945', '08/23/1945', '1945-08-23', '1945/08/23']"
2034,July,5,"['July 5th, 2034', '07/05/2034', '05/07/2034', '05 Jul 2034', '05-07-2034', '5th July, 2034', '2034-07-05', '2034/07/05']"
1981,July,4,"['04/07/1981', '04 Jul 1981', '04-07-1981', 'July 4th, 1981']"
2097,May,29,"['2097-05-29', '05/29/2097', '2097/05/29', '29-05-2097', '29th May, 2097']"
1922,August,29,"['1922/08/29', '1922-08-29', '29th August, 1922', 'August 29th, 1922', '08/29/1922', '29-08-1922', '29 Aug 1922', '29/08/1922']"
2055,December,27,"['2055/12/27', '2055-12-27', '27th December, 2055', '27 Dec 2055']"
1959,December,12,"['12/12/1959', 'December 12th, 1959', '1959-12-12']"
2085,June,29,"['2085/06/29', '29 Jun 2085', 'June 29th, 2085', '29-06-2085', '29/06/2085', '06/29/2085', '29th June, 2085']"
2085,October,23,"['2085/10/23', '23-10-2085', '10/23/2085', '23rd October, 2085', '23 Oct 2085', 'October 23rd, 2085', '2085-10-23']"
1943,August,30,"['1943-08-30', '30/08/1943', 'August 30th, 1943', '30-08-1943', '30 Aug 1943', '30th August, 1943']"
1996,June,30,"['June 30th, 1996', '30-06-1996', '30th June, 1996', '1996/06/30', '1996-06-30', '30 Jun 1996']"
2018,April,10,"['2018-04-10', '10/04/2018', 'April 10th, 2018', '10 Apr 2018', '2018/04/10', '04/10/2018', '10-04-2018', '10th April, 2018']"
1934,August,26,"['26 Aug 1934', '26/08/1934', 'August 26th, 1934', '08/26/1934']"
1948,April,28,"['1948-04-28', '04/28/1948']"
2091,August,4,"['04-08-2091', '04 Aug 2091', '2091/08/04', '04/08/2091', '2091-08-04']"
1924,November,10,"['November 10th, 1924', '10/11/1924']"
1932,February,17,"['02/17/1932', '17th February, 1932', '1932-02-17', '17/02/1932', '17 Feb 1932', '17-02-1932', 'February 17th, 1932', '1932/02/17']"
2055,March,14,"['14th March, 2055', '2055-03-14', '14-03-2055']"
1957,August,21,"['1957/08/21', '21/08/1957', 'August 21st, 1957']"
1909,November,6,['1909/11/06']
2017,September,7,"['7th September, 2017', 'September 7th, 2017', '07/09/2017', '2017-09-07', '07-09-2017', '09/07/2017']"
1944,January,4,"['04-01-1944', 'January 4th, 1944', '1944-01-04', '4th January, 1944', '04/01/1944']"
1952,August,21,"['08/21/1952', '21/08/1952', 'August 21st, 1952']"
2012,April,8,['08/04/2012']
2075,February,21,"['21 Feb 2075', 'February 21st, 2075']"
1958,March,26,"['March 26th, 1958', '26/03/1958', '26-03-1958', '03/26/1958', '1958-03-26', '1958/03/26']"
2059,October,20,"['20-10-2059', '2059-10-20', '20/10/2059', '2059/10/20', 'October 20th, 2059', '20 Oct 2059', '10/20/2059', '20th October, 2059']"
1946,April,22,"['22/04/1946', '22 Apr 1946']"
1980,January,15,"['January 15th, 1980', '15 Jan 1980', '1980-01-15', '01/15/1980', '1980/01/15']"
1938,September,2,"['September 2nd, 1938']"
2088,September,27,"['27-09-2088', '2088/09/27', '2088-09-27', '27/09/2088', '27th September, 2088']"
1968,December,18,['1968/12/18']
2051,July,1,"['07/01/2051', '01-07-2051', '01 Jul 2051', '1st July, 2051']"
2073,October,23,"['2073/10/23', '23rd October, 2073', '23 Oct 2073', '2073-10-23']"
2059,February,6,"['06 Feb 2059', 'February 6th, 2059', '2059/02/06', '02/06/2059', '6th February, 2059']"
2065,March,21,['21/03/2065']
1926,June,23,"['1926-06-23', '1926/06/23', '23rd June, 1926', '23-06-1926']"
2048,January,25,"['2048-01-25', '25/01/2048', '25th January, 2048', '2048/01/25', '25 Jan 2048', '25-01-2048', 'January 25th, 2048', '01/25/2048']"
2067,June,6,"['06/06/2067', '06 Jun 2067', 'June 6th, 2067']"
2092,August,23,"['23-08-2092', '08/23/2092', 'August 23rd, 2092', '23rd August, 2092']"
1928,November,7,"['11/07/1928', '7th November, 1928', '07/11/1928', 'November 7th, 1928', '1928/11/07', '07-11-1928', '07 Nov 1928', '1928-11-07']"
1904,August,11,"['08/11/1904', '11 Aug 1904']"
1993,September,17,"['17/09/1993', '1993-09-17', '17-09-1993', 'September 17th, 1993']"
2090,March,20,"['2090-03-20', '20th March, 2090', '03/20/2090']"
1930,July,26,"['07/26/1930', '26 Jul 1930']"
1944,June,30,"['30 Jun 1944', '30th June, 1944', 'June 30th, 1944', '30-06-1944', '30/06/1944']"
2045,October,16,"['16th October, 2045']"
1994,September,14,"['14-09-1994', '09/14/1994', '14 Sep 1994', '1994/09/14', 'September 14th, 1994', '14/09/1994', '14th September, 1994', '1994-09-14']"
1904,December,11,"['11-12-1904', '1904/12/11', '11th December, 1904']"
2035,February,7,['2035/02/07']
2017,July,15,"['15-07-2017', '15 Jul 2017', '07/15/2017', '15th July, 2017', '2017-07-15', '15/07/2017']"
1925,September,29,"['1925-09-29', '29/09/1925', '29-09-1925', '1925/09/29', '09/29/1925', '29th September, 1925', '29 Sep 1925']"
2023,May,28,"['2023/05/28', 'May 28th, 2023']"
1949,August,31,"['1949/08/31', 'August 31st, 1949', '31st August, 1949', '08/31/1949', '31 Aug 1949']"
2080,March,20,"['20/03/2080', '20 Mar 2080']"
2027,December,14,"['December 14th, 2027', '14/12/2027', '14 Dec 2027', '2027/12/14']"
2009,September,14,"['14/09/2009', '14-09-2009']"
1963,February,1,"['01/02/1963', '01-02-1963', '1st February, 1963']"
1957,February,9,"['9th February, 1957']"
1906,February,10,"['10 Feb 1906', '02/10/1906']"
2013,June,2,"['02-06-2013', '02/06/2013', '2013-06-02']"
2009,December,21,"['December 21st, 2009', '21 Dec 2009', '21-12-2009', '2009-12-21', '21/12/2009', '2009/12/21', '21st December, 2009']"
1999,April,18,"['April 18th, 1999', '18-04-1999', '18 Apr 1999', '04/18/1999', '1999/04/18', '1999-04-18', '18/04/1999', '18th April, 1999']"
1917,December,21,['21 Dec 1917']
2076,August,20,"['2076-08-20', '20th August, 2076']"
1914,May,12,"['12/05/1914', '05/12/1914', '12-05-1914', '1914/05/12', '12th May, 1914', 'May 12th, 1914']"
2066,August,21,"['August 21st, 2066', '2066/08/21', '21/08/2066', '2066-08-21', '08/21/2066', '21st August, 2066', '21 Aug 2066']"
1944,July,28,['07/28/1944']
2050,January,4,"['2050-01-04', '04-01-2050', 'January 4th, 2050', '04/01/2050', '01/04/2050', '4th January, 2050', '04 Jan 2050', '2050/01/04']"
1978,December,15,"['1978-12-15', 'December 15th, 1978', '12/15/1978', '15 Dec 1978', '1978/12/15', '15-12-1978', '15th December, 1978']"
2037,September,3,"['03 Sep 2037', '03-09-2037', '09/03/2037', '2037-09-03', '2037/09/03', 'September 3rd, 2037', '03/09/2037']"
2004,June,17,"['06/17/2004', '17 Jun 2004', '17/06/2004', '17-06-2004', '2004-06-17']"
2033,January,5,"['05/01/2033', '01/05/2033', '2033-01-05', 'January 5th, 2033', '5th January, 2033', '2033/01/05', '05-01-2033', '05 Jan 2033']"
2073,April,14,"['April 14th, 2073', '14/04/2073', '2073-04-14', '2073/04/14', '14th April, 2073', '14-04-2073']"
1991,November,11,"['November 11th, 1991', '1991-11-11', '1991/11/11', '11 Nov 1991', '11/11/1991']"
1916,June,4,"['1916/06/04', '1916-06-04', '06/04/1916', 'June 4th, 1916', '04/06/1916']"
2011,February,2,"['February 2nd, 2011', '02/02/2011', '2011/02/02', '02-02-2011', '02 Feb 2011', '2nd February, 2011', '02/02/2011']"
1983,May,12,"['12th May, 1983', '1983/05/12', '12/05/1983', 'May 12th, 1983']"
2041,May,24,"['24 May 2041', '2041/05/24', '24-05-2041']"
1921,September,12,['09/12/1921']
1946,April,14,"['1946/04/14', '04/14/1946', '14/04/1946', '14th April, 1946']"
2074,January,6,"['January 6th, 2074']"
1989,December,15,"['12/15/1989', '15/12/1989', 'December 15th, 1989']"
1906,September,18,"['1906-09-18', '18/09/1906', '18th September, 1906', '09/18/1906', '1906/09/18', '18 Sep 1906', '18-09-1906']"
1972,February,18,"['18 Feb 1972', '1972-02-18', '1972/02/18', '18th February, 1972', 'February 18th, 1972', '02/18/1972']"
1917,October,30,"['1917-10-30', 'October 30th, 1917', '30-10-1917']"
1982,October,16,"['October 16th, 1982']"
1959,August,6,"['1959/08/06', '06 Aug 1959', '6th August, 1959', '1959-08-06', 'August 6th, 1959', '08/06/1959']"
1920,February,20,['02/20/1920']
1934,November,11,"['11/11/1934', 'November 11th, 1934', '1934-11-11', '11-11-1934']"
1944,August,28,"['1944/08/28', '28-08-1944', 'August 28th, 1944', '28th August, 1944', '28 Aug 1944', '28/08/1944', '08/28/1944', '1944-08-28']"
1911,July,18,"['18-07-1911', '18 Jul 1911', '1911/07/18', '18/07/1911', '18th July, 1911', 'July 18th, 1911']"
1908,December,19,"['December 19th, 1908']"
2063,June,15,"['15/06/2063', '15 Jun 2063', 'June 15th, 2063', '06/15/2063']"
2029,June,1,"['01 Jun 2029', '01/06/2029']"
1996,November,19,"['11/19/1996', 'November 19th, 1996', '19/11/1996', '19th November, 1996', '19 Nov 1996', '1996-11-19']"
1923,March,4,"['03/04/1923', '1923/03/04', '04-03-1923']"
2046,March,8,"['08/03/2046', '2046-03-08', '2046/03/08', '08-03-2046']"
1959,May,1,"['01 May 1959', '05/01/1959', '01-05-1959']"
1963,June,18,['06/18/1963']
1981,October,6,"['06/10/1981', '10/06/1981', '6th October, 1981']"
1948,June,17,"['17-06-1948', 'June 17th, 1948', '1948-06-17', '17/06/1948', '1948/06/17', '17 Jun 1948', '17th June, 1948', '06/17/1948']"
2095,October,10,"['2095/10/10', '2095-10-10', '10-10-2095']"
1987,August,22,"['22/08/1987', '22nd August, 1987', '08/22/1987', '1987/08/22']"
2092,October,19,"['19th October, 2092', '2092-10-19']"
1937,May,4,"['May 4th, 1937', '05/04/1937', '04-05-1937', '1937-05-04']"
2069,January,13,"['13-01-2069', '13/01/2069', '13th January, 2069', '01/13/2069', '2069/01/13', 'January 13th, 2069']"
1940,November,24,"['November 24th, 1940']"
2020,September,13,"['13th September, 2020', '2020-09-13', '09/13/2020', '13-09-2020']"
1951,April,7,"['April 7th, 1951', '04/07/1951']"
1994,March,23,"['1994-03-23', 'March 23rd, 1994']"
1928,February,20,"['20/02/1928', 'February 20th, 1928', '1928/02/20', '20 Feb 1928', '20th February, 1928', '02/20/1928', '20-02-1928']"
1979,February,17,['1979-02-17']
2066,April,16,"['April 16th, 2066', '16 Apr 2066', '2066-04-16', '16/04/2066', '04/16/2066', '16-04-2066', '2066/04/16']"
2032,April,6,"['2032/04/06', '06 Apr 2032', '06/04/2032']"
2084,December,10,['10-12-2084']
1967,July,5,"['1967/07/05', '1967-07-05', '5th July, 1967', '05 Jul 1967', '05-07-1967']"
1922,January,28,"['1922-01-28', '28/01/1922', '01/28/1922', 'January 28th, 1922', '28-01-1922']"
1956,May,15,"['05/15/1956', '15-05-1956', 'May 15th, 1956', '15/05/1956', '15 May 1956']"
1947,March,10,"['March 10th, 1947', '1947-03-10', '03/10/1947', '10/03/1947']"
2030,March,22,"['22/03/2030', 'March 22nd, 2030', '2030-03-22', '03/22/2030', '22nd March, 2030']"
1954,February,26,"['1954/02/26', '26-02-1954', '26th February, 1954', '02/26/1954', '26 Feb 1954', '1954-02-26', 'February 26th, 1954', '26/02/1954']"
1992,October,28,['1992/10/28']
1950,April,17,"['04/17/1950', '1950/04/17']"
1947,April,2,"['02 Apr 1947', 'April 2nd, 1947', '04/02/1947']"
1900,November,3,"['1900-11-03', 'November 3rd, 1900', '03/11/1900', '03 Nov 1900', '03-11-1900', '11/03/1900']"
1979,September,1,"['1st September, 1979', '1979-09-01', '01/09/1979', 'September 1st, 1979', '1979/09/01']"
1930,October,26,"['October 26th, 1930', '1930-10-26', '26/10/1930', '10/26/1930', '26-10-1930', '26th October, 1930']"
2025,September,18,"['September 18th, 2025', '2025/09/18', '18/09/2025', '2025-09-18', '18-09-2025', '18th September, 2025', '18 Sep 2025']"
2012,October,7,"['07 Oct 2012', '2012/10/07', '07/10/2012', '07-10-2012', 'October 7th, 2012', '2012-10-07']"
1933,April,23,"['1933/04/23', '23-04-1933', 'April 23rd, 1933', '23rd April, 1933', '1933-04-23', '04/23/1933', '23 Apr 1933']"
1924,March,8,"['March 8th, 1924', '08/03/1924', '08 Mar 1924']"
1945,August,13,"['13 Aug 1945', '1945-08-13', '13/08/1945', '1945/08/13']"
2059,February,23,"['23/02/2059', 'February 23rd, 2059', '23-02-2059', '2059-02-23', '2059/02/23', '23 Feb 2059', '02/23/2059']"
1906,September,11,['1906-09-11']
2089,March,20,"['20 Mar 2089', '2089/03/20', '2089-03-20', 'March 20th, 2089', '03/20/2089', '20th March, 2089']"
1991,June,28,"['28/06/1991', '1991-06-28', 'June 28th, 1991', '28 Jun 1991', '28-06-1991', '06/28/1991', '28th June, 1991']"
2047,August,8,['08-08-2047']
1955,May,6,"['6th May, 1955']"
1996,September,2,"['02/09/1996', '02 Sep 1996', '1996-09-02', '1996/09/02', 'September 2nd, 1996', '02-09-1996']"
1904,December,4,"['04-12-1904', '04 Dec 1904', '1904-12-04']"
2046,September,10,"['10 Sep 2046', '2046/09/10', '10th September, 2046', '10/09/2046', '10-09-2046']"
2083,April,14,"['14-04-2083', '14th April, 2083', '14 Apr 2083', '14/04/2083', '04/14/2083', '2083-04-14', '2083/04/14']"
1967,July,25,"['25 Jul 1967', 'July 25th, 1967', '1967/07/25']"
1961,April,22,"['04/22/1961', '22 Apr 1961', 'April 22nd, 1961', '22/04/1961', '1961-04-22']"
1912,May,23,"['23-05-1912', '23/05/1912', '05/23/1912', '23rd May, 1912', '1912-05-23']"
2042,June,17,"['06/17/2042', '17 Jun 2042', '17-06-2042', '17/06/2042', '2042/06/17', '2042-06-17', '17th June, 2042', 'June 17th, 2042']"
2099,October,1,"['01/10/2099', 'October 1st, 2099', '01 Oct 2099', '10/01/2099', '1st October, 2099']"
2093,January,17,"['17/01/2093', '17 Jan 2093', 'January 17th, 2093']"
2058,September,21,['09/21/2058']
2098,November,19,"['19th November, 2098', '19-11-2098', '19 Nov 2098', 'November 19th, 2098', '19/11/2098', '11/19/2098', '2098/11/19', '2098-11-19']"
1905,February,11,"['11th February, 1905', '11-02-1905', '11 Feb 1905', '1905-02-11', 'February 11th, 1905', '02/11/1905', '11/02/1905']"
2064,February,11,"['February 11th, 2064', '02/11/2064', '11th February, 2064', '11-02-2064']"
1987,February,2,"['02 Feb 1987', '02-02-1987']"
1994,September,13,['1994/09/13']
2086,June,5,"['05/06/2086', '06/05/2086', '05-06-2086', '2086-06-05', '05 Jun 2086', 'June 5th, 2086', '2086/06/05', '5th June, 2086']"
2098,August,8,"['08/08/2098', '2098/08/08', '08/08/2098', '2098-08-08', '08 Aug 2098']"
1997,May,2,"['02 May 1997', '1997/05/02', '2nd May, 1997', '02-05-1997', 'May 2nd, 1997', '1997-05-02', '05/02/1997', '02/05/1997']"
1971,April,19,"['1971-04-19', 'April 19th, 1971']"
2090,October,30,"['30 Oct 2090', '30/10/2090', '10/30/2090', '30th October, 2090', '2090-10-30', '30-10-2090', '2090/10/30', 'October 30th, 2090']"
1988,October,29,"['October 29th, 1988', '29 Oct 1988', '1988-10-29']"
2049,January,8,"['January 8th, 2049', '2049-01-08']"
2030,July,1,"['2030/07/01', 'July 1st, 2030']"
2074,March,25,"['2074/03/25', '25/03/2074', '2074-03-25', '25-03-2074', 'March 25th, 2074']"
1960,April,13,"['1960/04/13', '13/04/1960', '1960-04-13', '13 Apr 1960', '04/13/1960', '13-04-1960']"
2086,October,6,"['06 Oct 2086', '2086-10-06', '06-10-2086', 'October 6th, 2086', '06/10/2086', '2086/10/06', '10/06/2086']"
2091,January,23,"['2091/01/23', '23 Jan 2091', '23-01-2091']"
1929,February,1,"['01/02/1929', '01-02-1929']"
2000,February,14,"['2000/02/14', '02/14/2000']"
1933,June,27,"['27th June, 1933', 'June 27th, 1933', '27-06-1933', '1933-06-27']"
1950,February,19,"['19th February, 1950', '02/19/1950', '19 Feb 1950', '1950-02-19', '19-02-1950', 'February 19th, 1950']"
2072,January,31,"['31 Jan 2072', '31/01/2072', '2072/01/31']"
2068,December,20,"['20 Dec 2068', '12/20/2068', '20-12-2068', '20th December, 2068']"
2072,July,25,"['07/25/2072', '25-07-2072', '2072/07/25', '25th July, 2072', '25/07/2072']"
2050,March,14,['14-03-2050']
2064,May,1,"['2064-05-01', '2064/05/01', '01-05-2064', '05/01/2064', '01 May 2064']"
1944,February,23,"['23/02/1944', '23 Feb 1944', '1944-02-23']"
1972,September,3,"['03 Sep 1972', '03/09/1972', '1972/09/03', '03-09-1972', 'September 3rd, 1972', '1972-09-03', '3rd September, 1972']"
1984,January,28,"['1984-01-28', '1984/01/28']"
2085,September,3,['2085-09-03']
1923,February,1,"['01 Feb 1923', '02/01/1923', '01/02/1923', '1st February, 1923']"
2066,December,20,"['2066-12-20', '20th December, 2066', '2066/12/20', '20-12-2066', 'December 20th, 2066']"
1910,October,15,"['10/15/1910', '15-10-1910', '15/10/1910']"
1989,February,14,"['14th February, 1989', '02/14/1989', '1989/02/14']"
1917,November,29,"['1917-11-29', '29-11-1917', '29 Nov 1917', '29/11/1917', 'November 29th, 1917', '1917/11/29', '29th November, 1917', '11/29/1917']"
1969,December,23,"['1969/12/23', '23-12-1969', '23/12/1969']"
1908,June,8,"['08/06/1908', '06/08/1908', '1908-06-08', '1908/06/08', '08 Jun 1908']"
2079,February,3,"['3rd February, 2079', '03/02/2079', '2079/02/03', 'February 3rd, 2079']"
2041,October,15,"['October 15th, 2041', '2041/10/15', '15-10-2041', '10/15/2041', '15 Oct 2041', '2041-10-15', '15/10/2041']"
1926,November,27,"['1926/11/27', 'November 27th, 1926', '27th November, 1926', '1926-11-27', '27-11-1926', '27/11/1926', '27 Nov 1926']"
2097,December,6,"['06/12/2097', '2097-12-06', '06-12-2097']"
1985,June,14,"['06/14/1985', '1985/06/14', '14/06/1985', 'June 14th, 1985', '1985-06-14']"
2012,July,28,"['28 Jul 2012', '2012-07-28', '28th July, 2012', 'July 28th, 2012', '2012/07/28', '07/28/2012']"
1953,August,25,"['August 25th, 1953', '1953/08/25', '25/08/1953', '25th August, 1953', '25 Aug 1953', '25-08-1953']"
2066,July,18,"['07/18/2066', '18 Jul 2066', '2066/07/18', '18/07/2066', '18th July, 2066', '18-07-2066', '2066-07-18', 'July 18th, 2066']"
1970,April,17,"['1970-04-17', '04/17/1970', '17th April, 1970']"
2004,August,14,['08/14/2004']
1968,November,19,"['19-11-1968', 'November 19th, 1968', '1968/11/19', '11/19/1968', '19th November, 1968', '1968-11-19']"
2070,December,31,"['12/31/2070', '31 Dec 2070', '31st December, 2070', 'December 31st, 2070']"
2077,September,21,"['21 Sep 2077', '09/21/2077']"
2084,September,19,"['September 19th, 2084']"
2008,January,13,"['13th January, 2008', '13/01/2008', '13-01-2008', '2008-01-13', '01/13/2008', '13 Jan 2008', 'January 13th, 2008']"
2029,October,5,"['5th October, 2029', '10/05/2029', '2029/10/05', '05/10/2029', '05 Oct 2029']"
2091,December,2,['02/12/2091']
1985,January,4,"['January 4th, 1985', '1985/01/04', '04-01-1985', '04 Jan 1985', '1985-01-04']"
2042,November,22,"['2042-11-22', '22/11/2042', '2042/11/22', '22 Nov 2042', 'November 22nd, 2042', '11/22/2042', '22nd November, 2042']"
1954,September,25,"['25/09/1954', '1954-09-25', 'September 25th, 1954']"
1910,September,26,"['26-09-1910', '1910/09/26', '1910-09-26', '26 Sep 1910', '26/09/1910', 'September 26th, 1910']"
1956,March,30,"['March 30th, 1956', '03/30/1956', '30th March, 1956', '1956-03-30', '30 Mar 1956', '30/03/1956', '30-03-1956', '1956/03/30']"
2022,November,2,"['2022/11/02', '2nd November, 2022', '02-11-2022', 'November 2nd, 2022', '2022-11-02', '11/02/2022']"
1976,December,19,"['1976-12-19', '19th December, 1976', 'December 19th, 1976', '19 Dec 1976', '19-12-1976', '19/12/1976', '12/19/1976']"
1930,October,4,"['04 Oct 1930', 'October 4th, 1930', '10/04/1930', '04-10-1930', '04/10/1930', '1930/10/04', '1930-10-04']"
2093,September,9,"['September 9th, 2093', '9th September, 2093']"
1997,October,24,"['24/10/1997', '1997/10/24', '1997-10-24', '24 Oct 1997']"
1962,October,15,"['1962/10/15', '15/10/1962', '15 Oct 1962', '15th October, 1962', '1962-10-15', '15-10-1962']"
1949,April,21,"['21/04/1949', 'April 21st, 1949', '21 Apr 1949', '21st April, 1949', '1949-04-21', '04/21/1949', '1949/04/21']"
2097,December,12,['12/12/2097']
1956,February,12,"['12 Feb 1956', '1956-02-12']"
1945,April,2,"['02 Apr 1945', '1945-04-02', 'April 2nd, 1945', '02/04/1945', '04/02/1945']"
1956,October,1,"['1st October, 1956', '1956/10/01', '01 Oct 1956', 'October 1st, 1956', '1956-10-01']"
2064,October,22,"['22/10/2064', '10/22/2064', '22 Oct 2064', '22nd October, 2064', 'October 22nd, 2064', '22-10-2064', '2064/10/22', '2064-10-22']"
1925,June,22,"['22-06-1925', '22 Jun 1925', '1925-06-22', '22nd June, 1925', '06/22/1925']"
1903,March,22,"['03/22/1903', 'March 22nd, 1903', '22nd March, 1903']"
1971,January,21,"['1971-01-21', '21st January, 1971', 'January 21st, 1971', '21-01-1971', '01/21/1971', '1971/01/21', '21 Jan 1971']"
1955,November,8,"['1955-11-08', '08-11-1955', '11/08/1955', '08 Nov 1955', '1955/11/08']"
1922,February,3,"['03-02-1922', 'February 3rd, 1922', '1922-02-03', '1922/02/03', '02/03/1922']"
1995,July,19,"['1995/07/19', 'July 19th, 1995', '19-07-1995', '07/19/1995']"
2024,June,26,"['26th June, 2024', '26/06/2024', '06/26/2024', 'June 26th, 2024']"
2047,July,12,"['12-07-2047', '12 Jul 2047', '12/07/2047', 'July 12th, 2047']"
1948,October,13,"['13/10/1948', '10/13/1948', 'October 13th, 1948', '1948/10/13']"
1904,July,26,"['1904/07/26', '1904-07-26', '07/26/1904', '26 Jul 1904', 'July 26th, 1904', '26th July, 1904']"
2083,June,22,"['June 22nd, 2083', '2083/06/22', '22nd June, 2083']"
2043,March,26,"['March 26th, 2043', '26/03/2043', '26-03-2043', '26th March, 2043']"
1956,April,11,"['11-04-1956', '11/04/1956', 'April 11th, 1956', '11th April, 1956', '1956-04-11', '1956/04/11', '04/11/1956', '11 Apr 1956']"
2033,September,25,"['2033/09/25', '25 Sep 2033', '2033-09-25', 'September 25th, 2033', '09/25/2033', '25th September, 2033']"
1989,December,27,['12/27/1989']
2047,June,29,"['29-06-2047', 'June 29th, 2047', '29th June, 2047', '29 Jun 2047', '2047/06/29', '2047-06-29']"
1992,January,2,"['January 2nd, 1992', '02 Jan 1992', '01/02/1992', '02/01/1992']"
1966,April,4,"['4th April, 1966', 'April 4th, 1966', '1966/04/04', '1966-04-04']"
2011,July,10,"['10th July, 2011', '2011-07-10', '10 Jul 2011', '10-07-2011', 'July 10th, 2011', '07/10/2011', '10/07/2011', '2011/07/10']"
2044,July,16,"['16/07/2044', '07/16/2044']"
1901,November,12,"['11/12/1901', '12th November, 1901', '12 Nov 1901', '12-11-1901', '12/11/1901', 'November 12th, 1901', '1901/11/12', '1901-11-12']"
2059,June,14,"['June 14th, 2059', '2059-06-14', '14 Jun 2059']"
1905,December,19,"['1905/12/19', '19 Dec 1905', '12/19/1905', '19/12/1905', 'December 19th, 1905', '1905-12-19']"
1961,November,23,"['23rd November, 1961', '23-11-1961', '23 Nov 1961', '11/23/1961']"
2001,June,6,"['6th June, 2001', '06-06-2001', '2001/06/06', '2001-06-06', '06 Jun 2001', '06/06/2001', '06/06/2001']"
2069,December,14,"['2069-12-14', '14th December, 2069', '12/14/2069']"
2007,April,8,"['2007-04-08', '2007/04/08', 'April 8th, 2007', '8th April, 2007', '04/08/2007']"
1943,July,16,"['1943/07/16', '16-07-1943', 'July 16th, 1943', '16/07/1943']"
2077,November,3,"['03-11-2077', '2077/11/03', '03 Nov 2077', '3rd November, 2077', 'November 3rd, 2077', '03/11/2077']"
2010,June,1,"['01-06-2010', '2010/06/01', '01/06/2010', '01 Jun 2010', 'June 1st, 2010', '06/01/2010']"
1996,January,29,"['January 29th, 1996', '29-01-1996', '29 Jan 1996', '01/29/1996', '29th January, 1996', '1996-01-29', '29/01/1996']"
2066,August,19,['19-08-2066']
2005,April,22,"['April 22nd, 2005', '2005/04/22', '22/04/2005', '22 Apr 2005', '2005-04-22', '04/22/2005']"
2098,May,27,"['27 May 2098', '05/27/2098', 'May 27th, 2098', '27/05/2098', '2098-05-27']"
1983,January,13,"['13/01/1983', 'January 13th, 1983', '13 Jan 1983', '1983/01/13']"
2005,February,4,"['04-02-2005', '2005-02-04', '2005/02/04']"
2081,November,25,"['25/11/2081', '25th November, 2081', '25-11-2081', '2081-11-25', '2081/11/25']"
1917,June,12,"['06/12/1917', '12/06/1917']"
1987,December,31,"['12/31/1987', 'December 31st, 1987', '31st December, 1987']"
1932,December,23,"['23/12/1932', '23rd December, 1932', '1932/12/23', '23 Dec 1932', '23-12-1932', 'December 23rd, 1932', '1932-12-23']"
2002,November,27,"['11/27/2002', '2002-11-27', '2002/11/27', '27-11-2002', 'November 27th, 2002', '27/11/2002', '27 Nov 2002']"
2016,August,13,"['13-08-2016', '13th August, 2016', '2016/08/13', 'August 13th, 2016', '13 Aug 2016', '13/08/2016', '08/13/2016', '2016-08-13']"
2068,January,10,"['January 10th, 2068', '10 Jan 2068']"
2019,July,10,"['2019-07-10', 'July 10th, 2019', '10-07-2019', '10 Jul 2019', '07/10/2019', '10/07/2019', '10th July, 2019']"
1964,December,28,"['1964-12-28', '28 Dec 1964', '28th December, 1964']"
2029,August,11,"['11 Aug 2029', 'August 11th, 2029']"
2086,January,14,"['01/14/2086', 'January 14th, 2086', '14th January, 2086', '2086-01-14', '14 Jan 2086', '14/01/2086', '14-01-2086', '2086/01/14']"
1949,June,21,"['21 Jun 1949', '21/06/1949', '1949-06-21', '21-06-1949', 'June 21st, 1949', '21st June, 1949', '06/21/1949', '1949/06/21']"
1971,July,29,"['29th July, 1971', '29 Jul 1971', '07/29/1971', 'July 29th, 1971', '1971-07-29', '29-07-1971', '29/07/1971', '1971/07/29']"
2050,March,24,"['2050/03/24', '2050-03-24']"
2019,November,23,"['2019-11-23', '23rd November, 2019', '2019/11/23', '11/23/2019', '23 Nov 2019', '23-11-2019', 'November 23rd, 2019', '23/11/2019']"
2041,February,5,"['5th February, 2041', '2041/02/05', '2041-02-05', '05-02-2041']"
1989,October,3,"['03/10/1989', 'October 3rd, 1989', '03-10-1989', '3rd October, 1989', '1989-10-03', '03 Oct 1989', '10/03/1989', '1989/10/03']"
2007,September,12,['12/09/2007']
2052,February,16,"['02/16/2052', '2052/02/16', 'February 16th, 2052', '2052-02-16', '16/02/2052']"
1944,May,2,"['02/05/1944', 'May 2nd, 1944', '02-05-1944']"
2030,July,14,"['14-07-2030', '2030-07-14']"
1925,January,23,"['1925-01-23', '23/01/1925', '23 Jan 1925', '1925/01/23', '23-01-1925']"
1989,May,3,"['03/05/1989', '1989-05-03', '03 May 1989', '1989/05/03', '03-05-1989', 'May 3rd, 1989', '3rd May, 1989']"
2000,March,29,"['03/29/2000', '29 Mar 2000', '29-03-2000', '29th March, 2000', '29/03/2000']"
1988,May,16,"['16 May 1988', '05/16/1988', '1988-05-16', '1988/05/16', '16/05/1988', 'May 16th, 1988', '16-05-1988', '16th May, 1988']"
2068,October,14,"['10/14/2068', '14 Oct 2068']"
2067,April,10,"['10/04/2067', '10-04-2067', 'April 10th, 2067', '10 Apr 2067', '10th April, 2067']"
2097,November,28,['28-11-2097']
2000,June,29,"['2000-06-29', '29-06-2000', '29/06/2000', '29 Jun 2000', '06/29/2000', 'June 29th, 2000', '2000/06/29']"
1998,September,15,"['15-09-1998', 'September 15th, 1998', '15/09/1998', '1998/09/15', '15 Sep 1998']"
1932,September,18,"['18-09-1932', '18/09/1932']"
1915,June,23,['1915-06-23']
1931,April,2,"['2nd April, 1931', '02-04-1931', '04/02/1931', '02/04/1931', '1931-04-02']"
2018,July,25,"['25th July, 2018', '2018/07/25', '25-07-2018', '25/07/2018', '25 Jul 2018', '07/25/2018', 'July 25th, 2018', '2018-07-25']"
1922,September,14,"['14th September, 1922', '14-09-1922', '09/14/1922', '14/09/1922', '1922-09-14']"
2054,December,12,"['12-12-2054', '2054-12-12', '12/12/2054', '12/12/2054', '2054/12/12']"
1979,April,12,"['12 Apr 1979', '12-04-1979', '04/12/1979', '1979/04/12', '12/04/1979', 'April 12th, 1979', '12th April, 1979']"
2002,May,3,"['05/03/2002', '2002/05/03', '03/05/2002']"
1980,January,25,"['01/25/1980', '1980-01-25', '25 Jan 1980']"
1916,January,1,"['01/01/1916', '1916/01/01', '01/01/1916', '1916-01-01', '01 Jan 1916', 'January 1st, 1916', '01-01-1916']"
1921,March,15,"['15-03-1921', '03/15/1921', '15 Mar 1921', '1921-03-15', '15/03/1921', '1921/03/15', '15th March, 1921', 'March 15th, 1921']"
2029,May,10,['10-05-2029']
2054,October,24,"['24 Oct 2054', '2054-10-24', '10/24/2054', '2054/10/24', '24/10/2054', 'October 24th, 2054']"
1919,September,10,"['10/09/1919', '1919/09/10', '10th September, 1919', 'September 10th, 1919', '10 Sep 1919', '1919-09-10']"
2048,November,26,"['11/26/2048', '2048-11-26', '26/11/2048', '2048/11/26', 'November 26th, 2048', '26-11-2048']"
1945,February,20,"['1945/02/20', '20-02-1945', '1945-02-20', '20/02/1945', 'February 20th, 1945']"
1979,October,13,"['October 13th, 1979', '13th October, 1979', '10/13/1979', '13-10-1979', '1979-10-13', '13/10/1979']"
1921,August,13,"['13th August, 1921', '1921-08-13', '13-08-1921', '08/13/1921', '13 Aug 1921', '13/08/1921']"
1955,April,26,"['26th April, 1955', '26 Apr 1955', '1955/04/26', '1955-04-26', 'April 26th, 1955', '26/04/1955']"
1917,May,13,"['05/13/1917', '13-05-1917', '13 May 1917', '13/05/1917']"
1971,January,8,"['08/01/1971', 'January 8th, 1971', '8th January, 1971', '08-01-1971', '01/08/1971', '1971-01-08', '1971/01/08']"
2030,February,22,"['22nd February, 2030', '2030/02/22', 'February 22nd, 2030']"
2019,February,18,"['18 Feb 2019', '18-02-2019', '18th February, 2019', '2019-02-18']"
2089,December,5,"['5th December, 2089', '2089-12-05']"
1974,January,17,['17/01/1974']
2036,April,4,"['4th April, 2036', '04/04/2036', '04/04/2036', '2036/04/04']"
1953,May,3,['03/05/1953']
1975,April,7,"['7th April, 1975', 'April 7th, 1975']"
1922,August,14,"['1922/08/14', '14 Aug 1922', 'August 14th, 1922', '14-08-1922', '14/08/1922', '08/14/1922']"
1974,November,10,['10-11-1974']
2063,May,16,"['May 16th, 2063', '05/16/2063']"
1960,January,10,"['01/10/1960', '1960/01/10', '10-01-1960', '10th January, 1960', '10/01/1960', '10 Jan 1960', 'January 10th, 1960', '1960-01-10']"
1901,July,16,['16-07-1901']
1906,November,6,"['06-11-1906', '11/06/1906', '1906-11-06', '06 Nov 1906']"
1901,October,12,"['12th October, 1901', '1901-10-12', '12 Oct 1901', 'October 12th, 1901', '10/12/1901', '12-10-1901', '1901/10/12', '12/10/1901']"
2074,August,18,"['18/08/2074', '18th August, 2074', '2074/08/18', '2074-08-18', 'August 18th, 2074', '18-08-2074']"
2003,May,28,"['May 28th, 2003', '28th May, 2003']"
2091,December,13,"['13-12-2091', 'December 13th, 2091', '13 Dec 2091', '13/12/2091', '12/13/2091', '13th December, 2091']"
1924,September,8,"['September 8th, 1924', '8th September, 1924', '08 Sep 1924', '1924-09-08']"
2076,August,10,"['2076/08/10', '08/10/2076', '10/08/2076', '10-08-2076']"
1990,May,29,"['05/29/1990', '29-05-1990', '29th May, 1990', '1990/05/29']"
1981,April,17,"['1981-04-17', '17 Apr 1981', 'April 17th, 1981', '17/04/1981', '04/17/1981', '1981/04/17', '17th April, 1981']"
1959,July,28,"['1959-07-28', '07/28/1959', '28th July, 1959']"
2082,January,26,"['2082-01-26', '26/01/2082', '26 Jan 2082']"
1949,May,1,['1949/05/01']
1960,January,16,"['January 16th, 1960', '16th January, 1960', '1960/01/16', '1960-01-16', '16 Jan 1960', '16/01/1960']"
2012,September,13,"['13/09/2012', '13 Sep 2012', '2012/09/13', '13th September, 2012', 'September 13th, 2012']"
2005,October,17,"['10/17/2005', '17-10-2005', '17 Oct 2005', 'October 17th, 2005', '17th October, 2005']"
1940,March,31,"['03/31/1940', '1940/03/31', 'March 31st, 1940', '1940-03-31']"
2049,April,22,"['22-04-2049', '2049/04/22', '22/04/2049']"
1919,July,6,"['July 6th, 1919', '06 Jul 1919', '1919-07-06', '07/06/1919', '1919/07/06', '06/07/1919']"
2013,December,13,"['13 Dec 2013', 'December 13th, 2013', '13/12/2013', '13-12-2013', '2013/12/13', '13th December, 2013', '2013-12-13', '12/13/2013']"
2022,March,29,"['2022-03-29', '03/29/2022', '29-03-2022', 'March 29th, 2022', '29/03/2022']"
2049,July,17,"['17th July, 2049', '2049/07/17', '07/17/2049', '17-07-2049', '17 Jul 2049', '17/07/2049']"
2012,September,26,"['2012/09/26', '26/09/2012', '2012-09-26', 'September 26th, 2012']"
1920,March,27,"['27/03/1920', 'March 27th, 1920', '27-03-1920', '03/27/1920', '27 Mar 1920', '1920/03/27', '1920-03-27', '27th March, 1920']"
1981,June,29,"['06/29/1981', '29-06-1981', 'June 29th, 1981', '29/06/1981', '1981-06-29', '1981/06/29', '29 Jun 1981']"
1978,June,24,"['06/24/1978', 'June 24th, 1978', '24/06/1978', '24th June, 1978', '1978/06/24']"
2099,February,14,"['2099-02-14', '14-02-2099', 'February 14th, 2099']"
1994,March,6,"['03/06/1994', '06-03-1994', '1994/03/06', '06/03/1994', '06 Mar 1994', 'March 6th, 1994']"
1906,February,20,"['February 20th, 1906', '02/20/1906']"
2067,February,17,"['2067/02/17', 'February 17th, 2067']"
2025,May,30,"['May 30th, 2025', '30th May, 2025']"
1994,September,6,"['6th September, 1994', '06 Sep 1994', '09/06/1994', '1994/09/06', '06-09-1994', 'September 6th, 1994']"
2027,February,28,"['28 Feb 2027', '28/02/2027', 'February 28th, 2027', '28th February, 2027', '28-02-2027', '2027/02/28', '2027-02-28']"
2005,January,16,"['16 Jan 2005', '2005-01-16']"
2085,June,27,"['27th June, 2085', '06/27/2085', '27-06-2085']"
1942,December,7,"['07 Dec 1942', '07-12-1942']"
1982,April,15,"['15th April, 1982', '15-04-1982', '1982/04/15', 'April 15th, 1982']"
1940,July,14,"['14th July, 1940', '14-07-1940']"
1946,May,1,"['01 May 1946', '01-05-1946']"
1999,April,30,"['30-04-1999', '1999-04-30', '30th April, 1999', 'April 30th, 1999', '30 Apr 1999', '04/30/1999', '30/04/1999']"
2093,July,26,"['26/07/2093', '2093-07-26', '26-07-2093', '26th July, 2093', '2093/07/26', 'July 26th, 2093', '07/26/2093', '26 Jul 2093']"
1919,March,5,"['1919-03-05', '05 Mar 1919', '5th March, 1919', '1919/03/05']"
1947,March,18,"['1947-03-18', 'March 18th, 1947', '18/03/1947', '03/18/1947', '18th March, 1947', '1947/03/18']"
1993,November,22,"['1993-11-22', '11/22/1993', '22-11-1993', '22 Nov 1993', 'November 22nd, 1993', '1993/11/22', '22/11/1993']"
1916,February,5,"['05-02-1916', '05 Feb 1916']"
1949,December,9,"['1949-12-09', '09-12-1949', '9th December, 1949', '09 Dec 1949', '12/09/1949']"
2025,January,18,"['18th January, 2025', '01/18/2025', '18-01-2025']"
1977,January,4,"['04/01/1977', '01/04/1977', '4th January, 1977', '1977-01-04', 'January 4th, 1977', '04 Jan 1977']"
1934,May,16,"['1934/05/16', '05/16/1934']"
2059,May,19,"['2059/05/19', '19-05-2059', '19/05/2059', '05/19/2059', '19th May, 2059', '2059-05-19', 'May 19th, 2059']"
1920,January,1,"['1st January, 1920', 'January 1st, 1920', '01-01-1920', '1920/01/01', '01/01/1920']"
2057,October,30,"['30 Oct 2057', '10/30/2057', '2057/10/30', '30-10-2057', '30/10/2057', '2057-10-30', '30th October, 2057', 'October 30th, 2057']"
1982,June,19,"['19 Jun 1982', '1982-06-19', '06/19/1982', '19-06-1982', '1982/06/19', '19/06/1982']"
2093,July,17,"['July 17th, 2093', '07/17/2093', '17/07/2093', '17 Jul 2093', '17th July, 2093', '2093/07/17', '2093-07-17']"
2036,June,25,"['2036/06/25', 'June 25th, 2036', '25 Jun 2036', '2036-06-25']"
1955,January,15,"['01/15/1955', '15-01-1955']"
1944,April,17,"['1944/04/17', '1944-04-17', '04/17/1944']"
1930,July,16,"['1930/07/16', '16 Jul 1930', '1930-07-16', 'July 16th, 1930', '16th July, 1930', '07/16/1930', '16/07/1930', '16-07-1930']"
2080,November,18,"['18 Nov 2080', '18-11-2080', '2080/11/18', 'November 18th, 2080', '18th November, 2080', '11/18/2080', '18/11/2080']"
1975,June,16,"['16 Jun 1975', '16/06/1975', 'June 16th, 1975']"
1928,November,27,"['1928/11/27', '11/27/1928', '1928-11-27', '27-11-1928', '27 Nov 1928', '27th November, 1928', 'November 27th, 1928', '27/11/1928']"
1987,May,13,"['1987/05/13', '1987-05-13', '13-05-1987', '13 May 1987']"
2081,October,22,"['22/10/2081', '22nd October, 2081', 'October 22nd, 2081']"
1961,June,4,"['1961-06-04', '04/06/1961', '04-06-1961', '06/04/1961', '1961/06/04', 'June 4th, 1961', '04 Jun 1961']"
2071,March,11,"['March 11th, 2071', '11/03/2071', '2071-03-11']"
2074,June,12,"['June 12th, 2074', '2074/06/12', '06/12/2074', '12-06-2074', '12 Jun 2074']"
1957,June,25,"['June 25th, 1957', '1957/06/25', '25th June, 1957', '1957-06-25', '25 Jun 1957', '06/25/1957', '25-06-1957', '25/06/1957']"
1947,November,3,['03-11-1947']
2055,December,22,"['2055-12-22', '12/22/2055', '22 Dec 2055', '2055/12/22', '22nd December, 2055', 'December 22nd, 2055', '22/12/2055']"
2061,August,29,"['08/29/2061', '29/08/2061', 'August 29th, 2061']"
1917,April,2,"['1917/04/02', '2nd April, 1917', 'April 2nd, 1917', '1917-04-02']"
2031,May,19,"['19 May 2031', '19/05/2031', '2031/05/19']"
1928,June,8,"['8th June, 1928', '1928/06/08', '08-06-1928', '1928-06-08', '08/06/1928']"
2094,February,27,"['27/02/2094', '2094/02/27']"
2040,June,29,['29-06-2040']
1997,March,31,"['1997/03/31', 'March 31st, 1997', '31-03-1997', '31/03/1997', '31st March, 1997', '31 Mar 1997', '03/31/1997', '1997-03-31']"
2021,June,17,"['June 17th, 2021', '17 Jun 2021', '17th June, 2021']"
2020,February,1,"['2020/02/01', '01 Feb 2020', '02/01/2020', '1st February, 2020', '2020-02-01', '01/02/2020']"
1902,July,8,"['08/07/1902', '1902-07-08', '1902/07/08', '08-07-1902', '8th July, 1902', '07/08/1902']"
1961,December,5,"['December 5th, 1961']"
2005,January,11,"['11 Jan 2005', '01/11/2005', '2005-01-11', '11-01-2005', 'January 11th, 2005', '11th January, 2005', '11/01/2005']"
1911,November,24,['1911-11-24']
1971,October,14,"['14-10-1971', '1971-10-14']"
2004,December,4,"['04 Dec 2004', '4th December, 2004', '12/04/2004', '04/12/2004', '04-12-2004', '2004/12/04', 'December 4th, 2004']"
1912,January,17,"['17/01/1912', 'January 17th, 1912']"
2059,October,31,"['2059-10-31', '31st October, 2059', '10/31/2059', '31 Oct 2059', '31-10-2059', '2059/10/31']"
1979,August,31,"['1979-08-31', '31 Aug 1979', 'August 31st, 1979', '31st August, 1979', '08/31/1979']"
1940,December,25,"['25-12-1940', '12/25/1940', 'December 25th, 1940', '1940-12-25', '25th December, 1940', '1940/12/25']"
1956,October,15,"['15-10-1956', '10/15/1956', '15th October, 1956', '1956-10-15', 'October 15th, 1956', '15 Oct 1956', '1956/10/15']"
2057,August,28,"['2057/08/28', '2057-08-28', '28/08/2057', '28 Aug 2057', '28-08-2057']"
1903,January,27,"['27 Jan 1903', '1903-01-27', '27th January, 1903', 'January 27th, 1903', '1903/01/27', '27/01/1903', '01/27/1903']"
1937,December,7,"['7th December, 1937', '12/07/1937', '07-12-1937', '07 Dec 1937', 'December 7th, 1937']"
2093,December,27,"['27/12/2093', '12/27/2093', '27 Dec 2093', '27th December, 2093', 'December 27th, 2093', '2093-12-27', '2093/12/27', '27-12-2093']"
2031,May,25,"['2031-05-25', '2031/05/25', '25/05/2031', '25 May 2031']"
1994,August,2,"['02 Aug 1994', '1994/08/02', '08/02/1994', '1994-08-02']"
2083,May,21,"['21/05/2083', '21 May 2083', '2083-05-21', '21-05-2083', '05/21/2083']"
2019,May,29,"['2019/05/29', '05/29/2019', '29/05/2019', '29 May 2019', '2019-05-29', '29th May, 2019']"
1927,April,19,"['1927/04/19', '1927-04-19', '19/04/1927', 'April 19th, 1927', '19-04-1927', '19th April, 1927']"
2057,December,6,"['06/12/2057', '06 Dec 2057']"
1948,August,24,"['24th August, 1948', '24-08-1948', '1948-08-24']"
1992,July,3,"['1992-07-03', '1992/07/03', '03-07-1992', 'July 3rd, 1992', '03/07/1992', '3rd July, 1992']"
1980,March,29,"['1980/03/29', '29th March, 1980', 'March 29th, 1980', '03/29/1980']"
2009,July,21,"['2009/07/21', '21-07-2009', '21 Jul 2009', '07/21/2009', '21st July, 2009', '2009-07-21']"
1915,August,20,"['1915/08/20', '08/20/1915', '20-08-1915', '1915-08-20', '20/08/1915', 'August 20th, 1915', '20th August, 1915']"
1921,August,17,"['17-08-1921', '17/08/1921', 'August 17th, 1921', '17 Aug 1921', '1921/08/17', '17th August, 1921']"
1972,November,26,"['26 Nov 1972', '26th November, 1972', '11/26/1972', '26/11/1972']"
1987,November,19,"['19 Nov 1987', '11/19/1987', '1987/11/19', '19th November, 1987', '19-11-1987', '19/11/1987', 'November 19th, 1987', '1987-11-19']"
2036,June,19,"['19th June, 2036', '2036-06-19', '19 Jun 2036', '19/06/2036', 'June 19th, 2036']"
1979,November,2,"['02-11-1979', '02/11/1979', '2nd November, 1979', '1979/11/02', '11/02/1979']"
1952,July,16,"['1952/07/16', '16th July, 1952', '16 Jul 1952', '16-07-1952']"
2070,March,8,"['8th March, 2070']"
2057,December,11,"['11/12/2057', '11th December, 2057', '12/11/2057', '2057/12/11', 'December 11th, 2057', '2057-12-11', '11-12-2057', '11 Dec 2057']"
2094,August,17,"['17th August, 2094', '17-08-2094', 'August 17th, 2094', '2094/08/17']"
2000,October,11,"['11th October, 2000', '11-10-2000', '10/11/2000', 'October 11th, 2000', '11 Oct 2000', '2000/10/11', '11/10/2000', '2000-10-11']"
2034,February,16,"['16-02-2034', '16/02/2034', '2034/02/16', '2034-02-16']"
1998,October,31,"['1998-10-31', '31st October, 1998', 'October 31st, 1998']"
2017,November,8,"['2017/11/08', '8th November, 2017', '2017-11-08', '08 Nov 2017', '11/08/2017', 'November 8th, 2017', '08/11/2017']"
1925,December,5,"['05 Dec 1925', '1925-12-05']"
2019,December,18,"['2019/12/18', '2019-12-18', '12/18/2019', '18th December, 2019', '18/12/2019', 'December 18th, 2019', '18-12-2019', '18 Dec 2019']"
2057,June,14,"['06/14/2057', '14/06/2057', '2057-06-14', '2057/06/14']"
1955,April,1,"['01-04-1955', '1st April, 1955', '04/01/1955', '01/04/1955']"
2011,May,24,"['05/24/2011', '2011/05/24', '24 May 2011']"
1926,November,23,"['23rd November, 1926', '23/11/1926', '11/23/1926', '1926/11/23']"
1933,July,16,"['16th July, 1933', '16/07/1933', 'July 16th, 1933', '1933/07/16', '1933-07-16', '07/16/1933', '16 Jul 1933', '16-07-1933']"
1992,September,12,"['1992/09/12', '1992-09-12', '12 Sep 1992', '12th September, 1992', 'September 12th, 1992']"
2047,June,7,"['2047/06/07', '07-06-2047', '7th June, 2047']"
1949,September,14,"['14 Sep 1949', '14/09/1949', '09/14/1949', '14th September, 1949', 'September 14th, 1949', '1949/09/14']"
1916,July,31,"['31-07-1916', '07/31/1916', '31st July, 1916', 'July 31st, 1916']"
2030,February,7,"['2030-02-07', '2030/02/07', 'February 7th, 2030', '07 Feb 2030', '07/02/2030', '07-02-2030', '7th February, 2030', '02/07/2030']"
1991,December,27,"['27/12/1991', '1991/12/27', '27-12-1991', '1991-12-27']"
2034,March,16,"['16th March, 2034', '2034-03-16', '2034/03/16', '16/03/2034', 'March 16th, 2034']"
2089,September,10,"['09/10/2089', '10/09/2089', '10-09-2089', 'September 10th, 2089', '2089-09-10', '10 Sep 2089']"
2035,March,15,"['2035-03-15', '15-03-2035', '15/03/2035', '03/15/2035', 'March 15th, 2035']"
1988,July,13,"['13 Jul 1988', '13th July, 1988', '1988-07-13']"
2086,June,10,"['10th June, 2086', '10-06-2086', '06/10/2086', '2086/06/10', '10 Jun 2086', '2086-06-10', '10/06/2086']"
2061,May,16,"['2061-05-16', '16 May 2061']"
1993,December,19,"['19th December, 1993', '19-12-1993', 'December 19th, 1993', '1993/12/19', '12/19/1993', '19/12/1993', '19 Dec 1993']"
2085,July,1,"['01-07-2085', '01/07/2085', '1st July, 2085', '2085-07-01', '01 Jul 2085', '07/01/2085', '2085/07/01', 'July 1st, 2085']"
1949,September,16,"['16th September, 1949', 'September 16th, 1949', '16 Sep 1949']"
1951,October,1,"['10/01/1951', '01/10/1951', '1st October, 1951', '01-10-1951', '01 Oct 1951', 'October 1st, 1951', '1951/10/01', '1951-10-01']"
2009,April,4,['04/04/2009']
1907,August,5,"['5th August, 1907', '1907-08-05', 'August 5th, 1907', '05-08-1907']"
2081,April,19,"['19/04/2081', '2081/04/19', '19-04-2081', '04/19/2081', '2081-04-19', 'April 19th, 2081', '19 Apr 2081']"
1924,May,3,"['03/05/1924', '03 May 1924', '1924/05/03', '1924-05-03', '3rd May, 1924', '05/03/1924', '03-05-1924', 'May 3rd, 1924']"
1981,June,3,"['June 3rd, 1981', '1981-06-03', '3rd June, 1981']"
2079,October,3,['03-10-2079']
2094,December,17,"['December 17th, 2094', '17-12-2094', '2094/12/17', '17th December, 2094', '2094-12-17', '12/17/2094', '17/12/2094']"
2009,July,12,"['July 12th, 2009', '07/12/2009', '2009-07-12', '12-07-2009', '12/07/2009']"
2038,March,29,"['2038-03-29', '03/29/2038', '29 Mar 2038', 'March 29th, 2038', '2038/03/29', '29-03-2038', '29/03/2038']"
1904,March,15,"['03/15/1904', 'March 15th, 1904', '15 Mar 1904', '15/03/1904']"
2063,July,25,"['2063/07/25', '25/07/2063', 'July 25th, 2063', '07/25/2063', '25th July, 2063', '25 Jul 2063', '25-07-2063']"
2003,February,25,"['25 Feb 2003', '2003/02/25', '25th February, 2003', '25-02-2003', 'February 25th, 2003', '02/25/2003', '2003-02-25']"
2059,June,19,"['June 19th, 2059']"
2077,August,28,"['28/08/2077', 'August 28th, 2077']"
2024,May,23,"['05/23/2024', '23/05/2024']"
1944,October,25,"['25-10-1944', '25/10/1944', '1944/10/25', '10/25/1944', '25 Oct 1944', '25th October, 1944']"
1928,August,11,"['11-08-1928', '08/11/1928', 'August 11th, 1928']"
2078,October,10,"['10th October, 2078', '10-10-2078']"
2057,October,15,"['2057/10/15', '15 Oct 2057', '15th October, 2057', 'October 15th, 2057', '2057-10-15']"
1925,February,21,"['February 21st, 1925', '21st February, 1925']"
1976,December,31,['31-12-1976']
2076,March,13,"['13/03/2076', '13 Mar 2076', '03/13/2076', 'March 13th, 2076', '13-03-2076']"
1972,February,24,['02/24/1972']
2036,November,30,"['2036/11/30', '30 Nov 2036', '2036-11-30', '30-11-2036', '30th November, 2036', '11/30/2036']"
1933,November,29,"['1933-11-29', '29th November, 1933', '29/11/1933']"
1946,January,14,"['1946/01/14', '01/14/1946', '14 Jan 1946']"
1928,August,12,"['August 12th, 1928', '12 Aug 1928', '12/08/1928', '1928-08-12', '08/12/1928', '12-08-1928', '1928/08/12', '12th August, 1928']"
1914,December,2,['12/02/1914']
2055,July,15,"['15th July, 2055', '2055-07-15', '15 Jul 2055', '15/07/2055']"
2091,May,7,"['05/07/2091', '07/05/2091', '2091/05/07', '2091-05-07', '7th May, 2091', '07-05-2091', '07 May 2091', 'May 7th, 2091']"
1957,August,5,['1957-08-05']
1936,July,4,"['1936/07/04', '04/07/1936', 'July 4th, 1936']"
1976,August,14,['14-08-1976']
2079,June,6,"['06 Jun 2079', '06-06-2079', '2079-06-06']"
2061,August,6,"['August 6th, 2061', '06/08/2061', '6th August, 2061', '08/06/2061', '2061-08-06', '06 Aug 2061', '06-08-2061']"
2042,July,9,"['07/09/2042', '9th July, 2042', '2042/07/09', '09/07/2042', 'July 9th, 2042', '09 Jul 2042', '2042-07-09', '09-07-2042']"
1906,January,6,"['1906-01-06', '6th January, 1906', '06 Jan 1906', '06/01/1906', 'January 6th, 1906', '01/06/1906']"
2050,February,8,"['08/02/2050', '08 Feb 2050', '8th February, 2050', 'February 8th, 2050', '08-02-2050', '2050/02/08', '2050-02-08']"
1939,February,17,"['17th February, 1939', '02/17/1939', '17 Feb 1939', '1939/02/17', '17-02-1939']"
2030,November,3,"['03-11-2030', '2030-11-03', 'November 3rd, 2030', '03/11/2030']"
1913,June,18,"['18th June, 1913', '1913/06/18', '1913-06-18', '06/18/1913']"
1985,October,6,"['10/06/1985', '06/10/1985', '06 Oct 1985', '06-10-1985', 'October 6th, 1985', '6th October, 1985', '1985/10/06']"
1971,October,24,"['1971/10/24', 'October 24th, 1971', '24 Oct 1971', '24-10-1971', '1971-10-24']"
2048,December,18,"['12/18/2048', '2048-12-18', '18-12-2048', '18th December, 2048', 'December 18th, 2048', '18/12/2048']"
1970,May,9,"['1970/05/09', '09-05-1970', '05/09/1970']"
1910,January,25,"['25 Jan 1910', '01/25/1910', '1910/01/25', '1910-01-25']"
2095,January,11,"['January 11th, 2095', '11th January, 2095', '01/11/2095', '2095/01/11']"
1960,October,3,"['3rd October, 1960', '03-10-1960']"
2032,February,7,"['07 Feb 2032', '2032-02-07', '07-02-2032', 'February 7th, 2032']"
1979,February,4,"['04 Feb 1979', '02/04/1979', 'February 4th, 1979']"
1930,July,17,"['1930/07/17', '07/17/1930', 'July 17th, 1930', '17 Jul 1930', '17-07-1930', '17th July, 1930']"
1980,November,27,"['November 27th, 1980', '27-11-1980', '27/11/1980', '1980-11-27', '1980/11/27']"
2039,December,27,"['12/27/2039', '27 Dec 2039', '27th December, 2039']"
2049,July,12,"['2049/07/12', '07/12/2049', '12-07-2049']"
1997,December,24,"['December 24th, 1997', '12/24/1997', '24 Dec 1997']"
1910,April,19,"['1910/04/19', '1910-04-19', '19-04-1910', '19/04/1910', '19th April, 1910']"
1913,October,15,"['15 Oct 1913', '10/15/1913', '15/10/1913']"
1940,August,5,"['5th August, 1940', '05 Aug 1940', '1940/08/05']"
2049,June,12,"['2049-06-12', '12/06/2049', '12th June, 2049', 'June 12th, 2049']"
1935,June,7,"['7th June, 1935', '07-06-1935', 'June 7th, 1935', '1935-06-07', '07/06/1935', '06/07/1935', '07 Jun 1935']"
2003,December,23,['2003-12-23']
2093,September,21,"['21st September, 2093', '2093/09/21', 'September 21st, 2093', '09/21/2093', '21/09/2093', '21-09-2093']"
2026,January,7,"['07 Jan 2026', '2026-01-07', '01/07/2026', 'January 7th, 2026', '2026/01/07', '07-01-2026', '07/01/2026', '7th January, 2026']"
2070,December,14,"['14th December, 2070', '14/12/2070', '2070/12/14', 'December 14th, 2070', '12/14/2070']"
2064,June,22,"['22-06-2064', '22/06/2064', '2064-06-22', '2064/06/22', '06/22/2064', 'June 22nd, 2064', '22 Jun 2064', '22nd June, 2064']"
1995,August,23,['1995-08-23']
1940,February,17,"['1940/02/17', '17-02-1940', '17 Feb 1940', '02/17/1940', '1940-02-17', '17th February, 1940']"
1942,October,20,"['10/20/1942', '20th October, 1942', '1942-10-20', '1942/10/20', '20 Oct 1942', '20-10-1942', '20/10/1942']"
2032,November,22,"['22-11-2032', '2032/11/22', '22nd November, 2032', 'November 22nd, 2032', '22/11/2032', '2032-11-22']"
2068,August,21,"['21 Aug 2068', '2068/08/21', 'August 21st, 2068', '21/08/2068']"
1924,March,6,"['1924-03-06', '06 Mar 1924', '06-03-1924']"
1937,January,9,"['01/09/1937', '09-01-1937', '1937-01-09', '1937/01/09', 'January 9th, 1937', '09 Jan 1937', '09/01/1937']"
2041,November,7,"['11/07/2041', '7th November, 2041', '07 Nov 2041', 'November 7th, 2041', '07-11-2041']"
2063,March,20,"['2063-03-20', 'March 20th, 2063', '20th March, 2063', '2063/03/20', '03/20/2063', '20/03/2063', '20-03-2063']"
2048,May,1,"['05/01/2048', '1st May, 2048', '2048-05-01', 'May 1st, 2048', '2048/05/01']"
2097,September,29,"['2097-09-29', '09/29/2097', '29/09/2097', '2097/09/29', '29 Sep 2097', '29th September, 2097', 'September 29th, 2097', '29-09-2097']"
2059,January,16,"['16 Jan 2059', '16-01-2059', '2059-01-16', '01/16/2059', '2059/01/16', '16/01/2059']"
2008,June,4,"['04/06/2008', '2008-06-04', '04 Jun 2008', '04-06-2008', 'June 4th, 2008']"
1921,May,28,['28/05/1921']
1954,May,12,"['12th May, 1954', '05/12/1954', '12 May 1954', '12/05/1954', '12-05-1954', 'May 12th, 1954', '1954/05/12', '1954-05-12']"
2054,September,2,"['02/09/2054', '09/02/2054', '02 Sep 2054', '2nd September, 2054', 'September 2nd, 2054']"
1908,November,30,"['November 30th, 1908', '1908-11-30', '30 Nov 1908', '30th November, 1908']"
2084,September,15,"['15-09-2084', 'September 15th, 2084', '09/15/2084', '15/09/2084', '15 Sep 2084', '2084-09-15', '15th September, 2084', '2084/09/15']"
2066,May,21,"['2066/05/21', '2066-05-21', '21-05-2066', '21/05/2066']"
2068,May,24,"['05/24/2068', '24th May, 2068']"
1942,October,14,"['1942-10-14', 'October 14th, 1942']"
1902,January,12,"['12 Jan 1902', '1902/01/12', '12/01/1902', 'January 12th, 1902', '1902-01-12']"
2013,June,27,['2013/06/27']
2060,September,20,"['09/20/2060', '20 Sep 2060', 'September 20th, 2060', '20/09/2060', '20-09-2060', '20th September, 2060', '2060/09/20']"
1948,August,16,"['16th August, 1948', '16/08/1948', '16 Aug 1948', '08/16/1948', '1948/08/16', '16-08-1948', '1948-08-16', 'August 16th, 1948']"
2095,March,29,"['03/29/2095', '29-03-2095']"
1954,February,13,"['13 Feb 1954', 'February 13th, 1954', '02/13/1954', '13/02/1954']"
2001,March,12,"['12-03-2001', '03/12/2001', '12/03/2001', '12 Mar 2001', '2001-03-12', '2001/03/12', 'March 12th, 2001', '12th March, 2001']"
2047,December,1,"['01-12-2047', 'December 1st, 2047']"
2000,June,15,"['15 Jun 2000', '2000-06-15']"
1965,August,12,"['08/12/1965', '12-08-1965', 'August 12th, 1965', '1965-08-12']"
2009,December,16,"['16/12/2009', '2009/12/16', '16th December, 2009', '12/16/2009', 'December 16th, 2009', '2009-12-16']"
1970,August,24,"['24th August, 1970', '1970/08/24', 'August 24th, 1970', '24/08/1970', '24-08-1970', '08/24/1970', '1970-08-24', '24 Aug 1970']"
1976,August,21,"['21/08/1976', '21st August, 1976', 'August 21st, 1976', '08/21/1976']"
2080,January,9,"['2080/01/09', '09 Jan 2080']"
2042,March,25,"['25 Mar 2042', '2042-03-25', '25th March, 2042', '25-03-2042', '2042/03/25', '25/03/2042']"
2057,July,27,"['27-07-2057', '27th July, 2057', '27 Jul 2057', '2057-07-27']"
1954,July,1,"['07/01/1954', '01-07-1954', '01/07/1954', '01 Jul 1954', '1st July, 1954', '1954/07/01', 'July 1st, 1954', '1954-07-01']"
2047,June,27,['27-06-2047']
2069,January,14,"['14 Jan 2069', '2069/01/14', 'January 14th, 2069']"
2090,May,28,"['28th May, 2090', '2090/05/28', '28 May 2090', '05/28/2090']"
1903,October,24,"['24-10-1903', '10/24/1903', 'October 24th, 1903', '24 Oct 1903', '1903/10/24', '1903-10-24']"
2035,May,30,"['30th May, 2035', '2035/05/30', '30-05-2035']"
1960,June,15,"['June 15th, 1960', '15 Jun 1960', '1960-06-15', '15/06/1960', '06/15/1960', '15-06-1960', '15th June, 1960']"
1967,May,2,['02-05-1967']
2005,March,13,"['13th March, 2005', '2005/03/13', '03/13/2005', '2005-03-13', '13 Mar 2005']"
2032,October,28,"['2032/10/28', 'October 28th, 2032', '28 Oct 2032', '2032-10-28', '28th October, 2032', '28-10-2032', '28/10/2032', '10/28/2032']"
1989,July,1,"['01/07/1989', '1st July, 1989', '01 Jul 1989', '01-07-1989', '1989/07/01']"
1934,June,18,"['1934-06-18', '18-06-1934', '1934/06/18']"
2068,February,7,"['2068/02/07', '7th February, 2068']"
1918,April,10,"['10th April, 1918', '10 Apr 1918', '04/10/1918', 'April 10th, 1918', '1918/04/10', '10/04/1918', '10-04-1918', '1918-04-10']"
1996,March,11,"['11th March, 1996', '11 Mar 1996', '1996-03-11', '03/11/1996', '11-03-1996', 'March 11th, 1996']"
2094,October,19,"['2094/10/19', '19th October, 2094', '2094-10-19', 'October 19th, 2094', '19 Oct 2094', '10/19/2094']"
2023,March,15,"['03/15/2023', '15/03/2023', '15-03-2023', '2023-03-15', '15 Mar 2023']"
2085,November,7,"['11/07/2085', '07-11-2085', '07 Nov 2085', 'November 7th, 2085', '07/11/2085', '7th November, 2085', '2085/11/07']"
2069,March,8,"['08 Mar 2069', '08-03-2069', '2069/03/08', '08/03/2069', '2069-03-08', 'March 8th, 2069', '03/08/2069', '8th March, 2069']"
1943,November,8,"['08-11-1943', '11/08/1943']"
2061,May,13,"['May 13th, 2061', '13/05/2061', '2061-05-13', '2061/05/13', '05/13/2061', '13 May 2061', '13-05-2061', '13th May, 2061']"
1980,October,23,"['October 23rd, 1980', '23/10/1980', '23-10-1980', '10/23/1980']"
1974,July,15,['1974/07/15']
1911,February,16,"['16th February, 1911', 'February 16th, 1911', '02/16/1911', '1911-02-16']"
2079,November,29,"['29-11-2079', '29th November, 2079']"
2090,August,24,"['24-08-2090', '08/24/2090']"
2024,October,11,"['October 11th, 2024', '2024-10-11', '2024/10/11', '11 Oct 2024', '11/10/2024', '11-10-2024', '10/11/2024']"
1928,March,29,"['03/29/1928', '29 Mar 1928', 'March 29th, 1928', '29th March, 1928', '1928/03/29', '29/03/1928', '29-03-1928']"
1926,June,5,"['05/06/1926', 'June 5th, 1926', '06/05/1926', '5th June, 1926', '1926/06/05', '05-06-1926', '05 Jun 1926', '1926-06-05']"
2011,January,22,"['22nd January, 2011', '22-01-2011']"
1926,August,15,"['15th August, 1926', '15 Aug 1926', '1926/08/15', '08/15/1926', '15-08-1926']"
1900,November,23,"['1900/11/23', '11/23/1900', 'November 23rd, 1900', '1900-11-23', '23-11-1900', '23rd November, 1900']"
2071,January,14,"['01/14/2071', '2071-01-14', '14-01-2071', '14/01/2071', '2071/01/14', '14 Jan 2071']"
1955,June,23,['1955/06/23']
2092,January,9,"['09 Jan 2092', '01/09/2092', 'January 9th, 2092', '9th January, 2092', '09/01/2092', '2092/01/09', '09-01-2092', '2092-01-09']"
2001,July,4,"['July 4th, 2001']"
1986,February,1,"['1986-02-01', 'February 1st, 1986', '01/02/1986', '1986/02/01', '01-02-1986', '02/01/1986', '01 Feb 1986']"
2077,September,2,"['2077-09-02', '09/02/2077', '2077/09/02', 'September 2nd, 2077', '2nd September, 2077', '02 Sep 2077', '02/09/2077']"
2046,April,12,"['12 Apr 2046', '2046-04-12', '12-04-2046', '04/12/2046']"
2090,May,4,"['04 May 2090', '05/04/2090', '04-05-2090']"
2001,September,10,"['2001/09/10', '10/09/2001', 'September 10th, 2001', '10-09-2001']"
1939,August,23,"['23rd August, 1939', '23-08-1939', '08/23/1939', '23 Aug 1939', 'August 23rd, 1939', '23/08/1939']"
1929,February,8,['1929-02-08']
1972,June,2,"['June 2nd, 1972', '02/06/1972', '06/02/1972', '1972/06/02']"
1936,March,3,"['03/03/1936', '03-03-1936', '1936-03-03', '3rd March, 1936', '1936/03/03', 'March 3rd, 1936', '03/03/1936', '03 Mar 1936']"
2066,March,22,"['03/22/2066', 'March 22nd, 2066', '22nd March, 2066', '22/03/2066', '2066/03/22']"
1962,April,4,['04-04-1962']
2006,January,28,['28/01/2006']
2093,May,6,['06 May 2093']
2053,March,27,"['March 27th, 2053', '2053-03-27', '27/03/2053', '03/27/2053', '27 Mar 2053', '2053/03/27']"
1942,December,2,"['02-12-1942', '12/02/1942', '1942-12-02']"
1982,October,11,"['1982/10/11', '11/10/1982', '11th October, 1982', '10/11/1982', '1982-10-11', '11-10-1982']"
1944,July,6,"['1944-07-06', '06/07/1944', '06 Jul 1944', '1944/07/06', 'July 6th, 1944']"
1919,March,18,"['18 Mar 1919', '18-03-1919', 'March 18th, 1919', '18/03/1919', '1919-03-18']"
1965,February,1,"['02/01/1965', '1965-02-01', '1st February, 1965', '01-02-1965', 'February 1st, 1965', '01 Feb 1965', '1965/02/01']"
2091,April,24,"['2091/04/24', '2091-04-24', '04/24/2091', '24 Apr 2091', 'April 24th, 2091', '24th April, 2091']"
2048,August,1,"['01/08/2048', '2048-08-01', '2048/08/01', '1st August, 2048', 'August 1st, 2048', '08/01/2048']"
1915,October,12,"['10/12/1915', 'October 12th, 1915', '12/10/1915', '12th October, 1915']"
2068,October,15,"['October 15th, 2068', '15 Oct 2068', '2068-10-15']"
2051,March,15,"['15/03/2051', '15 Mar 2051']"
1925,September,11,"['1925-09-11', '11-09-1925', '09/11/1925', 'September 11th, 1925', '11/09/1925']"
1957,December,14,"['1957-12-14', '14 Dec 1957', '14/12/1957', '14-12-1957', '14th December, 1957', '12/14/1957', '1957/12/14', 'December 14th, 1957']"
2004,November,5,"['05 Nov 2004', '5th November, 2004', '2004-11-05', 'November 5th, 2004', '05/11/2004', '11/05/2004', '2004/11/05']"
1934,January,4,"['01/04/1934', '04-01-1934', '1934-01-04', '04/01/1934']"
2065,November,14,['14/11/2065']
1908,October,3,"['1908-10-03', '10/03/1908']"
1922,June,5,"['June 5th, 1922', '5th June, 1922', '05 Jun 1922', '05/06/1922', '06/05/1922', '05-06-1922', '1922-06-05']"
2034,August,19,"['2034/08/19', 'August 19th, 2034', '19/08/2034', '19-08-2034']"
2038,February,3,"['03 Feb 2038', '03-02-2038', 'February 3rd, 2038', '03/02/2038']"
1902,September,11,"['September 11th, 1902', '1902/09/11', '09/11/1902', '11 Sep 1902', '11-09-1902']"
1941,October,5,"['10/05/1941', '05/10/1941', '1941/10/05', '5th October, 1941', '05 Oct 1941', '05-10-1941', 'October 5th, 1941', '1941-10-05']"
1964,January,13,"['01/13/1964', '1964/01/13', '13 Jan 1964', '1964-01-13', 'January 13th, 1964']"
2070,February,9,['09-02-2070']
2039,December,11,"['11th December, 2039', '2039/12/11', '11-12-2039', '11/12/2039', '11 Dec 2039', '2039-12-11', '12/11/2039', 'December 11th, 2039']"
1920,June,4,['1920/06/04']
2018,December,29,"['2018/12/29', '29th December, 2018', '2018-12-29']"
2035,November,30,"['2035/11/30', '30 Nov 2035', '30-11-2035', '30/11/2035', '2035-11-30', 'November 30th, 2035', '11/30/2035']"
1986,April,16,"['1986/04/16', '16/04/1986', '1986-04-16', '16-04-1986', 'April 16th, 1986', '16th April, 1986']"
1903,April,16,"['16-04-1903', '16/04/1903', '04/16/1903', '16 Apr 1903', '16th April, 1903', 'April 16th, 1903', '1903-04-16', '1903/04/16']"
2082,May,23,"['05/23/2082', '2082/05/23', 'May 23rd, 2082', '23/05/2082']"
2089,March,8,"['8th March, 2089']"
2018,November,8,"['08/11/2018', '2018-11-08', 'November 8th, 2018', '8th November, 2018', '08 Nov 2018']"
1966,December,24,"['1966/12/24', '24/12/1966', '24 Dec 1966']"
2082,December,10,"['2082-12-10', '2082/12/10']"
2077,January,23,"['23/01/2077', '23rd January, 2077', '01/23/2077', '23-01-2077', '2077/01/23']"
1995,May,18,"['18 May 1995', 'May 18th, 1995', '18th May, 1995', '18/05/1995']"
1971,August,10,"['1971/08/10', '1971-08-10', '10 Aug 1971', '10/08/1971', '10th August, 1971', '08/10/1971', '10-08-1971']"
1948,May,4,['05/04/1948']
1905,March,18,"['18 Mar 1905', '18/03/1905', '18-03-1905', '18th March, 1905', 'March 18th, 1905', '1905/03/18']"
2020,January,27,"['January 27th, 2020', '27/01/2020', '01/27/2020', '27-01-2020']"
1915,August,2,"['1915/08/02', '2nd August, 1915', '02-08-1915']"
1931,July,16,"['16/07/1931', '1931/07/16', '07/16/1931', '16th July, 1931', 'July 16th, 1931']"
1972,August,1,"['08/01/1972', '01-08-1972', 'August 1st, 1972']"
2078,March,1,"['March 1st, 2078', '2078/03/01', '03/01/2078', '1st March, 2078', '01/03/2078', '01-03-2078', '2078-03-01', '01 Mar 2078']"
2046,October,21,"['21/10/2046', '10/21/2046']"
1972,October,30,"['30/10/1972', '10/30/1972', 'October 30th, 1972', '1972-10-30', '30 Oct 1972', '30th October, 1972']"
1992,November,16,"['16-11-1992', '11/16/1992', '16/11/1992', '1992/11/16', '16 Nov 1992']"
1988,December,28,"['28 Dec 1988', '28th December, 1988', '1988/12/28', 'December 28th, 1988', '12/28/1988', '1988-12-28']"
2081,June,22,"['22nd June, 2081', '22-06-2081', '2081/06/22', 'June 22nd, 2081', '2081-06-22']"
1912,August,22,"['08/22/1912', '1912-08-22']"
1914,June,23,"['06/23/1914', '23-06-1914', '23rd June, 1914', '1914/06/23', '23/06/1914']"
2004,October,28,"['28/10/2004', '28th October, 2004', '10/28/2004', '28-10-2004', '28 Oct 2004']"
2064,September,22,['22/09/2064']
1966,April,12,"['April 12th, 1966']"
2093,November,17,"['2093/11/17', 'November 17th, 2093', '17/11/2093', '17-11-2093', '17th November, 2093', '11/17/2093', '2093-11-17', '17 Nov 2093']"
2008,December,17,"['17 Dec 2008', 'December 17th, 2008', '2008/12/17', '2008-12-17', '17-12-2008', '17th December, 2008', '12/17/2008']"
1928,May,26,"['26-05-1928', '1928-05-26', '26/05/1928', '05/26/1928', '26 May 1928', 'May 26th, 1928', '1928/05/26']"
2035,May,12,['12 May 2035']
1910,April,11,"['1910/04/11', '11/04/1910', 'April 11th, 1910', '04/11/1910', '11 Apr 1910', '11-04-1910', '1910-04-11', '11th April, 1910']"
2022,August,31,"['31st August, 2022']"
1925,December,24,"['1925-12-24', '24 Dec 1925', 'December 24th, 1925', '12/24/1925', '24-12-1925']"
1975,February,1,"['1975/02/01', '01-02-1975', '01/02/1975', '1st February, 1975', 'February 1st, 1975', '1975-02-01', '01 Feb 1975', '02/01/1975']"
2009,March,15,['15/03/2009']
2075,November,4,"['4th November, 2075', 'November 4th, 2075']"
2091,April,3,"['2091-04-03', '03 Apr 2091', '03/04/2091']"
2014,November,10,"['2014/11/10', '10-11-2014', '10th November, 2014', '11/10/2014', '10/11/2014']"
2078,October,22,"['22nd October, 2078', 'October 22nd, 2078', '22-10-2078', '2078/10/22', '22/10/2078', '2078-10-22']"
2098,October,15,"['2098-10-15', 'October 15th, 2098', '15-10-2098', '2098/10/15', '15 Oct 2098']"
2084,January,12,"['01/12/2084', '12-01-2084']"
1950,August,5,"['1950/08/05', '05-08-1950', '05 Aug 1950', '1950-08-05', '05/08/1950']"
2079,July,26,"['26/07/2079', '2079/07/26', '2079-07-26', '07/26/2079', '26th July, 2079', '26 Jul 2079']"
2056,March,16,['03/16/2056']
1943,December,27,"['December 27th, 1943', '27 Dec 1943', '27/12/1943', '27-12-1943']"
1993,July,3,"['1993/07/03', '03-07-1993', '1993-07-03', '03/07/1993', 'July 3rd, 1993']"
1956,November,12,['11/12/1956']
2026,December,10,"['10-12-2026', 'December 10th, 2026', '10/12/2026', '10 Dec 2026', '10th December, 2026']"
2063,August,11,"['08/11/2063', '11 Aug 2063', '11-08-2063', '11th August, 2063', 'August 11th, 2063', '2063/08/11', '2063-08-11']"
1924,January,15,"['January 15th, 1924', '1924-01-15', '1924/01/15', '15 Jan 1924']"
1965,January,3,"['01/03/1965', '03-01-1965', '1965/01/03', '03/01/1965']"
2051,September,30,"['2051-09-30', '30-09-2051', '30 Sep 2051', 'September 30th, 2051', '30th September, 2051', '30/09/2051', '09/30/2051']"
2089,October,7,['10/07/2089']
2091,October,3,['03/10/2091']
1978,August,24,"['24th August, 1978', '24 Aug 1978', '24/08/1978', '24-08-1978', '08/24/1978', 'August 24th, 1978', '1978/08/24', '1978-08-24']"
2016,September,30,"['September 30th, 2016', '2016-09-30', '09/30/2016', '30 Sep 2016']"
1922,September,23,"['23 Sep 1922', '1922/09/23', '23/09/1922', '23rd September, 1922', '23-09-1922', '09/23/1922', '1922-09-23']"
1993,February,27,"['02/27/1993', '27th February, 1993', '27-02-1993', '27/02/1993', '1993-02-27', 'February 27th, 1993', '27 Feb 1993']"
1997,October,10,"['10/10/1997', '1997-10-10', 'October 10th, 1997', '10 Oct 1997']"
1996,December,22,"['22nd December, 1996', 'December 22nd, 1996', '1996-12-22', '1996/12/22', '22-12-1996']"
1903,June,24,"['1903/06/24', '1903-06-24', '24th June, 1903', '24-06-1903']"
2095,November,26,"['2095-11-26', '26th November, 2095', 'November 26th, 2095', '2095/11/26', '26/11/2095', '26 Nov 2095']"
1977,September,22,['22/09/1977']
1976,October,7,"['1976/10/07', '1976-10-07', '07-10-1976', '07/10/1976', '7th October, 1976', '10/07/1976', '07 Oct 1976']"
1906,March,31,"['31st March, 1906', '31 Mar 1906', '1906/03/31']"
2023,October,26,"['26/10/2023', '26-10-2023', '2023-10-26', '26th October, 2023', '26 Oct 2023', '2023/10/26', 'October 26th, 2023']"
1993,June,29,"['29 Jun 1993', '1993-06-29', '29th June, 1993']"
1973,October,7,"['10/07/1973', '7th October, 1973', '1973/10/07', '07/10/1973', '07 Oct 1973', '07-10-1973', '1973-10-07', 'October 7th, 1973']"
2033,February,6,"['2033/02/06', '06 Feb 2033', '06/02/2033']"
1903,November,15,"['1903/11/15', '15 Nov 1903', '15th November, 1903', '1903-11-15', '15/11/1903', '11/15/1903']"
1979,July,10,"['10 Jul 1979', '10th July, 1979', '1979-07-10', '1979/07/10']"
2064,July,6,"['July 6th, 2064', '07/06/2064', '06/07/2064']"
1921,April,17,"['17 Apr 1921', '1921-04-17', '17/04/1921', '17-04-1921', 'April 17th, 1921']"
2008,January,23,"['01/23/2008', '23 Jan 2008', '2008/01/23']"
1980,November,18,['1980-11-18']
2031,February,14,"['14th February, 2031', '02/14/2031', '14 Feb 2031', '14/02/2031', '14-02-2031', '2031-02-14', 'February 14th, 2031', '2031/02/14']"
2083,April,24,"['24th April, 2083', 'April 24th, 2083', '24/04/2083', '24 Apr 2083', '2083/04/24']"
1984,August,24,"['24th August, 1984']"
2029,February,6,"['February 6th, 2029', '2029-02-06', '06 Feb 2029', '6th February, 2029', '2029/02/06', '02/06/2029', '06/02/2029']"
1921,December,12,"['12/12/1921', '1921-12-12', '1921/12/12', '12 Dec 1921', '12th December, 1921', 'December 12th, 1921', '12-12-1921']"
1931,November,1,"['November 1st, 1931', '1931-11-01', '1st November, 1931']"
1978,November,18,"['18th November, 1978', '11/18/1978', '18/11/1978', '18-11-1978', '1978-11-18', '1978/11/18', 'November 18th, 1978']"
2014,December,11,"['12/11/2014', '11 Dec 2014', '11-12-2014', '11th December, 2014']"
2074,April,11,"['2074-04-11', '11/04/2074', '11th April, 2074']"
2080,December,8,"['8th December, 2080', '08-12-2080', '12/08/2080', '2080-12-08', '08/12/2080', 'December 8th, 2080', '2080/12/08', '08 Dec 2080']"
1922,January,5,"['01/05/1922', '05/01/1922', '5th January, 1922', '05-01-1922']"
2066,March,19,"['19/03/2066', '19th March, 2066']"
2096,January,26,['26 Jan 2096']
2079,June,7,"['2079/06/07', 'June 7th, 2079', '06/07/2079', '07-06-2079', '07/06/2079', '07 Jun 2079', '2079-06-07']"
2085,February,14,"['02/14/2085', '14th February, 2085', '2085-02-14', '2085/02/14', '14 Feb 2085']"
2074,May,21,"['21st May, 2074', 'May 21st, 2074', '21 May 2074', '2074/05/21', '2074-05-21', '21-05-2074', '21/05/2074']"
1955,January,3,"['01/03/1955', '3rd January, 1955', '1955/01/03', '03 Jan 1955', '03/01/1955', '03-01-1955', '1955-01-03', 'January 3rd, 1955']"
2074,January,8,"['08 Jan 2074', '2074/01/08', 'January 8th, 2074', '8th January, 2074', '08/01/2074', '08-01-2074', '01/08/2074']"
1971,March,29,"['March 29th, 1971', '1971/03/29', '29th March, 1971', '29/03/1971', '29 Mar 1971']"
1984,July,8,"['8th July, 1984', '08/07/1984', '1984/07/08', 'July 8th, 1984', '08 Jul 1984', '08-07-1984', '1984-07-08']"
2066,April,4,"['04/04/2066', '04/04/2066', '2066/04/04', '4th April, 2066']"
1990,October,2,"['1990-10-02', '02 Oct 1990', '2nd October, 1990', '02/10/1990', '10/02/1990', '1990/10/02']"
2074,October,26,"['2074/10/26', '10/26/2074', 'October 26th, 2074', '2074-10-26', '26/10/2074', '26-10-2074', '26th October, 2074', '26 Oct 2074']"
2051,August,1,"['01/08/2051', '08/01/2051', '2051/08/01', '2051-08-01', '01-08-2051', '01 Aug 2051']"
1996,November,20,"['20/11/1996', '11/20/1996', '1996-11-20', '1996/11/20', 'November 20th, 1996', '20 Nov 1996']"
2052,January,17,"['01/17/2052', '2052-01-17', '17/01/2052', '17-01-2052']"
1949,November,2,"['November 2nd, 1949']"
2012,March,16,"['16-03-2012', '2012-03-16', '2012/03/16', '16 Mar 2012', '03/16/2012']"
1906,April,28,['28-04-1906']
1959,November,25,"['11/25/1959', '1959/11/25', '25-11-1959', '25th November, 1959', '1959-11-25', '25 Nov 1959']"
2008,October,24,['2008-10-24']
2090,May,24,"['24/05/2090', '24-05-2090']"
1949,August,19,['1949/08/19']
1904,July,12,"['07/12/1904', '12/07/1904', '1904/07/12', '12-07-1904']"
1988,April,30,"['30-04-1988', '04/30/1988', '30 Apr 1988', '30/04/1988', '30th April, 1988', '1988/04/30', 'April 30th, 1988']"
1978,October,30,"['30-10-1978', '1978-10-30', 'October 30th, 1978', '30/10/1978', '10/30/1978', '30th October, 1978', '1978/10/30']"
2068,November,18,"['18/11/2068', 'November 18th, 2068', '18th November, 2068', '2068/11/18', '18-11-2068']"
2082,August,25,"['25-08-2082', '2082-08-25', '2082/08/25', '25th August, 2082']"
1968,July,13,"['13th July, 1968', '13-07-1968', '13 Jul 1968', '13/07/1968', '07/13/1968', 'July 13th, 1968', '1968-07-13']"
2096,June,29,"['June 29th, 2096', '06/29/2096', '29/06/2096', '29-06-2096', '2096/06/29', '29 Jun 2096']"
2070,April,10,"['2070-04-10', '10th April, 2070', '10/04/2070']"
1931,December,14,"['14-12-1931', '1931/12/14', '14th December, 1931']"
1943,January,16,['16 Jan 1943']
2010,December,12,"['12-12-2010', '12/12/2010', 'December 12th, 2010']"
2085,November,10,"['11/10/2085', 'November 10th, 2085', '2085/11/10', '10 Nov 2085', '10th November, 2085', '10/11/2085']"
1932,August,3,['08/03/1932']
2011,November,5,"['05 Nov 2011', 'November 5th, 2011', '5th November, 2011', '2011-11-05', '11/05/2011', '05/11/2011', '2011/11/05']"
1932,August,20,"['20/08/1932', '1932-08-20']"
1939,October,2,"['2nd October, 1939']"
1996,January,22,['1996-01-22']
1982,March,5,"['05-03-1982', '5th March, 1982', '05/03/1982']"
2087,August,24,"['08/24/2087', '24 Aug 2087', '24-08-2087', '2087-08-24']"
2017,October,8,"['2017/10/08', '08 Oct 2017']"
2000,July,24,"['24th July, 2000', '24 Jul 2000', '2000/07/24']"
2085,January,11,"['11 Jan 2085', '2085/01/11', '11/01/2085', '11th January, 2085', '2085-01-11']"
1939,May,25,"['1939/05/25', '25/05/1939', '25-05-1939', '05/25/1939', '25th May, 1939', 'May 25th, 1939']"
2035,October,11,"['11-10-2035', '2035-10-11']"
1979,September,23,"['1979-09-23', '23-09-1979']"
2060,September,6,"['06/09/2060', '6th September, 2060']"
2078,July,28,"['2078/07/28', '28th July, 2078', 'July 28th, 2078', '28/07/2078', '28-07-2078', '28 Jul 2078']"
2065,July,11,"['11 Jul 2065', '2065-07-11', '11/07/2065', '07/11/2065']"
2067,June,10,"['10 Jun 2067', '10-06-2067', '2067/06/10', '06/10/2067']"
1945,December,29,"['1945-12-29', '29/12/1945', '29 Dec 1945', '29-12-1945']"
1937,August,18,"['18/08/1937', '18 Aug 1937', '1937/08/18', 'August 18th, 1937', '08/18/1937']"
2046,December,9,"['December 9th, 2046', '2046/12/09', '09/12/2046', '9th December, 2046']"
2029,June,22,"['2029/06/22', '06/22/2029', '22nd June, 2029', '22/06/2029', 'June 22nd, 2029', '2029-06-22']"
1954,March,16,"['16 Mar 1954', '1954-03-16', '16th March, 1954', '03/16/1954', '16-03-1954']"
2061,March,15,"['15/03/2061', '2061-03-15', '15th March, 2061']"
1904,January,13,"['13-01-1904', '01/13/1904', '13/01/1904', 'January 13th, 1904', '1904-01-13', '1904/01/13']"
2072,December,15,"['2072-12-15', '15/12/2072', '15-12-2072', '15 Dec 2072', 'December 15th, 2072', '12/15/2072']"
2035,October,5,"['05-10-2035', 'October 5th, 2035', '05/10/2035', '10/05/2035', '05 Oct 2035', '2035-10-05']"
1906,November,24,"['24 Nov 1906', 'November 24th, 1906', '11/24/1906', '1906-11-24', '24/11/1906', '1906/11/24', '24th November, 1906', '24-11-1906']"
2091,August,29,"['29 Aug 2091', '29/08/2091']"
2004,March,24,"['03/24/2004', '24-03-2004', 'March 24th, 2004', '24/03/2004', '2004/03/24', '2004-03-24', '24 Mar 2004', '24th March, 2004']"
1923,August,9,"['1923-08-09', 'August 9th, 1923', '08/09/1923']"
1968,April,6,"['06/04/1968', '1968/04/06', '1968-04-06', 'April 6th, 1968', '6th April, 1968', '06-04-1968', '06 Apr 1968']"
1933,January,6,"['06/01/1933', '1933/01/06', '01/06/1933', '06-01-1933', '6th January, 1933', 'January 6th, 1933', '1933-01-06']"
2089,December,1,"['01/12/2089', '12/01/2089', '01 Dec 2089', '2089/12/01', '1st December, 2089', '2089-12-01', '01-12-2089', 'December 1st, 2089']"
2039,September,2,"['2039-09-02', '09/02/2039', '02-09-2039', 'September 2nd, 2039', '2039/09/02', '02/09/2039']"
2033,January,4,['2033/01/04']
1922,July,20,"['1922-07-20', '20-07-1922', '1922/07/20', '20 Jul 1922', '20th July, 1922', '20/07/1922', 'July 20th, 1922', '07/20/1922']"
2072,October,19,"['10/19/2072', '19 Oct 2072', 'October 19th, 2072', '19th October, 2072', '19/10/2072']"
1985,December,12,"['12 Dec 1985', '12/12/1985', '1985-12-12']"
2013,September,2,"['2013/09/02', '02/09/2013', '09/02/2013', '2013-09-02', 'September 2nd, 2013', '02 Sep 2013']"
1915,October,26,"['1915/10/26', '10/26/1915', '26th October, 1915', 'October 26th, 1915', '26-10-1915', '26 Oct 1915']"
2049,May,20,"['05/20/2049', '2049/05/20', '20/05/2049']"
1919,January,26,"['1919/01/26', '26-01-1919', '01/26/1919', '26/01/1919', '26 Jan 1919', 'January 26th, 1919']"
2085,July,20,"['July 20th, 2085', '07/20/2085', '2085-07-20', '20 Jul 2085', '20-07-2085', '20th July, 2085']"
2069,December,6,"['06 Dec 2069', '6th December, 2069', '2069-12-06', '2069/12/06', '06/12/2069', 'December 6th, 2069']"
1905,September,10,"['10th September, 1905', 'September 10th, 1905', '1905/09/10']"
1946,July,11,"['11/07/1946', '11th July, 1946', '07/11/1946']"
1987,August,16,['1987/08/16']
1918,June,16,"['1918-06-16', '16/06/1918', '16 Jun 1918']"
1953,February,10,"['02/10/1953', '1953-02-10', '10th February, 1953', '10-02-1953']"
1960,May,28,['28/05/1960']
1968,January,23,"['23/01/1968', '23rd January, 1968', '1968/01/23', '1968-01-23', 'January 23rd, 1968']"
2016,May,8,"['05/08/2016', '8th May, 2016', '2016-05-08', '08-05-2016']"
1954,February,7,"['February 7th, 1954', '7th February, 1954']"
2086,July,25,"['25th July, 2086', '07/25/2086', '25/07/2086', '25-07-2086', '2086/07/25']"
1986,January,23,"['23rd January, 1986', 'January 23rd, 1986', '23 Jan 1986', '1986-01-23', '23/01/1986', '23-01-1986', '1986/01/23']"
2033,June,27,"['06/27/2033', '27-06-2033', '2033-06-27', '27 Jun 2033', '27th June, 2033', '2033/06/27', 'June 27th, 2033', '27/06/2033']"
2003,July,10,"['2003-07-10', '10/07/2003', '2003/07/10', '07/10/2003', '10th July, 2003', '10-07-2003', '10 Jul 2003']"
2067,October,2,"['2067-10-02', '2067/10/02', '2nd October, 2067']"
1982,April,28,"['April 28th, 1982', '28th April, 1982', '28-04-1982', '28 Apr 1982', '1982-04-28']"
1946,September,2,"['02 Sep 1946', '02-09-1946', '09/02/1946']"
1933,July,2,"['02-07-1933', '1933-07-02', 'July 2nd, 1933', '1933/07/02', '07/02/1933', '02/07/1933']"
2058,October,3,"['03/10/2058', 'October 3rd, 2058']"
1900,December,22,"['December 22nd, 1900', '1900/12/22', '12/22/1900', '22/12/1900', '22 Dec 1900', '1900-12-22', '22-12-1900']"
1986,December,5,"['5th December, 1986', '05/12/1986', '1986/12/05', '1986-12-05', '05 Dec 1986']"
2091,February,2,"['02/02/2091', '2091/02/02', 'February 2nd, 2091', '2091-02-02', '02 Feb 2091', '02/02/2091', '02-02-2091']"
2052,December,22,"['22-12-2052', '2052/12/22']"
2027,July,2,"['2027/07/02', '02/07/2027', '07/02/2027', '2027-07-02', '02 Jul 2027', '02-07-2027', '2nd July, 2027', 'July 2nd, 2027']"
2003,June,8,"['08/06/2003', '2003/06/08', 'June 8th, 2003', '08-06-2003', '2003-06-08', '08 Jun 2003', '06/08/2003', '8th June, 2003']"
1908,April,30,"['1908-04-30', '04/30/1908', '30-04-1908', 'April 30th, 1908']"
1981,September,29,"['1981-09-29', '29th September, 1981', '09/29/1981', '29-09-1981', '29/09/1981']"
1952,September,7,"['1952-09-07', '07-09-1952', '07/09/1952', '09/07/1952', '7th September, 1952', 'September 7th, 1952', '07 Sep 1952', '1952/09/07']"
2080,May,22,"['May 22nd, 2080', '22-05-2080', '22 May 2080', '22/05/2080', '05/22/2080', '2080-05-22']"
2026,June,14,"['06/14/2026', '14/06/2026', '14 Jun 2026']"
1947,September,10,"['1947/09/10', '10 Sep 1947', '1947-09-10']"
2031,August,27,"['08/27/2031', 'August 27th, 2031', '27th August, 2031', '2031/08/27']"
2088,May,14,"['2088/05/14', 'May 14th, 2088', '2088-05-14', '14 May 2088', '14/05/2088', '05/14/2088', '14th May, 2088']"
1945,April,26,['1945/04/26']
2022,October,8,"['2022-10-08', '10/08/2022', '2022/10/08']"
1983,February,8,"['1983-02-08', '08-02-1983', '08/02/1983', '08 Feb 1983', 'February 8th, 1983', '1983/02/08', '02/08/1983', '8th February, 1983']"
1947,April,6,"['6th April, 1947', '1947-04-06']"
2095,September,4,"['09/04/2095', '2095/09/04', '04/09/2095', '04 Sep 2095', '2095-09-04']"
2054,September,28,"['September 28th, 2054', '28th September, 2054', '28 Sep 2054', '2054-09-28', '28/09/2054', '09/28/2054', '2054/09/28', '28-09-2054']"
2031,July,13,"['2031-07-13', 'July 13th, 2031', '13th July, 2031', '13/07/2031']"
1995,July,8,"['08 Jul 1995', '1995/07/08']"
2066,May,12,"['12/05/2066', 'May 12th, 2066', '12 May 2066', '05/12/2066', '12th May, 2066', '2066/05/12', '12-05-2066']"
1956,October,6,"['10/06/1956', '6th October, 1956', '1956/10/06', '06 Oct 1956', '06-10-1956', 'October 6th, 1956', '1956-10-06', '06/10/1956']"
1995,December,2,"['02/12/1995', '2nd December, 1995', '02-12-1995']"
1937,August,28,"['1937-08-28', '08/28/1937', '28th August, 1937', '28/08/1937', '28-08-1937', 'August 28th, 1937', '1937/08/28', '28 Aug 1937']"
1952,September,22,"['22-09-1952', '09/22/1952', '22/09/1952', '1952/09/22', '22 Sep 1952', '1952-09-22', 'September 22nd, 1952']"
1901,April,2,['02/04/1901']
2095,February,12,['12-02-2095']
2023,May,18,"['05/18/2023', '18th May, 2023', '18/05/2023']"
1947,March,30,"['1947-03-30', 'March 30th, 1947', '30 Mar 1947', '30th March, 1947', '30/03/1947']"
2010,April,9,"['9th April, 2010', 'April 9th, 2010']"
2086,April,27,"['27/04/2086', '04/27/2086', 'April 27th, 2086', '2086-04-27', '27th April, 2086', '2086/04/27']"
1971,February,14,"['14/02/1971', '14-02-1971']"
2069,July,1,"['01-07-2069', '2069/07/01', '2069-07-01', '01/07/2069', '1st July, 2069', '01 Jul 2069']"
2084,August,14,"['2084-08-14', '14 Aug 2084', '14th August, 2084', 'August 14th, 2084']"
2060,October,7,"['2060-10-07', '7th October, 2060', 'October 7th, 2060', '07-10-2060']"
1904,October,27,"['27 Oct 1904', '1904-10-27']"
1954,January,23,"['January 23rd, 1954']"
2091,February,4,"['4th February, 2091', '2091-02-04', '2091/02/04', '04/02/2091', 'February 4th, 2091', '02/04/2091', '04-02-2091', '04 Feb 2091']"
1998,February,27,"['1998-02-27', 'February 27th, 1998']"
2024,December,3,"['12/03/2024', '3rd December, 2024', '2024/12/03', '03/12/2024', '03 Dec 2024']"
1934,October,26,"['26-10-1934', '26 Oct 1934', '10/26/1934']"
1985,January,21,"['01/21/1985', '21st January, 1985', '21-01-1985', '1985/01/21']"
1949,November,1,"['1949-11-01', '01/11/1949', '1st November, 1949', '01-11-1949', 'November 1st, 1949']"
2016,May,26,"['05/26/2016', '2016-05-26', '26-05-2016', 'May 26th, 2016']"
1911,July,26,"['26/07/1911', '1911/07/26', '07/26/1911', '26th July, 1911', '1911-07-26']"
2048,July,15,"['2048/07/15', '07/15/2048', '2048-07-15', '15th July, 2048', '15-07-2048', '15 Jul 2048', '15/07/2048']"
2021,October,31,"['10/31/2021', '2021-10-31', '31-10-2021']"
1998,April,20,"['20-04-1998', '04/20/1998', '1998-04-20', '20/04/1998', '20 Apr 1998', '1998/04/20']"
1933,March,11,"['11-03-1933', '11th March, 1933', '1933-03-11', '1933/03/11']"
2006,December,15,"['15th December, 2006']"
1990,May,16,"['1990/05/16', '16 May 1990', '1990-05-16', '16th May, 1990', 'May 16th, 1990', '16-05-1990']"
1923,December,6,['12/06/1923']
1969,November,9,"['09/11/1969', '1969-11-09', 'November 9th, 1969', '09-11-1969', '9th November, 1969', '11/09/1969', '1969/11/09']"
1928,March,18,"['03/18/1928', '18 Mar 1928', '1928/03/18', 'March 18th, 1928', '18-03-1928', '18th March, 1928', '18/03/1928', '1928-03-18']"
2068,January,14,"['14-01-2068', 'January 14th, 2068', '14 Jan 2068', '2068-01-14', '14/01/2068', '2068/01/14', '14th January, 2068']"
1933,March,8,"['March 8th, 1933', '08/03/1933', '03/08/1933', '8th March, 1933', '1933-03-08', '08-03-1933', '1933/03/08', '08 Mar 1933']"
1998,May,9,"['May 9th, 1998', '09/05/1998', '09-05-1998', '05/09/1998', '1998-05-09', '9th May, 1998']"
2042,June,22,"['06/22/2042', '22-06-2042', '22/06/2042', '22nd June, 2042']"
1907,November,18,['18/11/1907']
1952,June,22,"['06/22/1952', '22nd June, 1952']"
1914,October,14,"['1914-10-14', '14th October, 1914', 'October 14th, 1914', '10/14/1914', '14 Oct 1914']"
2027,April,29,"['29 Apr 2027', '29th April, 2027', '29-04-2027']"
2005,September,5,"['05-09-2005', '2005-09-05', 'September 5th, 2005', '05 Sep 2005', '09/05/2005', '05/09/2005']"
2063,June,10,"['2063-06-10', '2063/06/10']"
1968,July,6,"['1968/07/06', '1968-07-06', '06 Jul 1968', '6th July, 1968', '07/06/1968']"
1921,April,2,"['04/02/1921', '02 Apr 1921', '02-04-1921', 'April 2nd, 1921', '2nd April, 1921', '1921/04/02']"
1999,July,16,"['07/16/1999', '1999-07-16', '16/07/1999']"
2065,February,24,"['24-02-2065', '24th February, 2065', '24/02/2065', '2065-02-24', 'February 24th, 2065']"
2025,May,28,"['28th May, 2025', 'May 28th, 2025']"
1924,July,4,"['1924/07/04', '04-07-1924', '04/07/1924', 'July 4th, 1924', '04 Jul 1924', '1924-07-04', '4th July, 1924']"
2002,August,6,"['6th August, 2002', '2002-08-06', '2002/08/06', 'August 6th, 2002', '06-08-2002', '06 Aug 2002']"
2034,June,24,"['06/24/2034', '24 Jun 2034', '2034-06-24', '24-06-2034', '24/06/2034', '2034/06/24']"
1982,August,22,"['08/22/1982', '22nd August, 1982', '1982/08/22']"
2063,December,27,"['December 27th, 2063', '27-12-2063']"
2057,January,29,"['January 29th, 2057', '2057/01/29', '01/29/2057', '29th January, 2057', '29-01-2057', '29 Jan 2057', '2057-01-29', '29/01/2057']"
2023,July,2,"['2nd July, 2023', '02 Jul 2023', '07/02/2023', 'July 2nd, 2023', '02/07/2023', '2023-07-02']"
2078,June,7,"['06/07/2078', '07-06-2078', '2078-06-07', 'June 7th, 2078']"
1993,November,9,"['1993/11/09', '09 Nov 1993', 'November 9th, 1993']"
1925,July,19,"['July 19th, 1925', '19/07/1925']"
1932,July,10,"['July 10th, 1932']"
2091,May,14,"['14-05-2091', '05/14/2091', 'May 14th, 2091', '14/05/2091', '14th May, 2091', '2091/05/14', '14 May 2091']"
1938,February,3,"['03 Feb 1938', '03/02/1938', '03-02-1938', '02/03/1938', '3rd February, 1938']"
1987,March,16,"['March 16th, 1987', '16 Mar 1987', '16-03-1987', '1987-03-16', '16/03/1987']"
1974,December,25,"['12/25/1974', 'December 25th, 1974', '25 Dec 1974', '25th December, 1974']"
1926,November,29,"['29/11/1926', '11/29/1926']"
1960,March,20,"['20 Mar 1960', 'March 20th, 1960', '1960/03/20', '1960-03-20', '20/03/1960', '03/20/1960', '20-03-1960', '20th March, 1960']"
1969,January,17,"['01/17/1969', '1969/01/17', '1969-01-17', '17/01/1969', '17 Jan 1969', '17th January, 1969']"
1995,December,14,"['December 14th, 1995', '14th December, 1995', '14 Dec 1995', '12/14/1995']"
2078,October,2,"['02/10/2078', '10/02/2078', '2078-10-02', '2nd October, 2078', 'October 2nd, 2078', '2078/10/02']"
2015,January,15,"['15-01-2015', '15/01/2015', '01/15/2015', '2015-01-15', '15th January, 2015']"
2097,December,17,"['12/17/2097', '2097/12/17', 'December 17th, 2097', '17th December, 2097', '17-12-2097', '17 Dec 2097']"
1992,November,1,['01 Nov 1992']
1942,December,8,['08-12-1942']
2028,March,28,"['March 28th, 2028']"
1972,February,15,"['15th February, 1972', '15 Feb 1972', '15/02/1972', 'February 15th, 1972', '1972/02/15', '1972-02-15', '02/15/1972']"
2037,February,24,"['24 Feb 2037', '24-02-2037', '2037-02-24', '02/24/2037', '24th February, 2037', 'February 24th, 2037', '2037/02/24', '24/02/2037']"
1916,August,23,"['1916/08/23', '23/08/1916', '08/23/1916', '1916-08-23']"
2064,November,29,"['11/29/2064', '29/11/2064', 'November 29th, 2064', '29th November, 2064', '29-11-2064', '2064/11/29']"
2055,January,9,"['09-01-2055', '01/09/2055', '2055/01/09', '2055-01-09', '9th January, 2055', '09 Jan 2055', 'January 9th, 2055', '09/01/2055']"
1920,October,24,"['24th October, 1920', '1920-10-24', 'October 24th, 1920', '1920/10/24', '10/24/1920']"
2098,February,20,"['2098-02-20', '20-02-2098', '2098/02/20']"
2078,February,8,"['8th February, 2078']"
2081,February,10,"['02/10/2081', '10th February, 2081', '2081/02/10']"
2029,September,13,"['13th September, 2029']"
2006,May,18,"['2006-05-18', '2006/05/18', '18-05-2006', 'May 18th, 2006', '18th May, 2006', '05/18/2006', '18/05/2006']"
1982,July,4,"['07/04/1982', '04-07-1982', '1982-07-04', '04/07/1982', 'July 4th, 1982', '1982/07/04', '4th July, 1982']"
1906,May,11,"['11-05-1906', '11th May, 1906', '1906-05-11', 'May 11th, 1906', '05/11/1906', '11/05/1906', '11 May 1906']"
1945,June,30,"['30/06/1945', '30th June, 1945', '30 Jun 1945']"
2094,June,5,"['2094/06/05', '05/06/2094', '05 Jun 2094', '06/05/2094', '2094-06-05']"
1914,January,14,"['14-01-1914', '14th January, 1914', '14/01/1914', 'January 14th, 1914', '14 Jan 1914', '1914-01-14', '1914/01/14']"
2077,September,14,"['14th September, 2077', '14 Sep 2077']"
1923,December,23,"['1923-12-23', '23/12/1923', 'December 23rd, 1923', '12/23/1923', '23-12-1923', '1923/12/23', '23rd December, 1923']"
1921,February,22,"['22 Feb 1921', '22nd February, 1921']"
1945,April,22,"['22-04-1945', 'April 22nd, 1945', '22/04/1945', '1945-04-22', '1945/04/22']"
2020,March,6,['06-03-2020']
2020,December,4,"['04/12/2020', '2020-12-04', '04 Dec 2020', '04-12-2020', '2020/12/04', '12/04/2020', '4th December, 2020', 'December 4th, 2020']"
2039,September,20,"['2039-09-20', 'September 20th, 2039', '20-09-2039', '20th September, 2039', '2039/09/20', '20/09/2039']"
2026,January,16,['16 Jan 2026']
1979,August,18,"['18 Aug 1979', '1979/08/18']"
1980,September,2,"['September 2nd, 1980', '09/02/1980', '2nd September, 1980', '1980/09/02']"
1928,February,3,"['1928/02/03', '03/02/1928', '02/03/1928', '03-02-1928', '3rd February, 1928', 'February 3rd, 1928', '1928-02-03']"
2051,July,8,"['08/07/2051', '2051-07-08', '2051/07/08', 'July 8th, 2051']"
2068,July,16,['16-07-2068']
1962,October,5,"['October 5th, 1962', '05/10/1962', '5th October, 1962', '05-10-1962', '1962-10-05', '1962/10/05', '10/05/1962']"
1944,November,24,"['1944/11/24', '1944-11-24', '24 Nov 1944']"
2049,January,17,"['2049/01/17', '17th January, 2049', 'January 17th, 2049']"
2094,July,17,"['17th July, 2094', '2094/07/17', '2094-07-17', '17 Jul 2094', 'July 17th, 2094', '17/07/2094', '17-07-2094']"
2070,November,20,"['20/11/2070', '20th November, 2070', '20 Nov 2070']"
1974,June,6,"['06 Jun 1974', '1974-06-06', '06/06/1974', '06/06/1974']"
1949,February,14,"['14th February, 1949', '1949/02/14', '14 Feb 1949', '14-02-1949', '14/02/1949']"
1990,October,20,"['20th October, 1990', '20 Oct 1990', 'October 20th, 1990', '1990/10/20']"
1995,March,29,"['1995/03/29', '1995-03-29']"
1943,March,3,"['03/03/1943', '1943/03/03', 'March 3rd, 1943']"
2029,April,14,"['14 Apr 2029', '14/04/2029', '04/14/2029', '2029-04-14', '2029/04/14', 'April 14th, 2029', '14th April, 2029']"
1962,April,21,"['21/04/1962', '21st April, 1962', '04/21/1962', '21 Apr 1962', 'April 21st, 1962', '1962/04/21', '1962-04-21']"
2060,June,17,"['17 Jun 2060', '06/17/2060']"
2022,June,30,"['30th June, 2022', '2022-06-30', '06/30/2022', '30-06-2022']"
2096,June,6,"['06/06/2096', '6th June, 2096', '06 Jun 2096', '06-06-2096']"
2093,April,19,"['19-04-2093', '19/04/2093', '19 Apr 2093', '04/19/2093', '19th April, 2093', 'April 19th, 2093', '2093/04/19', '2093-04-19']"
2022,December,13,"['13 Dec 2022', '13/12/2022', '13th December, 2022', 'December 13th, 2022', '2022/12/13', '13-12-2022', '2022-12-13']"
2024,May,5,"['05 May 2024', '05/05/2024', 'May 5th, 2024', '2024-05-05']"
1954,July,13,"['1954-07-13', 'July 13th, 1954', '13th July, 1954', '13 Jul 1954', '13-07-1954', '07/13/1954', '13/07/1954']"
1974,January,27,"['01/27/1974', '27/01/1974', '27 Jan 1974', '27th January, 1974', '27-01-1974', 'January 27th, 1974', '1974/01/27', '1974-01-27']"
1926,June,22,"['22/06/1926', '06/22/1926', '22nd June, 1926', 'June 22nd, 1926', '1926/06/22']"
2091,March,29,"['29th March, 2091', '29-03-2091', '2091/03/29', '29 Mar 2091', '2091-03-29', 'March 29th, 2091', '03/29/2091']"
2067,April,23,"['23 Apr 2067', '2067-04-23', '23rd April, 2067', '04/23/2067', '23-04-2067', '2067/04/23']"
2071,February,6,"['06 Feb 2071', '6th February, 2071']"
1973,April,28,"['28th April, 1973']"
2034,April,11,"['2034-04-11', '11th April, 2034', '11/04/2034', '11 Apr 2034', '04/11/2034', '11-04-2034', 'April 11th, 2034']"
2064,October,1,"['01/10/2064', 'October 1st, 2064', '1st October, 2064', '10/01/2064']"
1968,January,16,"['1968-01-16', '16th January, 1968', '16/01/1968', '01/16/1968', 'January 16th, 1968', '16 Jan 1968', '1968/01/16', '16-01-1968']"
2035,December,11,"['December 11th, 2035', '11-12-2035']"
1939,November,21,"['1939-11-21', '21-11-1939', '21st November, 1939']"
1900,October,9,"['1900-10-09', '09/10/1900', '09-10-1900', '09 Oct 1900', 'October 9th, 1900', '10/09/1900', '1900/10/09']"
2022,October,29,"['10/29/2022', '29th October, 2022', '29/10/2022', '29 Oct 2022', '2022/10/29']"
2042,September,13,"['13 Sep 2042', '2042/09/13', '2042-09-13', 'September 13th, 2042', '13th September, 2042', '13-09-2042']"
2053,June,23,"['23/06/2053', '23rd June, 2053', 'June 23rd, 2053']"
2041,June,10,"['2041/06/10', '06/10/2041']"
2097,July,20,"['2097/07/20', '07/20/2097', '20/07/2097', '20th July, 2097', 'July 20th, 2097']"
1976,October,3,"['03/10/1976', 'October 3rd, 1976', '03-10-1976']"
2078,December,16,"['December 16th, 2078', '16 Dec 2078', '16-12-2078', '16th December, 2078', '2078-12-16', '12/16/2078', '2078/12/16']"
2010,April,22,"['22nd April, 2010', '22/04/2010', 'April 22nd, 2010', '22 Apr 2010', '2010/04/22', '22-04-2010']"
2059,April,13,"['13 Apr 2059', '2059/04/13', '04/13/2059', '13th April, 2059', 'April 13th, 2059', '2059-04-13']"
2085,December,5,"['2085/12/05', '05 Dec 2085', '2085-12-05']"
2060,May,14,"['14th May, 2060', '14/05/2060', 'May 14th, 2060', '14 May 2060', '2060/05/14', '2060-05-14']"
1916,January,19,"['January 19th, 1916', '1916/01/19', '19 Jan 1916', '19/01/1916', '19th January, 1916', '01/19/1916']"
2057,July,13,"['2057-07-13', '13 Jul 2057', '07/13/2057', '13th July, 2057', 'July 13th, 2057', '13/07/2057']"
2071,June,17,"['17-06-2071', '2071-06-17', '17th June, 2071']"
1946,March,13,"['13-03-1946', '1946-03-13', 'March 13th, 1946', '13/03/1946', '1946/03/13', '13 Mar 1946', '13th March, 1946']"
1956,September,2,"['02-09-1956', '1956-09-02', '02 Sep 1956', '2nd September, 1956']"
2070,November,18,['18/11/2070']
2098,March,10,"['2098/03/10', '2098-03-10', '03/10/2098']"
2008,November,26,"['26/11/2008', '26-11-2008', '2008/11/26', '26 Nov 2008', 'November 26th, 2008', '11/26/2008', '2008-11-26', '26th November, 2008']"
1907,October,2,"['October 2nd, 1907', '2nd October, 1907', '1907-10-02']"
2087,December,1,"['December 1st, 2087', '01-12-2087', '1st December, 2087']"
2049,October,12,"['October 12th, 2049']"
1944,December,21,"['21/12/1944', '21 Dec 1944', '21-12-1944', 'December 21st, 1944', '21st December, 1944', '12/21/1944']"
2015,December,15,"['15th December, 2015', '2015/12/15', '12/15/2015', '15/12/2015', 'December 15th, 2015', '15-12-2015']"
1936,January,12,"['12/01/1936', '01/12/1936', '12 Jan 1936', 'January 12th, 1936', '12-01-1936']"
2063,July,15,"['15-07-2063', 'July 15th, 2063', '15/07/2063', '15th July, 2063', '2063-07-15']"
2066,May,11,['05/11/2066']
1929,April,14,"['April 14th, 1929', '14/04/1929', '14 Apr 1929', '1929-04-14', '1929/04/14', '14th April, 1929', '14-04-1929']"
2008,April,3,"['03-04-2008', '03 Apr 2008', '2008-04-03', '3rd April, 2008', '04/03/2008', '03/04/2008']"
2043,April,2,"['02/04/2043', '2nd April, 2043', '2043/04/02', '02 Apr 2043', '02-04-2043', 'April 2nd, 2043', '04/02/2043', '2043-04-02']"
2026,February,24,"['24 Feb 2026', '24th February, 2026', 'February 24th, 2026', '2026-02-24', '02/24/2026', '24-02-2026']"
1929,August,21,"['August 21st, 1929']"
1944,September,13,"['1944-09-13', '1944/09/13', 'September 13th, 1944', '13 Sep 1944']"
1979,December,4,"['1979-12-04', 'December 4th, 1979']"
1965,June,6,"['06/06/1965', '06-06-1965', '6th June, 1965', '06 Jun 1965', 'June 6th, 1965']"
1909,August,8,"['08/08/1909', '08 Aug 1909', 'August 8th, 1909', '1909/08/08']"
2062,March,29,"['03/29/2062', '29th March, 2062']"
1979,October,25,"['25-10-1979', '10/25/1979', '25 Oct 1979', '1979/10/25', '25/10/1979', '1979-10-25']"
1900,August,30,"['1900/08/30', '08/30/1900']"
1997,September,12,"['12th September, 1997', 'September 12th, 1997', '12/09/1997', '1997/09/12', '12-09-1997', '12 Sep 1997', '1997-09-12', '09/12/1997']"
2075,September,20,"['2075-09-20', '20-09-2075', '09/20/2075', '20 Sep 2075', 'September 20th, 2075']"
1979,June,1,"['06/01/1979', '01 Jun 1979', '1st June, 1979', '01/06/1979']"
2035,July,27,"['07/27/2035', '27/07/2035', '2035-07-27']"
2094,July,19,"['July 19th, 2094', '07/19/2094', '2094/07/19', '2094-07-19', '19-07-2094', '19 Jul 2094', '19th July, 2094', '19/07/2094']"
2063,January,29,"['January 29th, 2063', '2063/01/29', '29/01/2063', '2063-01-29', '29-01-2063']"
2084,September,24,"['24-09-2084', '24/09/2084', '2084/09/24']"
2067,June,1,"['01 Jun 2067', '01-06-2067', '2067-06-01']"
2027,June,23,"['June 23rd, 2027', '06/23/2027', '2027-06-23', '23/06/2027', '23rd June, 2027', '2027/06/23', '23 Jun 2027', '23-06-2027']"
1960,December,8,"['8th December, 1960', '08-12-1960', '1960-12-08', '1960/12/08', '08 Dec 1960', 'December 8th, 1960', '08/12/1960', '12/08/1960']"
1970,April,11,"['April 11th, 1970']"
1988,June,24,"['24 Jun 1988', '1988-06-24', '1988/06/24', '24th June, 1988', '24/06/1988', '06/24/1988']"
1958,February,7,"['07-02-1958', 'February 7th, 1958', '02/07/1958']"
1972,February,29,"['02/29/1972', '1972/02/29', '29-02-1972']"
2060,May,21,"['21/05/2060', '21st May, 2060', '21 May 2060', 'May 21st, 2060', '21-05-2060']"
2040,January,10,"['2040-01-10', '2040/01/10', '01/10/2040', '10th January, 2040']"
1990,June,10,"['10 Jun 1990', '10/06/1990']"
2052,March,12,"['12th March, 2052', '12/03/2052', '12 Mar 2052', '12-03-2052', '2052-03-12']"
1948,April,14,"['14/04/1948', '1948/04/14']"
1910,November,6,"['6th November, 1910']"
2060,February,8,['2060/02/08']
2048,February,29,"['29th February, 2048']"
1940,July,10,"['10 Jul 1940', '10-07-1940', '1940-07-10']"
2008,April,20,"['2008/04/20', 'April 20th, 2008', '20th April, 2008', '2008-04-20', '20/04/2008', '20 Apr 2008']"
1936,June,2,"['1936-06-02', '02 Jun 1936', '06/02/1936', '02/06/1936', '2nd June, 1936', 'June 2nd, 1936', '02-06-1936', '1936/06/02']"
1933,May,1,"['1933/05/01', 'May 1st, 1933', '01/05/1933']"
1992,November,28,"['28/11/1992', '28th November, 1992', '1992/11/28', '11/28/1992', '1992-11-28', '28 Nov 1992']"
2023,July,29,"['2023/07/29', '07/29/2023', 'July 29th, 2023', '29 Jul 2023', '2023-07-29', '29th July, 2023', '29-07-2023']"
2049,May,24,"['24/05/2049', '24th May, 2049', '2049-05-24', '24-05-2049']"
2042,November,2,"['02-11-2042', '02/11/2042', '2nd November, 2042', '11/02/2042', '2042/11/02']"
1912,January,5,"['5th January, 1912', '05 Jan 1912', 'January 5th, 1912']"
2071,October,1,"['October 1st, 2071', '01/10/2071', '2071/10/01', '1st October, 2071']"
1958,October,7,"['07-10-1958', '07/10/1958']"
1963,April,12,"['12/04/1963', 'April 12th, 1963', '04/12/1963', '12-04-1963']"
2014,November,18,"['18/11/2014', '18 Nov 2014', 'November 18th, 2014', '11/18/2014', '18-11-2014', '2014-11-18', '18th November, 2014', '2014/11/18']"
2054,November,23,['23/11/2054']
2000,August,5,['2000/08/05']
1946,March,18,"['03/18/1946', '18 Mar 1946']"
2033,September,13,"['13th September, 2033', '13 Sep 2033']"
2025,November,22,"['2025-11-22', '22/11/2025', '22nd November, 2025', 'November 22nd, 2025', '22-11-2025', '2025/11/22', '11/22/2025', '22 Nov 2025']"
2032,April,25,"['2032-04-25', '25th April, 2032', '04/25/2032']"
2028,December,7,"['07-12-2028', 'December 7th, 2028', '7th December, 2028', '12/07/2028', '2028/12/07', '2028-12-07']"
1902,November,29,['11/29/1902']
1964,April,20,"['1964-04-20', 'April 20th, 1964']"
1921,December,6,"['December 6th, 1921', '6th December, 1921', '12/06/1921', '1921/12/06', '06 Dec 1921', '1921-12-06', '06-12-1921', '06/12/1921']"
2054,July,21,"['2054/07/21', '21 Jul 2054', '07/21/2054', '21st July, 2054']"
1924,January,29,"['29/01/1924', '29-01-1924', 'January 29th, 1924', '29th January, 1924', '1924-01-29', '1924/01/29', '01/29/1924', '29 Jan 1924']"
2008,April,12,"['2008/04/12', '04/12/2008', 'April 12th, 2008', '12 Apr 2008']"
1963,November,7,"['1963-11-07', '07-11-1963', '07 Nov 1963', '1963/11/07', '7th November, 1963', '07/11/1963']"
2060,November,27,"['2060/11/27', 'November 27th, 2060', '2060-11-27', '27 Nov 2060', '27th November, 2060', '27/11/2060', '27-11-2060', '11/27/2060']"
2082,October,5,"['5th October, 2082', '10/05/2082', '2082/10/05', '05/10/2082', '05-10-2082', '2082-10-05']"
2051,September,22,['22 Sep 2051']
2054,March,17,"['17/03/2054', '17 Mar 2054', '2054-03-17', 'March 17th, 2054', '03/17/2054', '2054/03/17']"
2034,June,27,"['06/27/2034', '27 Jun 2034']"
1961,October,1,"['10/01/1961', '01 Oct 1961', '01/10/1961', '01-10-1961', '1961-10-01', 'October 1st, 1961']"
1952,July,8,"['08-07-1952', '08 Jul 1952', '07/08/1952']"
2053,May,9,"['9th May, 2053', '2053-05-09', '09/05/2053', '09-05-2053', '2053/05/09', 'May 9th, 2053', '09 May 2053', '05/09/2053']"
2033,June,24,"['24 Jun 2033', '24-06-2033', 'June 24th, 2033', '2033/06/24', '2033-06-24']"
1942,January,28,"['1942/01/28', '01/28/1942', '1942-01-28']"
1964,May,18,"['05/18/1964', 'May 18th, 1964', '1964-05-18', '18 May 1964', '1964/05/18', '18/05/1964']"
1959,October,19,"['1959/10/19', '19-10-1959', '19th October, 1959', '10/19/1959', '19 Oct 1959', '1959-10-19', '19/10/1959', 'October 19th, 1959']"
1932,April,13,"['13/04/1932', '13-04-1932']"
2003,October,30,"['October 30th, 2003', '30th October, 2003', '30-10-2003', '2003-10-30']"
1970,October,20,"['1970-10-20', '20 Oct 1970', 'October 20th, 1970', '20th October, 1970', '20/10/1970', '10/20/1970', '20-10-1970']"
1907,October,3,"['1907-10-03', '1907/10/03', '03/10/1907', '3rd October, 1907', '03 Oct 1907', '10/03/1907', '03-10-1907', 'October 3rd, 1907']"
2011,February,19,"['19/02/2011', '02/19/2011', '2011/02/19', '19th February, 2011', 'February 19th, 2011']"
1923,December,10,"['1923-12-10', 'December 10th, 1923', '10th December, 1923', '12/10/1923', '10/12/1923', '10-12-1923', '1923/12/10']"
1902,September,30,"['1902/09/30', '30 Sep 1902', '30/09/1902', '30-09-1902']"
2006,August,19,"['2006-08-19', '19th August, 2006', '19 Aug 2006', '19-08-2006']"
1959,December,19,"['1959-12-19', '19th December, 1959', '1959/12/19', 'December 19th, 1959', '19/12/1959', '19-12-1959', '12/19/1959', '19 Dec 1959']"
1913,November,19,"['19th November, 1913', '19 Nov 1913']"
1939,February,16,"['16-02-1939', '16 Feb 1939', '1939-02-16', '02/16/1939']"
1961,September,4,"['September 4th, 1961', '4th September, 1961']"
2046,September,4,"['04/09/2046', '04 Sep 2046', '2046-09-04', '2046/09/04', '04-09-2046', '4th September, 2046', '09/04/2046']"
2076,January,14,['14/01/2076']
2056,November,23,"['23rd November, 2056']"
1971,December,2,"['December 2nd, 1971', '1971/12/02', '02 Dec 1971', '02-12-1971', '12/02/1971', '02/12/1971', '1971-12-02', '2nd December, 1971']"
1911,October,22,"['22-10-1911', 'October 22nd, 1911', '22 Oct 1911']"
1923,February,17,"['02/17/1923', '17th February, 1923', 'February 17th, 1923', '17 Feb 1923', '17-02-1923', '17/02/1923']"
2058,February,13,"['February 13th, 2058', '13/02/2058', '13th February, 2058', '02/13/2058', '2058-02-13', '2058/02/13', '13 Feb 2058']"
2048,June,14,"['2048-06-14', '14-06-2048', '14 Jun 2048', '14/06/2048', 'June 14th, 2048', '2048/06/14']"
2061,September,30,"['September 30th, 2061', '30-09-2061', '30th September, 2061', '30/09/2061', '30 Sep 2061', '09/30/2061', '2061-09-30', '2061/09/30']"
1943,March,7,"['07 Mar 1943', 'March 7th, 1943', '07/03/1943', '1943/03/07', '7th March, 1943']"
2036,January,13,"['January 13th, 2036', '13/01/2036', '13 Jan 2036']"
1951,September,18,"['18/09/1951', '1951/09/18', 'September 18th, 1951', '09/18/1951', '18-09-1951']"
2008,August,27,"['27/08/2008', 'August 27th, 2008', '2008/08/27']"
1951,June,17,"['17 Jun 1951', '17/06/1951']"
2087,November,1,"['2087-11-01', 'November 1st, 2087', '2087/11/01', '01-11-2087', '01/11/2087', '01 Nov 2087', '1st November, 2087']"
2086,June,21,['21 Jun 2086']
2018,March,13,"['13 Mar 2018', '2018-03-13']"
2003,March,23,"['23-03-2003', '03/23/2003']"
1913,May,3,"['May 3rd, 1913', '05/03/1913', '03-05-1913', '1913-05-03', '03 May 1913', '1913/05/03', '3rd May, 1913', '03/05/1913']"
1959,October,2,"['2nd October, 1959', '02-10-1959', '02/10/1959', 'October 2nd, 1959', '1959-10-02', '1959/10/02', '10/02/1959']"
2097,July,9,"['09 Jul 2097', '9th July, 2097', '2097/07/09']"
2096,August,15,"['August 15th, 2096']"
2064,July,2,"['2064-07-02', '2nd July, 2064', '02/07/2064', '07/02/2064', '02-07-2064', '2064/07/02', '02 Jul 2064', 'July 2nd, 2064']"
2067,June,12,"['2067/06/12', '12-06-2067', '06/12/2067', '12/06/2067', 'June 12th, 2067', '12 Jun 2067', '12th June, 2067']"
2023,August,14,"['08/14/2023', '2023-08-14', '14/08/2023', '2023/08/14', '14th August, 2023', 'August 14th, 2023', '14-08-2023']"
1979,March,18,"['18th March, 1979', '03/18/1979', '1979/03/18', '18-03-1979', 'March 18th, 1979']"
2027,September,14,['14-09-2027']
2007,February,11,"['2007-02-11', '11-02-2007']"
2095,January,28,"['28th January, 2095', '28-01-2095', '28/01/2095', '01/28/2095', 'January 28th, 2095', '28 Jan 2095', '2095/01/28', '2095-01-28']"
1949,January,4,"['1949/01/04', '1949-01-04', '4th January, 1949', 'January 4th, 1949', '04 Jan 1949', '04/01/1949', '04-01-1949', '01/04/1949']"
2084,June,20,"['June 20th, 2084', '2084-06-20', '20 Jun 2084', '2084/06/20', '06/20/2084', '20-06-2084']"
2061,March,18,"['March 18th, 2061']"
1993,June,2,"['02/06/1993', '06/02/1993', '2nd June, 1993', '02 Jun 1993']"
1942,April,24,"['April 24th, 1942', '24-04-1942']"
1925,April,17,['17-04-1925']
1963,May,20,"['1963/05/20', 'May 20th, 1963', '05/20/1963', '20-05-1963', '20/05/1963', '20 May 1963', '1963-05-20', '20th May, 1963']"
2048,January,30,['30 Jan 2048']
2022,June,18,"['June 18th, 2022', '06/18/2022', '18th June, 2022']"
2045,August,31,"['31-08-2045', '31/08/2045', '31st August, 2045', '08/31/2045', '2045-08-31', '31 Aug 2045']"
1972,June,20,"['20/06/1972', '20 Jun 1972', '20-06-1972']"
1943,December,29,"['29th December, 1943']"
2078,November,13,"['13 Nov 2078', '11/13/2078', '13-11-2078', '2078-11-13']"
2081,September,7,['07/09/2081']
2062,March,23,"['03/23/2062', '2062-03-23', '23-03-2062']"
2074,July,3,"['2074-07-03', '03-07-2074', '2074/07/03', '03/07/2074', '07/03/2074', '3rd July, 2074', 'July 3rd, 2074']"
1967,March,30,"['30 Mar 1967', '1967-03-30', 'March 30th, 1967', '1967/03/30', '30/03/1967', '03/30/1967', '30-03-1967']"
1969,July,23,"['1969-07-23', '23-07-1969', '1969/07/23', '23rd July, 1969', '23 Jul 1969']"
1944,December,10,"['1944/12/10', '12/10/1944', '10/12/1944', '10-12-1944', '10 Dec 1944', '10th December, 1944']"
2071,June,8,['08 Jun 2071']
1901,December,21,"['21 Dec 1901', '12/21/1901', '21st December, 1901', 'December 21st, 1901', '21-12-1901', '1901-12-21', '21/12/1901']"
2064,February,28,"['28/02/2064', '2064-02-28', '28-02-2064', '28 Feb 2064', 'February 28th, 2064', '28th February, 2064']"
1989,December,8,"['08/12/1989', '1989/12/08', '08 Dec 1989', '12/08/1989', '1989-12-08', '08-12-1989']"
2016,December,12,"['12/12/2016', '12 Dec 2016', '2016-12-12', 'December 12th, 2016', '12th December, 2016', '2016/12/12', '12-12-2016']"
1922,August,15,"['1922-08-15', 'August 15th, 1922', '1922/08/15', '08/15/1922', '15 Aug 1922']"
2081,October,9,"['09/10/2081', '9th October, 2081', '10/09/2081', '09 Oct 2081']"
2065,June,4,"['2065/06/04', '04-06-2065', '4th June, 2065', '2065-06-04', '06/04/2065', '04 Jun 2065']"
2062,June,9,"['09-06-2062', '2062-06-09']"
1932,November,21,"['21/11/1932', '21-11-1932', '21 Nov 1932', '21st November, 1932']"
2062,April,1,"['01 Apr 2062', 'April 1st, 2062', '1st April, 2062', '01/04/2062', '04/01/2062']"
1940,February,13,['1940-02-13']
1989,April,14,"['April 14th, 1989', '14/04/1989', '14-04-1989', '1989-04-14', '14 Apr 1989']"
1938,May,8,"['08-05-1938', '08/05/1938']"
1996,November,25,"['25 Nov 1996', '25/11/1996', 'November 25th, 1996']"
2023,May,4,"['04/05/2023', '4th May, 2023']"
2035,May,9,"['2035/05/09', '2035-05-09', '09-05-2035']"
2034,August,30,"['30th August, 2034', '08/30/2034', '30 Aug 2034', '2034-08-30', 'August 30th, 2034', '30/08/2034']"
1961,December,9,"['1961/12/09', '09/12/1961', '12/09/1961']"
2044,May,24,"['24/05/2044', '24th May, 2044', '05/24/2044']"
2054,April,26,"['26/04/2054', 'April 26th, 2054', '2054/04/26', '2054-04-26', '26th April, 2054', '04/26/2054', '26 Apr 2054']"
2033,January,17,['17-01-2033']
1965,November,22,"['11/22/1965', '22 Nov 1965', '1965-11-22', '22/11/1965', '1965/11/22', 'November 22nd, 1965']"
1958,January,14,"['01/14/1958', 'January 14th, 1958', '1958/01/14', '1958-01-14', '14-01-1958', '14th January, 1958', '14/01/1958', '14 Jan 1958']"
2028,August,28,"['28 Aug 2028', '2028/08/28']"
1926,December,21,"['1926/12/21', 'December 21st, 1926', '21-12-1926']"
1958,April,16,"['April 16th, 1958', '16 Apr 1958', '04/16/1958', '16th April, 1958', '1958-04-16', '1958/04/16', '16-04-1958']"
2092,April,13,"['April 13th, 2092', '13-04-2092', '2092-04-13', '13th April, 2092', '13 Apr 2092', '04/13/2092', '2092/04/13']"
1944,May,24,"['May 24th, 1944', '24th May, 1944', '24/05/1944', '1944-05-24', '05/24/1944', '1944/05/24', '24 May 1944', '24-05-1944']"
2020,June,16,"['June 16th, 2020', '06/16/2020', '2020-06-16', '16th June, 2020', '16/06/2020']"
1990,October,6,"['10/06/1990', 'October 6th, 1990', '1990-10-06']"
2001,July,14,"['July 14th, 2001', '14/07/2001', '2001/07/14', '14th July, 2001', '07/14/2001', '2001-07-14', '14-07-2001']"
1969,July,26,"['07/26/1969', '26th July, 1969']"
2097,August,19,"['2097-08-19', '19th August, 2097', '19 Aug 2097', 'August 19th, 2097', '19/08/2097', '19-08-2097', '08/19/2097']"
2032,May,21,"['2032/05/21', '21-05-2032', '21 May 2032', 'May 21st, 2032', '05/21/2032', '21st May, 2032', '21/05/2032', '2032-05-21']"
1915,September,9,"['09-09-1915', 'September 9th, 1915', '09/09/1915', '09 Sep 1915', '1915/09/09', '09/09/1915', '9th September, 1915', '1915-09-09']"
2095,February,15,"['2095/02/15', '02/15/2095', '15th February, 2095', '15 Feb 2095', '2095-02-15', '15-02-2095']"
1959,May,3,"['03/05/1959', '3rd May, 1959', 'May 3rd, 1959']"
2050,December,4,"['2050/12/04', '04 Dec 2050', '12/04/2050', '04-12-2050', '2050-12-04', '4th December, 2050', '04/12/2050', 'December 4th, 2050']"
2016,December,13,"['12/13/2016', '13 Dec 2016', '2016/12/13', '2016-12-13', 'December 13th, 2016', '13/12/2016', '13-12-2016', '13th December, 2016']"
1939,January,28,"['January 28th, 1939', '1939/01/28', '28 Jan 1939', '28/01/1939', '01/28/1939']"
2039,May,13,"['13/05/2039', 'May 13th, 2039']"
2037,November,2,"['02 Nov 2037', '2nd November, 2037']"
1907,June,4,"['1907/06/04', '06/04/1907', '4th June, 1907', '04/06/1907', '04 Jun 1907', '04-06-1907']"
2098,January,7,"['January 7th, 2098', '7th January, 2098', '01/07/2098', '2098-01-07', '2098/01/07', '07-01-2098', '07 Jan 2098', '07/01/2098']"
2081,February,1,"['2081-02-01', '01-02-2081', 'February 1st, 2081']"
2029,February,26,"['2029-02-26', '02/26/2029', '26th February, 2029', '26/02/2029', '26 Feb 2029']"
1900,August,23,"['23-08-1900', 'August 23rd, 1900', '23 Aug 1900', '08/23/1900', '23/08/1900', '1900/08/23', '1900-08-23', '23rd August, 1900']"
2040,May,4,"['05/04/2040', '4th May, 2040']"
2054,December,16,"['December 16th, 2054', '16 Dec 2054', '2054/12/16', '12/16/2054', '2054-12-16', '16th December, 2054', '16/12/2054', '16-12-2054']"
2017,October,26,"['2017-10-26', '26th October, 2017']"
2071,November,1,"['November 1st, 2071', '01/11/2071', '11/01/2071', '2071/11/01', '01 Nov 2071', '2071-11-01', '1st November, 2071']"
2053,December,13,"['13th December, 2053', '13 Dec 2053', '12/13/2053']"
1940,February,23,"['1940/02/23', '23-02-1940', '23 Feb 1940', '1940-02-23', '23rd February, 1940', '23/02/1940']"
2087,August,18,"['18 Aug 2087', '2087-08-18', '2087/08/18', 'August 18th, 2087', '18-08-2087', '18/08/2087', '08/18/2087', '18th August, 2087']"
1931,April,27,"['27th April, 1931', '27/04/1931', 'April 27th, 1931', '27 Apr 1931', '1931-04-27', '27-04-1931']"
2000,October,15,"['October 15th, 2000', '15-10-2000', '2000/10/15', '2000-10-15', '15th October, 2000']"
2016,October,31,"['10/31/2016', '2016-10-31']"
2097,June,11,"['2097/06/11', '06/11/2097', '2097-06-11', 'June 11th, 2097', '11 Jun 2097', '11-06-2097', '11/06/2097', '11th June, 2097']"
1930,October,8,"['08 Oct 1930', '1930/10/08', 'October 8th, 1930']"
2016,October,22,"['October 22nd, 2016', '22 Oct 2016', '2016-10-22', '22-10-2016', '10/22/2016', '22nd October, 2016', '2016/10/22']"
1912,March,24,"['1912-03-24', '24th March, 1912', '24-03-1912', '24/03/1912', '1912/03/24', 'March 24th, 1912']"
1971,October,8,"['08-10-1971', '8th October, 1971', '1971/10/08', '08 Oct 1971', '10/08/1971', '08/10/1971', 'October 8th, 1971', '1971-10-08']"
1952,November,16,['11/16/1952']
2010,May,11,"['2010/05/11', '11-05-2010', '2010-05-11', '11/05/2010']"
1946,June,6,"['1946/06/06', '1946-06-06', '06/06/1946', '06/06/1946', '06-06-1946']"
1935,November,16,['1935-11-16']
1998,November,18,"['11/18/1998', '18-11-1998', '1998-11-18', '18th November, 1998']"
1958,January,23,"['January 23rd, 1958', '23/01/1958', '23-01-1958', '1958-01-23', '23rd January, 1958', '1958/01/23', '01/23/1958']"
1977,April,1,"['01-04-1977', '04/01/1977', '1977-04-01']"
2043,January,28,"['01/28/2043', '2043/01/28', '28-01-2043', 'January 28th, 2043', '28/01/2043']"
1926,October,6,"['October 6th, 1926']"
2044,July,5,"['05-07-2044', '05 Jul 2044', '2044-07-05', '05/07/2044', 'July 5th, 2044', '5th July, 2044', '2044/07/05', '07/05/2044']"
2002,February,5,"['02/05/2002', 'February 5th, 2002']"
2017,January,25,"['25th January, 2017']"
2065,February,8,"['8th February, 2065', '2065/02/08', 'February 8th, 2065', '2065-02-08', '08-02-2065']"
1913,September,4,"['4th September, 1913']"
1917,October,17,"['17/10/1917', '17-10-1917', '1917-10-17', '17th October, 1917', 'October 17th, 1917', '10/17/1917']"
1987,September,1,"['September 1st, 1987', '09/01/1987', '01/09/1987']"
1921,March,19,"['19 Mar 1921', '1921/03/19', '1921-03-19']"
2015,September,15,"['15th September, 2015', '2015-09-15', '09/15/2015', '15 Sep 2015', '2015/09/15', 'September 15th, 2015', '15/09/2015', '15-09-2015']"
2024,November,7,"['07 Nov 2024', 'November 7th, 2024', '7th November, 2024', '2024/11/07', '07/11/2024', '11/07/2024', '2024-11-07', '07-11-2024']"
2096,May,29,['29 May 2096']
2045,March,19,['19-03-2045']
1905,March,3,"['1905/03/03', '03-03-1905', '1905-03-03', 'March 3rd, 1905']"
1950,May,4,"['4th May, 1950']"
2053,May,23,"['05/23/2053', '23-05-2053', '23rd May, 2053', '2053/05/23', '2053-05-23', '23/05/2053', '23 May 2053', 'May 23rd, 2053']"
1948,March,19,"['19 Mar 1948', '19-03-1948', 'March 19th, 1948', '19th March, 1948', '19/03/1948', '1948-03-19']"
2013,February,7,"['02/07/2013', '2013/02/07', '07-02-2013', 'February 7th, 2013', '07 Feb 2013']"
2098,June,3,['03 Jun 2098']
1988,May,29,"['29/05/1988', '29th May, 1988']"
1943,September,11,"['09/11/1943', '11/09/1943', '11-09-1943', '11 Sep 1943', '1943/09/11', '1943-09-11', 'September 11th, 1943']"
2020,January,5,"['01/05/2020', '05-01-2020', 'January 5th, 2020', '5th January, 2020', '2020/01/05', '05 Jan 2020', '2020-01-05']"
1928,August,29,"['1928-08-29', 'August 29th, 1928']"
1959,April,12,"['12/04/1959', '1959/04/12', '1959-04-12', '12th April, 1959', '12 Apr 1959']"
1938,March,6,"['1938/03/06', '03/06/1938', '06-03-1938', 'March 6th, 1938', '06/03/1938']"
1934,August,16,"['August 16th, 1934', '1934-08-16', '16/08/1934', '16th August, 1934', '16-08-1934', '16 Aug 1934', '1934/08/16', '08/16/1934']"
2091,September,4,"['09/04/2091', '04/09/2091', 'September 4th, 2091', '04 Sep 2091']"
2067,May,6,"['2067/05/06', '06-05-2067', '6th May, 2067']"
1951,May,6,"['May 6th, 1951', '06/05/1951', '1951-05-06', '06 May 1951', '6th May, 1951', '06-05-1951']"
1955,January,24,"['24/01/1955', '24-01-1955', '1955/01/24', '24th January, 1955', '24 Jan 1955', 'January 24th, 1955', '01/24/1955']"
1901,July,13,"['07/13/1901', 'July 13th, 1901', '13-07-1901', '1901/07/13', '1901-07-13', '13th July, 1901']"
1971,October,6,"['October 6th, 1971', '06 Oct 1971', '6th October, 1971', '06/10/1971', '1971/10/06', '06-10-1971', '1971-10-06']"
2098,February,9,"['2098/02/09', '2098-02-09', '09/02/2098', '02/09/2098', '09-02-2098', 'February 9th, 2098', '09 Feb 2098']"
1954,November,29,"['1954-11-29', '1954/11/29', '11/29/1954', '29 Nov 1954', '29/11/1954', '29-11-1954', '29th November, 1954', 'November 29th, 1954']"
2072,April,13,"['13 Apr 2072', '2072-04-13', '2072/04/13', 'April 13th, 2072', '04/13/2072']"
2065,February,3,"['2065/02/03', '03 Feb 2065', '2065-02-03', 'February 3rd, 2065', '03-02-2065']"
1980,August,18,['18/08/1980']
1960,October,14,"['14/10/1960', '14 Oct 1960', 'October 14th, 1960']"
2082,January,10,"['2082-01-10', '10th January, 2082', '10 Jan 2082']"
1962,December,3,"['December 3rd, 1962', '3rd December, 1962', '03/12/1962', '1962-12-03', '12/03/1962', '03-12-1962', '1962/12/03']"
1922,November,6,"['1922/11/06', '6th November, 1922', 'November 6th, 1922', '1922-11-06', '11/06/1922', '06 Nov 1922', '06-11-1922']"
1902,November,18,"['1902-11-18', 'November 18th, 1902']"
2072,September,14,"['09/14/2072', '2072/09/14', 'September 14th, 2072']"
2030,November,8,"['8th November, 2030']"
2029,June,15,"['15th June, 2029', '2029/06/15', 'June 15th, 2029', '15 Jun 2029', '15/06/2029', '06/15/2029', '2029-06-15', '15-06-2029']"
2093,June,30,"['2093/06/30', '06/30/2093']"
1958,January,27,"['27-01-1958', '27 Jan 1958', '1958/01/27', '27/01/1958']"
2085,April,26,['26-04-2085']
1921,November,26,"['November 26th, 1921']"
2003,April,19,"['19 Apr 2003', '19/04/2003', '2003-04-19', '04/19/2003', '2003/04/19', 'April 19th, 2003', '19th April, 2003']"
2038,September,25,"['09/25/2038', '2038-09-25', '25th September, 2038', '25/09/2038', '2038/09/25', '25-09-2038', '25 Sep 2038']"
2050,February,4,"['02/04/2050', 'February 4th, 2050', '04 Feb 2050', '04-02-2050', '2050-02-04', '04/02/2050']"
2017,September,6,"['6th September, 2017', '09/06/2017', '2017-09-06', '2017/09/06', '06 Sep 2017', '06-09-2017']"
1918,October,1,"['01 Oct 1918', '1918/10/01', '1st October, 1918', '01-10-1918', '1918-10-01', '01/10/1918', '10/01/1918', 'October 1st, 1918']"
2007,March,30,"['2007/03/30', 'March 30th, 2007', '30-03-2007', '2007-03-30', '30/03/2007', '03/30/2007', '30 Mar 2007']"
1977,February,14,['14 Feb 1977']
1905,August,18,"['08/18/1905', '18 Aug 1905', '18-08-1905']"
1916,May,2,"['1916-05-02', '02 May 1916', '2nd May, 1916', '1916/05/02']"
2049,August,16,"['2049/08/16', '16-08-2049', '2049-08-16', '16 Aug 2049']"
2074,April,13,"['13-04-2074', '2074/04/13']"
2042,December,15,"['December 15th, 2042', '2042/12/15', '15 Dec 2042', '15th December, 2042']"
1981,March,6,"['March 6th, 1981', '6th March, 1981', '06-03-1981', '03/06/1981', '1981/03/06']"
2089,May,18,"['2089-05-18', '18th May, 2089']"
1989,September,24,"['24/09/1989', '24 Sep 1989', '1989-09-24', '24th September, 1989', '1989/09/24']"
1945,April,14,"['14-04-1945', 'April 14th, 1945', '1945/04/14', '04/14/1945', '14 Apr 1945', '14th April, 1945']"
1996,November,29,"['1996-11-29', '29/11/1996']"
1993,January,2,"['1993-01-02', '02-01-1993', '01/02/1993', '02/01/1993', 'January 2nd, 1993']"
2052,December,5,"['2052/12/05', '12/05/2052']"
2068,July,8,"['08 Jul 2068', '2068-07-08', '2068/07/08', '08-07-2068', 'July 8th, 2068', '07/08/2068', '08/07/2068', '8th July, 2068']"
2052,November,23,"['23rd November, 2052']"
2011,January,30,"['January 30th, 2011', '01/30/2011', '30/01/2011', '2011/01/30', '30th January, 2011', '2011-01-30']"
1942,February,25,"['1942-02-25', 'February 25th, 1942', '25-02-1942', '25th February, 1942', '25 Feb 1942', '1942/02/25', '02/25/1942', '25/02/1942']"
1962,March,22,"['03/22/1962', 'March 22nd, 1962', '22/03/1962', '1962-03-22', '22 Mar 1962', '22nd March, 1962', '1962/03/22']"
1903,June,27,"['27 Jun 1903', '27th June, 1903', 'June 27th, 1903', '06/27/1903', '1903-06-27', '27/06/1903', '27-06-1903', '1903/06/27']"
1967,December,14,"['14/12/1967', '1967/12/14', '14th December, 1967', '14-12-1967', '12/14/1967', '1967-12-14', '14 Dec 1967']"
2088,June,14,"['14-06-2088', '14th June, 2088', '06/14/2088', '2088-06-14', '14 Jun 2088']"
1974,April,10,"['10th April, 1974', '10-04-1974', '04/10/1974', '1974/04/10']"
1963,April,13,"['13-04-1963', '13th April, 1963', '13/04/1963']"
2067,May,19,"['19-05-2067', '19 May 2067', '05/19/2067', '2067/05/19', 'May 19th, 2067']"
1934,April,26,"['04/26/1934', 'April 26th, 1934', '26-04-1934', '1934/04/26', '26/04/1934', '26th April, 1934']"
2090,August,22,"['22-08-2090', '22nd August, 2090', '22/08/2090', '2090/08/22']"
1957,April,6,"['06/04/1957', 'April 6th, 1957', '06 Apr 1957', '1957-04-06']"
1915,January,31,"['31/01/1915', 'January 31st, 1915', '31 Jan 1915', '1915-01-31']"
1989,May,17,"['17th May, 1989', '1989/05/17', '1989-05-17', '17-05-1989', '05/17/1989', 'May 17th, 1989', '17/05/1989', '17 May 1989']"
2034,January,10,"['10-01-2034', 'January 10th, 2034', '01/10/2034', '10/01/2034']"
1920,March,7,"['07-03-1920', '7th March, 1920', '1920/03/07']"
1927,December,29,"['29-12-1927', '29/12/1927', '29th December, 1927', '12/29/1927', 'December 29th, 1927']"
1985,February,10,"['10/02/1985', '10-02-1985', 'February 10th, 1985', '10 Feb 1985', '1985/02/10', '10th February, 1985', '1985-02-10', '02/10/1985']"
2048,July,26,"['2048-07-26', '07/26/2048', '26/07/2048', '2048/07/26', '26-07-2048', '26th July, 2048', '26 Jul 2048']"
2028,January,10,"['10 Jan 2028', '10th January, 2028']"
1985,August,15,['1985-08-15']
1976,May,9,"['May 9th, 1976', '09 May 1976', '9th May, 1976', '05/09/1976']"
1985,September,27,"['September 27th, 1985', '27-09-1985', '09/27/1985']"
2086,October,11,"['2086-10-11', '11/10/2086', '11-10-2086', 'October 11th, 2086', '11th October, 2086', '2086/10/11', '10/11/2086']"
1900,April,14,"['14-04-1900', '14th April, 1900', '14/04/1900', '1900-04-14', '14 Apr 1900', 'April 14th, 1900', '1900/04/14', '04/14/1900']"
2074,March,17,"['2074/03/17', '17/03/2074', '17-03-2074', '17 Mar 2074', '03/17/2074']"
1941,January,12,"['01/12/1941', '12th January, 1941', 'January 12th, 1941', '12-01-1941']"
2040,February,21,"['February 21st, 2040', '21st February, 2040', '02/21/2040', '21/02/2040', '21 Feb 2040', '21-02-2040', '2040/02/21', '2040-02-21']"
1907,August,7,"['1907-08-07', '7th August, 1907', '07 Aug 1907', '07/08/1907']"
2081,June,7,"['07 Jun 2081', '2081/06/07', '7th June, 2081']"
2071,June,13,"['13th June, 2071', '13 Jun 2071']"
1949,November,17,"['1949-11-17', '17/11/1949', '1949/11/17', '17th November, 1949']"
1911,November,3,"['03-11-1911', '03 Nov 1911', '3rd November, 1911']"
2027,August,31,"['31/08/2027', '31st August, 2027', '2027-08-31', '2027/08/31', 'August 31st, 2027', '08/31/2027']"
1999,December,3,"['03 Dec 1999', '03/12/1999', '03-12-1999', '1999-12-03', 'December 3rd, 1999', '1999/12/03', '12/03/1999']"
1969,September,30,"['30th September, 1969', '30 Sep 1969', '30/09/1969']"
2021,May,25,"['2021/05/25', '25-05-2021', '05/25/2021', '25/05/2021', '25th May, 2021', '2021-05-25']"
2080,June,16,"['06/16/2080', '16th June, 2080', '16-06-2080']"
1962,August,15,['15-08-1962']
2073,May,26,"['05/26/2073', '26 May 2073', '26/05/2073', '26th May, 2073', 'May 26th, 2073', '2073-05-26']"
1994,January,3,"['03/01/1994', '1994-01-03', '01/03/1994']"
1937,February,7,"['1937/02/07', '07/02/1937', '1937-02-07']"
1951,October,6,"['06 Oct 1951', 'October 6th, 1951', '10/06/1951', '1951/10/06', '6th October, 1951']"
1953,April,19,"['19-04-1953', '1953/04/19', '1953-04-19', 'April 19th, 1953']"
1980,October,18,['10/18/1980']
1998,May,6,"['May 6th, 1998', '06 May 1998', '06/05/1998']"
2043,August,6,"['06/08/2043', '2043-08-06', 'August 6th, 2043', '06 Aug 2043']"
2074,November,17,['2074-11-17']
1987,October,14,"['14 Oct 1987', '14/10/1987', '1987/10/14', '10/14/1987', 'October 14th, 1987']"
2049,April,10,"['10/04/2049', '2049/04/10', '04/10/2049', '2049-04-10', 'April 10th, 2049']"
1952,December,31,"['31-12-1952', '1952/12/31', '31 Dec 1952', '1952-12-31', 'December 31st, 1952', '12/31/1952', '31st December, 1952']"
1938,March,14,"['14-03-1938', '14 Mar 1938']"
1981,January,24,['24-01-1981']
2067,October,10,"['10 Oct 2067', 'October 10th, 2067', '10/10/2067', '10th October, 2067']"
1986,May,6,"['06/05/1986', '06 May 1986', '6th May, 1986', '1986/05/06', 'May 6th, 1986', '1986-05-06', '06-05-1986']"
2017,February,17,['17 Feb 2017']
2040,March,2,"['02 Mar 2040', '2nd March, 2040', 'March 2nd, 2040']"
1924,July,11,"['07/11/1924', '11th July, 1924', 'July 11th, 1924', '11 Jul 1924', '1924-07-11', '1924/07/11']"
2022,June,19,"['2022/06/19', '2022-06-19', '19 Jun 2022', '19/06/2022', '19-06-2022', 'June 19th, 2022']"
1946,September,7,"['7th September, 1946']"
1935,March,21,"['March 21st, 1935']"
1916,July,30,"['30th July, 1916', '30 Jul 1916', '30/07/1916', '07/30/1916', '1916-07-30', 'July 30th, 1916', '1916/07/30']"
1985,December,2,"['02/12/1985', '12/02/1985', '02-12-1985']"
2076,January,16,['2076-01-16']
1906,April,14,"['1906-04-14', 'April 14th, 1906', '04/14/1906', '14/04/1906', '1906/04/14', '14th April, 1906', '14-04-1906', '14 Apr 1906']"
2073,October,22,"['22/10/2073', '2073/10/22', '22-10-2073', '22 Oct 2073']"
2023,July,30,"['July 30th, 2023', '07/30/2023', '30th July, 2023', '30/07/2023', '30 Jul 2023', '2023-07-30']"
2074,October,25,"['10/25/2074', '25th October, 2074', 'October 25th, 2074', '2074/10/25', '25 Oct 2074', '2074-10-25', '25-10-2074']"
2075,April,12,"['2075-04-12', '12 Apr 2075', '04/12/2075']"
1925,November,11,"['November 11th, 1925', '11 Nov 1925', '11/11/1925', '11-11-1925', '11/11/1925', '1925/11/11', '11th November, 1925', '1925-11-11']"
2017,December,13,"['12/13/2017', '13-12-2017']"
1936,August,23,"['08/23/1936', '1936/08/23', '1936-08-23', '23-08-1936', 'August 23rd, 1936', '23rd August, 1936', '23/08/1936']"
2001,July,22,"['22nd July, 2001', '2001-07-22', '22/07/2001', '22-07-2001']"
1953,August,23,"['23/08/1953', '08/23/1953']"
1933,January,28,"['28/01/1933', '01/28/1933', '28-01-1933']"
2015,December,9,"['09/12/2015', 'December 9th, 2015', '09-12-2015', '2015/12/09', '12/09/2015', '9th December, 2015', '09 Dec 2015', '2015-12-09']"
1904,November,1,"['01 Nov 1904', '01/11/1904', '01-11-1904', '1st November, 1904', '1904-11-01', '1904/11/01']"
2046,August,4,"['04 Aug 2046', 'August 4th, 2046', '08/04/2046']"
1959,June,22,"['June 22nd, 1959', '22nd June, 1959']"
2064,August,1,"['2064-08-01', 'August 1st, 2064', '01 Aug 2064', '1st August, 2064', '01-08-2064', '08/01/2064', '2064/08/01', '01/08/2064']"
1998,July,28,"['28 Jul 1998', '28/07/1998']"
1960,February,11,"['02/11/1960', '11th February, 1960', '11-02-1960', '1960-02-11']"
1901,December,5,"['December 5th, 1901', '05/12/1901', '1901/12/05', '5th December, 1901', '05 Dec 1901', '12/05/1901', '1901-12-05']"
2091,November,3,"['3rd November, 2091', '03/11/2091', '2091-11-03', '11/03/2091', '03 Nov 2091', 'November 3rd, 2091', '2091/11/03']"
1912,December,23,"['23rd December, 1912']"
1961,December,10,"['December 10th, 1961', '10 Dec 1961', '1961/12/10', '10/12/1961', '10-12-1961']"
1908,August,18,['1908/08/18']
1936,June,30,"['30th June, 1936', '30-06-1936']"
2058,March,26,"['26th March, 2058', '2058-03-26']"
1911,June,21,"['21-06-1911', '21 Jun 1911', '21st June, 1911', '06/21/1911', 'June 21st, 1911', '21/06/1911']"
1946,June,7,['1946/06/07']
1919,January,6,"['January 6th, 1919', '01/06/1919', '06 Jan 1919', '6th January, 1919', '1919/01/06', '06-01-1919']"
2023,May,25,"['25 May 2023', '2023/05/25', '25-05-2023', '25/05/2023', '05/25/2023']"
2035,May,23,"['May 23rd, 2035', '2035/05/23', '2035-05-23', '23rd May, 2035', '23/05/2035']"
2034,September,29,"['2034-09-29', '09/29/2034']"
1909,October,13,"['13th October, 1909', '10/13/1909', '13 Oct 1909', 'October 13th, 1909']"
1930,May,10,"['1930/05/10', '05/10/1930', 'May 10th, 1930']"
1967,August,29,"['29/08/1967', '29-08-1967', '29 Aug 1967']"
1983,March,29,['1983-03-29']
2091,December,12,['12 Dec 2091']
2033,April,12,['12 Apr 2033']
1912,December,12,"['December 12th, 1912', '12/12/1912', '1912-12-12', '12 Dec 1912', '12th December, 1912', '1912/12/12']"
1926,January,23,"['23 Jan 1926', '1926/01/23']"
1928,December,1,"['12/01/1928', '01-12-1928', '01/12/1928']"
2047,October,4,"['04/10/2047', '2047-10-04', 'October 4th, 2047', '04 Oct 2047', '04-10-2047', '2047/10/04', '4th October, 2047']"
1920,May,5,"['05-05-1920', 'May 5th, 1920']"
2051,March,12,"['12-03-2051', 'March 12th, 2051', '03/12/2051', '12/03/2051']"
1912,February,27,"['27/02/1912', '02/27/1912']"
1996,July,19,"['19 Jul 1996', '19/07/1996']"
2081,January,7,"['07-01-2081', '07/01/2081', 'January 7th, 2081']"
2092,January,25,"['25th January, 2092', '01/25/2092', '25/01/2092', '2092/01/25', '25 Jan 2092']"
1964,March,1,"['03/01/1964', 'March 1st, 1964', '01/03/1964', '1964/03/01', '1st March, 1964', '01 Mar 1964']"
2019,July,21,"['2019-07-21', '2019/07/21']"
2099,September,30,"['2099-09-30', '30-09-2099', '2099/09/30']"
2049,November,23,"['November 23rd, 2049', '23/11/2049', '23rd November, 2049', '23-11-2049']"
1994,May,16,"['1994-05-16', 'May 16th, 1994', '05/16/1994', '16-05-1994', '16/05/1994', '1994/05/16', '16th May, 1994', '16 May 1994']"
2083,September,25,"['25-09-2083', '25/09/2083', '2083-09-25', '25th September, 2083']"
2021,June,28,"['28 Jun 2021', '2021-06-28', '28-06-2021', '2021/06/28', '28th June, 2021', 'June 28th, 2021', '06/28/2021', '28/06/2021']"
2011,November,26,"['2011-11-26', '26/11/2011', '26th November, 2011', '26-11-2011', '26 Nov 2011']"
1920,August,23,"['August 23rd, 1920']"
1944,October,29,"['October 29th, 1944', '1944-10-29']"
1920,November,8,"['08/11/1920', '11/08/1920', '1920/11/08', '08 Nov 1920', '08-11-1920', 'November 8th, 1920']"
2002,April,19,"['04/19/2002', '19-04-2002']"
2089,January,7,"['07-01-2089', '01/07/2089', '2089-01-07']"
1981,June,14,"['June 14th, 1981']"
2042,September,9,"['09/09/2042', '09 Sep 2042', 'September 9th, 2042', '9th September, 2042', '2042-09-09', '09-09-2042']"
1968,October,24,"['1968/10/24', '10/24/1968', '24/10/1968', 'October 24th, 1968', '1968-10-24']"
1990,December,29,"['29th December, 1990', '1990/12/29', '29-12-1990', '1990-12-29']"
2028,July,25,"['2028/07/25', '25-07-2028']"
1900,June,9,"['1900/06/09', '1900-06-09', '09/06/1900', '06/09/1900', '09 Jun 1900', '9th June, 1900', 'June 9th, 1900']"
1991,February,7,"['02/07/1991', 'February 7th, 1991', '07/02/1991']"
2060,October,22,"['2060-10-22', '10/22/2060', 'October 22nd, 2060', '22nd October, 2060', '2060/10/22', '22-10-2060', '22/10/2060', '22 Oct 2060']"
1958,June,27,"['27th June, 1958', 'June 27th, 1958']"
2059,July,23,"['23-07-2059', '2059/07/23', '23/07/2059']"
2035,December,25,"['25/12/2035', 'December 25th, 2035', '2035-12-25']"
1903,September,27,['09/27/1903']
2086,October,26,"['2086-10-26', '26th October, 2086', '26 Oct 2086', '2086/10/26', '26/10/2086', '10/26/2086']"
2090,March,8,"['2090/03/08', '03/08/2090', '08-03-2090', '2090-03-08']"
1926,June,18,"['18-06-1926', '18 Jun 1926', '18th June, 1926', '18/06/1926', '06/18/1926', '1926/06/18', 'June 18th, 1926']"
2037,November,4,"['2037-11-04', '11/04/2037', '04-11-2037', '2037/11/04']"
2048,March,23,"['03/23/2048', '2048-03-23']"
1972,June,21,"['06/21/1972', '21/06/1972']"
2039,July,23,"['23/07/2039', 'July 23rd, 2039', '2039-07-23', '23-07-2039', '23rd July, 2039', '07/23/2039', '2039/07/23']"
2009,June,2,"['2nd June, 2009', '02 Jun 2009', 'June 2nd, 2009', '2009/06/02', '06/02/2009', '2009-06-02', '02/06/2009']"
1942,February,9,"['02/09/1942', '9th February, 1942', '09/02/1942', '09 Feb 1942', '1942/02/09', '1942-02-09']"
2082,July,12,"['2082/07/12', '2082-07-12', '12 Jul 2082', '12/07/2082', '12-07-2082', 'July 12th, 2082', '07/12/2082']"
1905,August,30,"['1905-08-30', '30/08/1905', '1905/08/30']"
2017,May,23,"['23rd May, 2017']"
2067,December,25,"['2067-12-25', '25 Dec 2067', '25-12-2067', 'December 25th, 2067', '25th December, 2067', '12/25/2067', '2067/12/25']"
1993,March,21,"['21/03/1993', '1993/03/21', '21st March, 1993', '03/21/1993', '1993-03-21', 'March 21st, 1993', '21 Mar 1993', '21-03-1993']"
2028,March,25,['03/25/2028']
2094,July,24,"['24/07/2094', '2094/07/24', '07/24/2094']"
2093,June,8,"['08 Jun 2093', '8th June, 2093', '06/08/2093', '08/06/2093', '2093-06-08']"
1991,February,10,"['1991/02/10', '1991-02-10', '10th February, 1991', '10 Feb 1991', '02/10/1991']"
2090,November,10,"['November 10th, 2090', '2090-11-10', '10-11-2090']"
2026,December,16,['2026/12/16']
1975,November,6,['06-11-1975']
1915,February,15,['15-02-1915']
1972,March,14,"['March 14th, 1972', '14-03-1972']"
1986,February,22,"['February 22nd, 1986', '02/22/1986', '22/02/1986']"
1917,March,27,"['03/27/1917', 'March 27th, 1917']"
1943,December,23,"['23 Dec 1943', '23rd December, 1943', '1943/12/23', '1943-12-23', '23/12/1943']"
1921,August,12,"['12/08/1921', 'August 12th, 1921', '1921/08/12', '08/12/1921', '12th August, 1921', '1921-08-12']"
2095,September,9,"['09/09/2095', '2095-09-09']"
2036,February,9,"['February 9th, 2036', '09-02-2036']"
1938,September,14,"['14th September, 1938', '14-09-1938', '1938/09/14', 'September 14th, 1938', '09/14/1938', '1938-09-14']"
2073,June,3,['06/03/2073']
1959,March,4,"['4th March, 1959', '04 Mar 1959', '1959-03-04', 'March 4th, 1959', '04-03-1959', '1959/03/04', '04/03/1959', '03/04/1959']"
2008,September,13,"['13th September, 2008', '13-09-2008', '2008-09-13']"
2073,July,27,"['27 Jul 2073', 'July 27th, 2073', '27th July, 2073', '2073-07-27', '27-07-2073']"
2055,September,23,"['23rd September, 2055']"
1923,May,31,"['May 31st, 1923', '31 May 1923', '05/31/1923', '31st May, 1923', '1923/05/31', '31/05/1923', '31-05-1923']"
2023,September,27,"['27/09/2023', '27 Sep 2023', 'September 27th, 2023', '27th September, 2023', '2023/09/27']"
2044,November,11,"['11th November, 2044', '11 Nov 2044', '2044/11/11', '2044-11-11', 'November 11th, 2044', '11/11/2044', '11/11/2044', '11-11-2044']"
2020,June,5,"['2020-06-05', '05/06/2020', '05 Jun 2020', '06/05/2020', '05-06-2020', 'June 5th, 2020', '5th June, 2020']"
2087,March,12,"['12th March, 2087', '12-03-2087', '2087-03-12']"
2039,September,14,"['2039-09-14', 'September 14th, 2039', '14/09/2039']"
2011,September,13,"['13th September, 2011', '13/09/2011']"
2012,August,5,"['05/08/2012', '08/05/2012', '05-08-2012', '5th August, 2012', 'August 5th, 2012']"
1985,February,6,"['6th February, 1985', '06 Feb 1985', '02/06/1985', '1985/02/06', 'February 6th, 1985']"
2072,March,21,"['21 Mar 2072', '21st March, 2072', '21/03/2072', '2072-03-21', 'March 21st, 2072', '03/21/2072', '21-03-2072']"
1927,September,26,"['26/09/1927', '26th September, 1927']"
2003,November,30,"['11/30/2003', '30 Nov 2003', '30-11-2003', '2003/11/30', '30/11/2003', 'November 30th, 2003', '2003-11-30']"
1960,June,8,"['06/08/1960', '08 Jun 1960', '8th June, 1960', '08/06/1960', '1960/06/08', 'June 8th, 1960']"
1956,January,6,"['January 6th, 1956', '06/01/1956', '1956-01-06', '06-01-1956', '06 Jan 1956', '01/06/1956']"
2049,July,11,"['July 11th, 2049', '11th July, 2049']"
1929,November,16,"['1929-11-16', '16/11/1929', '11/16/1929']"
2031,December,30,['12/30/2031']
2065,May,28,"['28/05/2065', '05/28/2065', 'May 28th, 2065', '28 May 2065', '2065-05-28', '28th May, 2065', '28-05-2065', '2065/05/28']"
2028,March,26,"['03/26/2028', '26-03-2028', '26/03/2028', '26 Mar 2028', '2028/03/26', '26th March, 2028']"
1925,June,18,"['18th June, 1925', '18/06/1925', '18-06-1925', '06/18/1925', '1925-06-18', 'June 18th, 1925']"
2096,July,3,"['July 3rd, 2096', '03/07/2096', '3rd July, 2096', '07/03/2096', '2096/07/03', '2096-07-03', '03-07-2096']"
1962,March,31,"['03/31/1962', '31-03-1962', '31st March, 1962', 'March 31st, 1962', '31/03/1962', '31 Mar 1962', '1962/03/31']"
1985,June,10,"['10th June, 1985', 'June 10th, 1985', '1985/06/10', '06/10/1985', '1985-06-10', '10/06/1985', '10 Jun 1985', '10-06-1985']"
1907,December,31,"['1907/12/31', '31-12-1907', '31st December, 1907', '12/31/1907', 'December 31st, 1907']"
2095,July,14,"['July 14th, 2095', '2095-07-14', '14th July, 2095', '14/07/2095', '2095/07/14']"
2044,July,1,"['2044/07/01', '2044-07-01', 'July 1st, 2044', '07/01/2044', '01 Jul 2044']"
1914,October,23,"['10/23/1914', '23/10/1914', '23 Oct 1914']"
2005,June,6,"['06-06-2005', '06/06/2005', '6th June, 2005', 'June 6th, 2005', '06/06/2005', '2005-06-06']"
2090,February,14,"['2090/02/14', 'February 14th, 2090', '14-02-2090', '14th February, 2090']"
2058,May,12,"['12-05-2058', '12 May 2058', '2058-05-12', '12/05/2058', '05/12/2058', 'May 12th, 2058']"
1933,January,22,"['22nd January, 1933', '1933-01-22', '01/22/1933', '22 Jan 1933', '22/01/1933']"
1969,December,21,"['21st December, 1969']"
1953,June,19,"['19/06/1953', '06/19/1953', '19th June, 1953', '19-06-1953', 'June 19th, 1953']"
2004,December,21,"['21 Dec 2004', '2004-12-21', '21/12/2004', '21st December, 2004', '21-12-2004', '12/21/2004']"
1990,May,23,"['1990-05-23', '23 May 1990', '23rd May, 1990', '23-05-1990', '05/23/1990', 'May 23rd, 1990', '1990/05/23']"
1937,October,6,"['6th October, 1937', '1937/10/06']"
2069,April,8,"['2069-04-08', '08-04-2069', '08/04/2069', '08 Apr 2069', '8th April, 2069', 'April 8th, 2069', '04/08/2069']"
2008,December,25,"['25 Dec 2008', '2008/12/25', '2008-12-25', 'December 25th, 2008', '25/12/2008']"
1973,February,9,"['February 9th, 1973', '09 Feb 1973', '9th February, 1973', '02/09/1973', '1973/02/09', '09-02-1973', '1973-02-09', '09/02/1973']"
1903,October,15,"['1903/10/15', '15 Oct 1903', '10/15/1903']"
1962,June,7,"['07 Jun 1962', '07-06-1962', '7th June, 1962', '06/07/1962']"
1996,March,18,"['18/03/1996', '1996/03/18', '18th March, 1996', '03/18/1996']"
1997,August,31,"['August 31st, 1997', '31-08-1997', '1997/08/31', '31st August, 1997']"
1902,December,28,"['28 Dec 1902', '28th December, 1902', '1902/12/28', '28-12-1902']"
2078,June,2,['06/02/2078']
1969,November,22,"['22-11-1969', '1969-11-22', '22 Nov 1969', 'November 22nd, 1969', '22nd November, 1969']"
1963,November,19,"['November 19th, 1963', '1963-11-19', '19/11/1963', '11/19/1963', '19 Nov 1963', '19th November, 1963']"
1995,April,3,"['April 3rd, 1995']"
2038,April,19,"['19th April, 2038', '2038-04-19', 'April 19th, 2038', '19 Apr 2038', '2038/04/19']"
1915,May,29,"['1915/05/29', '1915-05-29', '29-05-1915']"
2012,February,18,"['February 18th, 2012', '18-02-2012', '2012/02/18', '02/18/2012', '18 Feb 2012', '18/02/2012']"
2099,May,7,"['May 7th, 2099', '07/05/2099', '07 May 2099', '7th May, 2099']"
1926,January,31,"['January 31st, 1926', '31st January, 1926', '31 Jan 1926', '1926-01-31', '31-01-1926']"
2054,April,5,"['April 5th, 2054', '04/05/2054', '2054-04-05', '05 Apr 2054', '05/04/2054']"
1924,June,19,"['1924/06/19', '06/19/1924', 'June 19th, 1924']"
1925,January,10,"['1925/01/10', '01/10/1925', '10 Jan 1925', 'January 10th, 1925', '10th January, 1925', '1925-01-10', '10-01-1925']"
2072,January,28,"['2072-01-28', '28th January, 2072', '28 Jan 2072', '01/28/2072', '28/01/2072', 'January 28th, 2072', '28-01-2072', '2072/01/28']"
1963,April,7,"['7th April, 1963', '1963-04-07', '07/04/1963', '07 Apr 1963', 'April 7th, 1963']"
2067,June,26,"['June 26th, 2067', '26 Jun 2067']"
1917,December,4,"['12/04/1917', '4th December, 1917', 'December 4th, 1917', '04-12-1917', '1917/12/04']"
2069,May,5,"['2069/05/05', '05 May 2069', 'May 5th, 2069', '05/05/2069', '05/05/2069', '05-05-2069']"
1995,August,26,"['26th August, 1995', '26/08/1995', 'August 26th, 1995', '08/26/1995', '1995/08/26', '26-08-1995']"
1930,December,6,['12/06/1930']
2016,February,5,"['02/05/2016', '05 Feb 2016', '2016-02-05', 'February 5th, 2016', '2016/02/05', '05/02/2016', '05-02-2016', '5th February, 2016']"
2015,March,8,"['2015/03/08', '08-03-2015', '03/08/2015', '2015-03-08', '08/03/2015', '8th March, 2015', '08 Mar 2015', 'March 8th, 2015']"
2004,September,24,"['2004/09/24', 'September 24th, 2004', '2004-09-24', '24-09-2004', '09/24/2004']"
2092,August,12,"['2092-08-12', 'August 12th, 2092', '12-08-2092', '12 Aug 2092', '12/08/2092', '12th August, 2092']"
1924,July,21,"['07/21/1924', '21 Jul 1924', '1924-07-21', 'July 21st, 1924', '21/07/1924']"
2089,January,8,['08/01/2089']
2027,November,18,"['11/18/2027', '2027/11/18']"
1906,July,17,"['17/07/1906', 'July 17th, 1906', '1906/07/17', '1906-07-17', '17th July, 1906']"
2058,March,30,"['30-03-2058', 'March 30th, 2058', '03/30/2058', '2058-03-30', '30th March, 2058', '30 Mar 2058', '30/03/2058']"
2088,May,20,"['05/20/2088', '20-05-2088', '2088/05/20', '20/05/2088', '20th May, 2088', 'May 20th, 2088', '2088-05-20', '20 May 2088']"
1978,December,22,"['22nd December, 1978', '12/22/1978', '22 Dec 1978', '1978-12-22', 'December 22nd, 1978', '22-12-1978', '1978/12/22', '22/12/1978']"
2048,January,3,"['3rd January, 2048', 'January 3rd, 2048', '2048/01/03', '03-01-2048']"
2096,March,27,"['27th March, 2096', '27/03/2096', 'March 27th, 2096', '2096-03-27', '03/27/2096', '27-03-2096', '27 Mar 2096', '2096/03/27']"
2072,August,3,"['03/08/2072', '3rd August, 2072', '03 Aug 2072', '03-08-2072', '08/03/2072', '2072-08-03']"
1952,March,3,"['03 Mar 1952', '3rd March, 1952', '03/03/1952', '1952/03/03', '03-03-1952']"
2095,December,25,"['2095/12/25', '2095-12-25', '12/25/2095', 'December 25th, 2095', '25 Dec 2095', '25-12-2095', '25th December, 2095']"
2087,March,17,"['2087-03-17', '17 Mar 2087', 'March 17th, 2087', '2087/03/17', '03/17/2087', '17th March, 2087']"
1955,July,15,"['1955/07/15', '15/07/1955']"
2081,January,5,"['5th January, 2081', '05/01/2081', '05-01-2081', '05 Jan 2081', '2081-01-05', '01/05/2081', 'January 5th, 2081']"
1963,July,6,"['6th July, 1963', '1963-07-06', '06/07/1963', 'July 6th, 1963']"
2059,November,12,"['12th November, 2059', '11/12/2059', 'November 12th, 2059', '2059-11-12', '12 Nov 2059', '2059/11/12', '12/11/2059']"
2068,August,24,"['24 Aug 2068', '24/08/2068', '2068-08-24', '08/24/2068']"
1964,November,24,"['November 24th, 1964', '24-11-1964']"
1949,June,27,"['1949-06-27', '27th June, 1949', 'June 27th, 1949', '27/06/1949', '27 Jun 1949', '06/27/1949']"
1976,January,24,"['1976/01/24', 'January 24th, 1976', '24th January, 1976', '24-01-1976', '1976-01-24']"
1911,July,7,"['07-07-1911', '1911-07-07', 'July 7th, 1911', '1911/07/07', '7th July, 1911']"
2053,July,18,"['18-07-2053', '07/18/2053', '18/07/2053', '2053/07/18']"
2023,August,21,"['21st August, 2023']"
2097,December,10,"['10/12/2097', '10th December, 2097', 'December 10th, 2097']"
1968,September,20,"['20 Sep 1968', '20/09/1968']"
1979,December,21,"['1979/12/21', '21-12-1979', '21/12/1979', '1979-12-21', '21st December, 1979']"
1952,October,16,"['10/16/1952', '16-10-1952', '16th October, 1952', '1952/10/16', '16 Oct 1952']"
1989,May,1,"['1989-05-01', '01/05/1989', '05/01/1989', '01 May 1989']"
1957,March,10,"['1957/03/10', 'March 10th, 1957', '03/10/1957']"
1903,April,13,"['April 13th, 1903', '13th April, 1903', '13-04-1903', '1903/04/13', '1903-04-13', '04/13/1903', '13 Apr 1903']"
2077,March,18,"['18-03-2077', 'March 18th, 2077', '2077-03-18', '18/03/2077', '18th March, 2077', '18 Mar 2077', '03/18/2077', '2077/03/18']"
2029,September,4,"['04-09-2029', '4th September, 2029', '09/04/2029', '04/09/2029', 'September 4th, 2029']"
2058,September,5,"['5th September, 2058', '05 Sep 2058', '09/05/2058', '2058-09-05']"
2000,December,25,"['25 Dec 2000', '25-12-2000', '2000-12-25', '25th December, 2000', '2000/12/25', 'December 25th, 2000']"
1959,January,6,['06 Jan 1959']
1938,November,15,['15-11-1938']
1937,August,10,"['10th August, 1937', '1937-08-10', '08/10/1937', '10-08-1937', '1937/08/10', '10 Aug 1937', 'August 10th, 1937', '10/08/1937']"
1944,July,24,"['24th July, 1944', 'July 24th, 1944', '1944/07/24', '1944-07-24']"
1973,May,18,"['1973-05-18', 'May 18th, 1973', '05/18/1973', '1973/05/18', '18th May, 1973', '18/05/1973', '18 May 1973', '18-05-1973']"
1966,March,20,"['20 Mar 1966', '20th March, 1966', '20/03/1966', '1966/03/20', '03/20/1966', '20-03-1966']"
1943,April,20,"['20-04-1943', '1943-04-20', '20th April, 1943', 'April 20th, 1943', '20 Apr 1943', '20/04/1943', '1943/04/20']"
1973,April,11,"['11-04-1973', '1973-04-11', '11th April, 1973']"
2002,April,1,['2002/04/01']
1920,March,20,"['20th March, 1920', '20-03-1920', '1920-03-20']"
2056,October,21,"['2056/10/21', '21/10/2056', '10/21/2056', '21st October, 2056', 'October 21st, 2056', '2056-10-21']"
2057,May,15,"['May 15th, 2057', '15-05-2057']"
2072,June,20,"['June 20th, 2072', '2072/06/20', '20th June, 2072', '20-06-2072', '20 Jun 2072', '2072-06-20', '20/06/2072', '06/20/2072']"
1958,September,7,"['09/07/1958', '1958/09/07']"
2098,January,19,"['19/01/2098', '19-01-2098', '2098/01/19', '19th January, 2098']"
2098,August,31,"['August 31st, 2098', '31 Aug 2098', '08/31/2098', '31/08/2098', '2098/08/31', '31st August, 2098', '31-08-2098']"
2066,July,16,"['2066-07-16', '16 Jul 2066', '16/07/2066', '16-07-2066', '16th July, 2066']"
2076,December,2,['2076-12-02']
2080,August,2,"['08/02/2080', '2080-08-02', 'August 2nd, 2080', '02-08-2080']"
2042,May,7,"['07 May 2042', '07/05/2042', '2042/05/07', 'May 7th, 2042', '2042-05-07']"
2061,December,12,"['2061/12/12', '12 Dec 2061', 'December 12th, 2061', '12/12/2061', '12/12/2061', '2061-12-12']"
2039,July,18,"['July 18th, 2039', '18th July, 2039', '18-07-2039', '18 Jul 2039', '2039-07-18', '07/18/2039', '2039/07/18']"
2042,March,4,"['2042/03/04', '2042-03-04', '04 Mar 2042', '04/03/2042', '4th March, 2042', '04-03-2042', 'March 4th, 2042', '03/04/2042']"
1945,July,6,"['07/06/1945', '1945-07-06', '06-07-1945', '1945/07/06']"
1986,September,6,"['6th September, 1986', 'September 6th, 1986', '1986-09-06', '06/09/1986', '06 Sep 1986']"
2004,July,18,"['18-07-2004', '07/18/2004', '2004-07-18', 'July 18th, 2004', '2004/07/18']"
1912,January,11,"['1912/01/11', '1912-01-11', 'January 11th, 1912', '11th January, 1912', '11-01-1912', '01/11/1912', '11/01/1912', '11 Jan 1912']"
2040,July,2,"['2040-07-02', 'July 2nd, 2040', '02/07/2040', '2nd July, 2040', '2040/07/02', '07/02/2040']"
1988,February,7,['1988/02/07']
1962,September,7,"['7th September, 1962', '1962-09-07', '09/07/1962', '07-09-1962', 'September 7th, 1962']"
2073,July,4,"['2073/07/04', '4th July, 2073', '04-07-2073']"
1932,May,25,"['May 25th, 1932', '25-05-1932', '25/05/1932', '25 May 1932', '25th May, 1932', '05/25/1932', '1932/05/25', '1932-05-25']"
1907,November,15,"['11/15/1907', 'November 15th, 1907']"
2087,November,22,"['22 Nov 2087', '11/22/2087']"
2011,April,23,['04/23/2011']
1939,January,10,"['January 10th, 1939', '1939/01/10', '10 Jan 1939', '10-01-1939']"
2077,August,8,"['2077/08/08', '08-08-2077', '08/08/2077']"
1965,August,5,"['1965-08-05', '1965/08/05', '05/08/1965', '5th August, 1965', 'August 5th, 1965', '08/05/1965', '05 Aug 1965', '05-08-1965']"
2059,June,11,"['2059/06/11', 'June 11th, 2059']"
2057,March,26,"['26-03-2057', '26 Mar 2057', 'March 26th, 2057', '03/26/2057', '2057/03/26', '26th March, 2057']"
2032,October,23,"['23/10/2032', '2032/10/23', '23 Oct 2032', '23rd October, 2032', '2032-10-23']"
2094,July,18,"['18/07/2094', '18th July, 2094', '18-07-2094', 'July 18th, 2094', '07/18/2094', '2094/07/18']"
1913,April,8,"['08-04-1913', '08 Apr 1913', '8th April, 1913', '1913/04/08']"
1992,December,7,"['1992/12/07', '1992-12-07', 'December 7th, 1992', '07 Dec 1992', '07-12-1992', '7th December, 1992', '12/07/1992', '07/12/1992']"
2039,May,15,"['15-05-2039', '15/05/2039', '15 May 2039', 'May 15th, 2039', '2039/05/15']"
1929,June,14,"['14/06/1929', '14 Jun 1929', '1929-06-14', '06/14/1929', '14th June, 1929', '14-06-1929', 'June 14th, 1929', '1929/06/14']"
1958,July,27,"['July 27th, 1958']"
2075,May,28,"['28/05/2075', 'May 28th, 2075', '28-05-2075', '28 May 2075', '2075/05/28']"
2091,May,3,"['2091/05/03', '2091-05-03', 'May 3rd, 2091', '3rd May, 2091', '05/03/2091', '03 May 2091']"
1981,March,26,['26-03-1981']
1998,January,13,"['13-01-1998', '13/01/1998', '1998-01-13', 'January 13th, 1998', '1998/01/13', '13 Jan 1998', '13th January, 1998', '01/13/1998']"
1924,December,24,"['24/12/1924', 'December 24th, 1924', '12/24/1924']"
2028,July,3,"['03-07-2028', 'July 3rd, 2028']"
2062,September,2,"['02/09/2062', '2nd September, 2062', '09/02/2062', 'September 2nd, 2062']"
2095,December,5,"['12/05/2095', 'December 5th, 2095', '05/12/2095']"
2032,October,5,"['05-10-2032', '05/10/2032']"
1912,April,4,"['1912/04/04', '1912-04-04', 'April 4th, 1912', '04 Apr 1912', '04-04-1912', '04/04/1912']"
1943,August,29,['1943-08-29']
2091,May,18,"['05/18/2091', '18/05/2091']"
2027,July,7,"['2027/07/07', '07-07-2027', 'July 7th, 2027', '07/07/2027', '07 Jul 2027']"
1993,August,17,['17-08-1993']
1909,April,16,"['04/16/1909', '1909/04/16', '16/04/1909', '16 Apr 1909', '16-04-1909', 'April 16th, 1909']"
2082,January,13,['13-01-2082']
2038,January,26,"['26 Jan 2038', '2038/01/26', 'January 26th, 2038', '26-01-2038', '26/01/2038', '2038-01-26']"
2000,May,18,"['18/05/2000', '18-05-2000', '18 May 2000']"
2045,December,1,['01/12/2045']
1975,May,8,"['08 May 1975', '1975/05/08']"
2032,May,14,"['14 May 2032', '2032-05-14', '14th May, 2032', 'May 14th, 2032', '14/05/2032', '14-05-2032']"
1901,September,8,"['8th September, 1901', '08 Sep 1901', '08/09/1901', '08-09-1901', '09/08/1901']"
2057,April,15,"['15 Apr 2057', '15/04/2057', '15th April, 2057', '15-04-2057', '2057-04-15', '04/15/2057', '2057/04/15']"
1988,September,30,"['30th September, 1988', '1988/09/30', '09/30/1988', '30/09/1988', 'September 30th, 1988', '1988-09-30']"
1936,April,5,"['05/04/1936', '5th April, 1936', '05 Apr 1936', 'April 5th, 1936', '1936/04/05', '04/05/1936']"
2052,December,1,"['12/01/2052', '2052/12/01']"
2067,July,14,"['2067/07/14', '14 Jul 2067', '14/07/2067', 'July 14th, 2067', '07/14/2067']"
2050,June,11,"['11th June, 2050', '2050-06-11', '11/06/2050', 'June 11th, 2050', '11-06-2050']"
1955,September,17,"['17th September, 1955', '17-09-1955', 'September 17th, 1955', '17 Sep 1955', '1955/09/17']"
1930,January,17,"['17th January, 1930', '17/01/1930', '17-01-1930', 'January 17th, 1930', '01/17/1930', '17 Jan 1930', '1930-01-17']"
1961,March,28,"['March 28th, 1961', '28 Mar 1961', '28/03/1961', '28th March, 1961', '28-03-1961', '1961/03/28', '03/28/1961']"
2021,August,28,"['08/28/2021', '28th August, 2021', 'August 28th, 2021', '28 Aug 2021', '2021-08-28', '28-08-2021', '28/08/2021']"
2089,April,3,"['3rd April, 2089', '03-04-2089', '2089/04/03', '04/03/2089', '03 Apr 2089', '03/04/2089', 'April 3rd, 2089']"
1999,August,14,"['14th August, 1999', '14 Aug 1999', '08/14/1999', '14-08-1999', '1999-08-14', '1999/08/14']"
2091,July,31,['31/07/2091']
2005,October,11,"['2005/10/11', '11th October, 2005', '10/11/2005', '11-10-2005']"
2042,February,22,"['February 22nd, 2042', '2042-02-22', '22-02-2042', '22/02/2042']"
2002,October,11,"['11 Oct 2002', '11/10/2002']"
1926,October,25,"['25/10/1926', '1926/10/25', '1926-10-25', '25 Oct 1926', '25th October, 1926', '25-10-1926', '10/25/1926']"
1920,February,28,"['28/02/1920', '28 Feb 1920']"
1931,December,23,"['23/12/1931', '23rd December, 1931', '1931/12/23', 'December 23rd, 1931', '12/23/1931', '23 Dec 1931', '1931-12-23', '23-12-1931']"
1962,July,22,"['July 22nd, 1962', '22nd July, 1962', '22-07-1962', '1962/07/22', '1962-07-22', '22 Jul 1962', '07/22/1962', '22/07/1962']"
1986,January,24,['24-01-1986']
2038,February,19,"['19/02/2038', '19-02-2038', '2038-02-19', '2038/02/19', '19th February, 2038']"
1997,December,19,"['19/12/1997', '12/19/1997', 'December 19th, 1997', '19-12-1997', '19 Dec 1997', '1997-12-19', '19th December, 1997']"
2018,July,12,"['12 Jul 2018', '12-07-2018']"
1997,September,2,['02 Sep 1997']
2066,September,24,"['24-09-2066', 'September 24th, 2066', '09/24/2066', '24th September, 2066', '24/09/2066', '2066/09/24']"
1935,June,24,"['24 Jun 1935', '24/06/1935', '1935-06-24', '24-06-1935']"
2075,October,2,"['2nd October, 2075', '02/10/2075', '02 Oct 2075', '10/02/2075', '2075-10-02']"
2007,October,18,"['2007-10-18', '18-10-2007', '18th October, 2007', '18/10/2007', '2007/10/18']"
2002,December,18,"['2002/12/18', '18 Dec 2002', '2002-12-18', 'December 18th, 2002', '18th December, 2002', '18/12/2002']"
2077,July,21,"['21/07/2077', '07/21/2077']"
1961,September,27,"['September 27th, 1961', '09/27/1961', '1961-09-27', '27-09-1961', '1961/09/27']"
2032,May,3,"['03-05-2032', '2032-05-03', '3rd May, 2032']"
2042,April,14,"['2042/04/14', '14th April, 2042', '04/14/2042', '14-04-2042', '14 Apr 2042', 'April 14th, 2042', '14/04/2042', '2042-04-14']"
1916,August,16,"['16th August, 1916', '1916/08/16', 'August 16th, 1916', '16-08-1916']"
2033,December,23,"['12/23/2033', '2033/12/23', '23/12/2033', '23-12-2033', '2033-12-23', '23rd December, 2033']"
2097,January,28,"['28 Jan 2097', '2097-01-28', 'January 28th, 2097', '01/28/2097']"
1921,January,9,"['09-01-1921', '09/01/1921', '1921-01-09']"
1927,March,8,['08/03/1927']
2035,March,11,['11 Mar 2035']
2073,September,25,['25/09/2073']
1974,March,31,"['1974-03-31', '1974/03/31', '31-03-1974', '31st March, 1974']"
2017,September,9,"['09-09-2017', '09/09/2017', 'September 9th, 2017']"
1959,August,21,"['08/21/1959', '21st August, 1959', 'August 21st, 1959', '21-08-1959']"
2001,January,16,"['01/16/2001', '2001-01-16', '2001/01/16']"
1921,February,8,"['08-02-1921', 'February 8th, 1921', '02/08/1921', '08/02/1921', '8th February, 1921', '1921-02-08']"
2052,October,23,"['2052-10-23', '23rd October, 2052']"
2026,March,11,"['2026/03/11', '11-03-2026']"
1940,November,8,"['08-11-1940', 'November 8th, 1940', '8th November, 1940', '11/08/1940', '1940-11-08']"
1907,May,8,"['08-05-1907', 'May 8th, 1907']"
2058,July,4,"['2058-07-04', '07/04/2058', '2058/07/04', '04 Jul 2058', 'July 4th, 2058']"
2001,February,13,"['February 13th, 2001', '2001-02-13', '13 Feb 2001', '2001/02/13', '02/13/2001', '13-02-2001']"
1926,January,8,['1926/01/08']
2096,November,14,"['2096-11-14', '14th November, 2096', '14/11/2096', 'November 14th, 2096', '11/14/2096', '14-11-2096']"
1974,November,6,"['November 6th, 1974', '1974/11/06', '06/11/1974']"
2024,August,25,"['25/08/2024', '2024-08-25', '25 Aug 2024', '08/25/2024', '25-08-2024', '25th August, 2024']"
1971,April,17,"['17/04/1971', '17th April, 1971', '17-04-1971', '1971-04-17', '17 Apr 1971', '1971/04/17', '04/17/1971']"
1933,September,23,"['1933-09-23', '23/09/1933', '09/23/1933', '23-09-1933', '23 Sep 1933', 'September 23rd, 1933', '1933/09/23', '23rd September, 1933']"
1957,August,13,"['13th August, 1957', '1957/08/13', '13/08/1957', '13-08-1957', '08/13/1957', '1957-08-13', '13 Aug 1957', 'August 13th, 1957']"
1934,February,22,"['February 22nd, 1934', '22/02/1934', '1934/02/22']"
2029,December,30,"['2029/12/30', '30th December, 2029', '2029-12-30', '30/12/2029', '30-12-2029', 'December 30th, 2029']"
2075,October,12,"['10/12/2075', '2075-10-12', '12-10-2075', '2075/10/12', '12/10/2075']"
2067,June,15,"['2067-06-15', '15 Jun 2067', '2067/06/15', '15-06-2067', '15/06/2067']"
2034,March,5,"['2034-03-05', '05-03-2034']"
2055,June,9,"['2055-06-09', '2055/06/09', '09-06-2055', 'June 9th, 2055', '9th June, 2055', '09 Jun 2055']"
1985,September,30,"['30 Sep 1985', '1985-09-30', '09/30/1985', '30-09-1985']"
2037,September,20,"['20/09/2037', '20 Sep 2037', '20-09-2037', 'September 20th, 2037', '2037-09-20']"
1932,October,15,"['15th October, 1932', '1932/10/15', '15 Oct 1932', '15-10-1932']"
1906,May,13,"['1906/05/13', '13-05-1906', '13/05/1906']"
1955,August,17,"['1955-08-17', '17-08-1955', '17 Aug 1955', '08/17/1955', '17th August, 1955', 'August 17th, 1955', '1955/08/17', '17/08/1955']"
2093,August,4,"['04/08/2093', '2093-08-04', '4th August, 2093', '04 Aug 2093']"
2001,June,2,"['02/06/2001', '06/02/2001', '2nd June, 2001', '02 Jun 2001']"
1975,April,9,"['1975-04-09', '09 Apr 1975', '09-04-1975', 'April 9th, 1975', '09/04/1975', '04/09/1975', '1975/04/09', '9th April, 1975']"
1929,October,25,"['1929/10/25', '25th October, 1929', '1929-10-25', '25-10-1929', 'October 25th, 1929', '10/25/1929']"
1917,December,24,"['1917/12/24', '24/12/1917', '12/24/1917', '24th December, 1917', '24-12-1917', '24 Dec 1917', 'December 24th, 1917']"
1982,May,9,"['1982-05-09', '09-05-1982', '09/05/1982', '1982/05/09', '9th May, 1982', '09 May 1982', '05/09/1982']"
2049,April,9,"['09-04-2049', '2049-04-09', '2049/04/09', '09/04/2049', 'April 9th, 2049']"
2077,May,17,"['17/05/2077', '17th May, 2077', 'May 17th, 2077', '17-05-2077', '2077/05/17', '17 May 2077', '05/17/2077']"
2003,September,9,"['09/09/2003', '2003/09/09', '09 Sep 2003', '9th September, 2003', '09/09/2003', 'September 9th, 2003']"
1943,October,7,"['07-10-1943', '7th October, 1943', '1943-10-07', '07/10/1943', '10/07/1943', '1943/10/07', '07 Oct 1943', 'October 7th, 1943']"
1930,December,16,"['12/16/1930', '1930/12/16', '16/12/1930']"
2010,November,3,"['3rd November, 2010', '03 Nov 2010', 'November 3rd, 2010']"
2045,April,14,"['14 Apr 2045', '04/14/2045', '14/04/2045', '2045/04/14', '2045-04-14']"
2051,April,14,"['April 14th, 2051', '14/04/2051', '04/14/2051', '14-04-2051', '14 Apr 2051', '2051-04-14']"
2016,December,5,"['2016-12-05', '05-12-2016']"
1972,August,19,"['1972/08/19', 'August 19th, 1972', '1972-08-19']"
1928,September,23,"['1928/09/23', 'September 23rd, 1928', '23 Sep 1928', '23/09/1928', '09/23/1928', '1928-09-23', '23rd September, 1928']"
1931,July,17,"['07/17/1931', '17-07-1931', '1931-07-17', '17 Jul 1931', '1931/07/17']"
2093,January,29,"['2093/01/29', '29/01/2093', '2093-01-29', '01/29/2093']"
1992,March,15,"['15-03-1992', '1992/03/15', '15 Mar 1992', 'March 15th, 1992', '1992-03-15', '15th March, 1992']"
1980,January,3,['01/03/1980']
1932,May,8,"['May 8th, 1932']"
1988,June,29,"['June 29th, 1988']"
2001,March,30,"['30/03/2001', '2001-03-30', '30-03-2001', 'March 30th, 2001']"
1941,December,19,"['December 19th, 1941', '19-12-1941', '12/19/1941', '19 Dec 1941', '19/12/1941', '19th December, 1941', '1941/12/19', '1941-12-19']"
2092,November,30,"['2092/11/30', '30th November, 2092', '11/30/2092', 'November 30th, 2092']"
1949,May,19,"['19th May, 1949', 'May 19th, 1949', '05/19/1949', '19 May 1949', '1949/05/19', '19/05/1949', '19-05-1949', '1949-05-19']"
1969,May,8,"['1969/05/08', 'May 8th, 1969']"
1949,October,30,"['30 Oct 1949', '30-10-1949', '1949-10-30', '1949/10/30', '10/30/1949', '30th October, 1949', 'October 30th, 1949', '30/10/1949']"
1924,May,16,['1924/05/16']
2008,December,3,"['2008-12-03', 'December 3rd, 2008', '03/12/2008', '2008/12/03', '03-12-2008', '3rd December, 2008', '12/03/2008']"
1919,February,26,"['26 Feb 1919', 'February 26th, 1919']"
1978,March,7,"['March 7th, 1978']"
1945,May,26,"['1945-05-26', '26th May, 1945', '1945/05/26', 'May 26th, 1945']"
1934,August,22,"['22-08-1934', '22/08/1934', '22 Aug 1934', '1934/08/22', '1934-08-22', '22nd August, 1934', 'August 22nd, 1934']"
1980,October,11,['11/10/1980']
2093,March,30,"['30/03/2093', '30th March, 2093', '2093-03-30', 'March 30th, 2093', '30-03-2093', '2093/03/30', '30 Mar 2093', '03/30/2093']"
2039,August,2,"['2nd August, 2039']"
1980,March,30,"['30 Mar 1980', 'March 30th, 1980']"
1935,March,14,['1935-03-14']
2098,February,4,"['February 4th, 2098', '04/02/2098', '04 Feb 2098']"
2026,July,12,"['12-07-2026', '12/07/2026', '12th July, 2026', 'July 12th, 2026', '2026-07-12', '07/12/2026']"
1985,April,9,"['09/04/1985', '09-04-1985', '1985-04-09']"
1928,January,21,"['21-01-1928', '01/21/1928']"
1949,March,30,"['30/03/1949', '1949-03-30', '30 Mar 1949', '30th March, 1949', 'March 30th, 1949', '30-03-1949']"
2029,October,28,"['28 Oct 2029', '2029-10-28', '28-10-2029', 'October 28th, 2029', '2029/10/28']"
1971,August,29,"['29/08/1971', '29th August, 1971', '08/29/1971', '29 Aug 1971', '29-08-1971', '1971/08/29']"
2042,May,6,"['May 6th, 2042', '06 May 2042']"
2002,March,16,"['16 Mar 2002', '16/03/2002', 'March 16th, 2002', '16-03-2002', '16th March, 2002', '03/16/2002']"
1982,May,4,"['05/04/1982', 'May 4th, 1982', '1982/05/04', '04-05-1982', '04/05/1982', '04 May 1982']"
1939,April,14,['1939/04/14']
1948,May,15,"['15 May 1948', '15/05/1948', '1948-05-15', '15th May, 1948', 'May 15th, 1948']"
1989,October,11,"['10/11/1989', '1989-10-11', '11th October, 1989', 'October 11th, 1989', '11-10-1989']"
1959,June,12,"['06/12/1959', '12 Jun 1959']"
1905,May,29,"['29 May 1905', '29/05/1905', '29-05-1905', '29th May, 1905', '1905/05/29']"
1968,December,17,"['17 Dec 1968', '1968/12/17', '17th December, 1968']"
2051,February,25,"['February 25th, 2051', '25 Feb 2051', '2051-02-25', '25/02/2051', '02/25/2051', '2051/02/25', '25th February, 2051', '25-02-2051']"
1992,June,1,"['1st June, 1992', '01/06/1992']"
1910,December,13,"['13-12-1910', '1910-12-13']"
1919,August,13,"['13-08-1919', 'August 13th, 1919', '1919/08/13', '08/13/1919', '13th August, 1919', '13/08/1919']"
1927,September,2,"['2nd September, 1927', '02/09/1927', '02 Sep 1927', '1927/09/02', 'September 2nd, 1927']"
1931,April,21,"['21/04/1931', '1931/04/21', '21-04-1931', '1931-04-21', '21st April, 1931', 'April 21st, 1931', '04/21/1931', '21 Apr 1931']"
2004,January,21,"['21-01-2004', '21/01/2004', '21 Jan 2004']"
2079,April,20,"['20-04-2079', 'April 20th, 2079', '20 Apr 2079', '2079-04-20', '04/20/2079', '20/04/2079', '20th April, 2079', '2079/04/20']"
2076,June,13,['13/06/2076']
2071,January,5,['2071/01/05']
1978,May,21,"['21-05-1978', 'May 21st, 1978', '1978/05/21']"
2015,May,9,['2015-05-09']
1917,January,18,"['18 Jan 1917', '1917-01-18', '18/01/1917']"
2070,September,13,"['September 13th, 2070']"
2078,April,30,"['30th April, 2078', '30 Apr 2078', '30-04-2078', 'April 30th, 2078', '2078-04-30']"
2071,November,10,"['November 10th, 2071', '10th November, 2071', '2071-11-10', '11/10/2071', '10-11-2071', '10 Nov 2071']"
1900,July,31,"['July 31st, 1900', '31/07/1900', '31-07-1900', '1900/07/31']"
2063,March,17,"['03/17/2063', 'March 17th, 2063', '17/03/2063', '17 Mar 2063', '17-03-2063', '2063-03-17']"
1979,January,1,"['January 1st, 1979', '01/01/1979', '01/01/1979', '1st January, 1979', '01 Jan 1979', '01-01-1979', '1979-01-01', '1979/01/01']"
2009,November,12,"['12 Nov 2009', '2009/11/12', '12/11/2009', '12-11-2009', '2009-11-12', 'November 12th, 2009', '12th November, 2009', '11/12/2009']"
1938,April,30,"['30/04/1938', 'April 30th, 1938', '30 Apr 1938', '1938-04-30', '04/30/1938']"
1989,March,3,"['1989/03/03', '1989-03-03', '03/03/1989']"
1976,November,5,"['5th November, 1976', '05/11/1976', 'November 5th, 1976', '1976/11/05']"
1951,December,17,"['1951/12/17', '1951-12-17', 'December 17th, 1951', '17th December, 1951', '17 Dec 1951', '12/17/1951', '17/12/1951', '17-12-1951']"
2049,July,30,"['07/30/2049', '2049/07/30', '30th July, 2049', '30/07/2049', '30-07-2049', '2049-07-30', 'July 30th, 2049']"
1915,October,3,"['03-10-1915', 'October 3rd, 1915']"
2033,May,5,"['05 May 2033', '05/05/2033', '2033-05-05']"
1982,September,3,"['09/03/1982', '03-09-1982']"
2055,April,16,"['16-04-2055', 'April 16th, 2055', '2055-04-16']"
1913,May,18,"['18 May 1913', '18-05-1913']"
1972,May,16,"['16-05-1972', '1972/05/16']"
1932,June,21,"['1932/06/21', '21 Jun 1932', '21-06-1932']"
2039,August,23,"['August 23rd, 2039', '08/23/2039', '23/08/2039', '2039/08/23', '23-08-2039', '2039-08-23']"
1951,June,19,"['1951-06-19', '1951/06/19', '19/06/1951', '19 Jun 1951', '19th June, 1951', 'June 19th, 1951']"
1904,July,22,"['22/07/1904', '22 Jul 1904', '22-07-1904', '22nd July, 1904', '1904-07-22', 'July 22nd, 1904', '07/22/1904']"
1917,September,5,"['09/05/1917', '1917-09-05', '5th September, 1917', 'September 5th, 1917', '1917/09/05']"
2013,June,1,"['1st June, 2013', '01-06-2013', '01 Jun 2013', '01/06/2013']"
1926,April,2,"['April 2nd, 1926', '04/02/1926', '1926/04/02']"
1991,July,21,"['1991/07/21', '21 Jul 1991', 'July 21st, 1991', '1991-07-21', '21st July, 1991']"
2072,August,7,"['07-08-2072', '07/08/2072', 'August 7th, 2072', '08/07/2072', '2072/08/07', '7th August, 2072', '07 Aug 2072', '2072-08-07']"
2034,April,7,"['April 7th, 2034', '2034/04/07', '07/04/2034', '04/07/2034', '07 Apr 2034', '2034-04-07', '07-04-2034']"
1944,May,22,"['05/22/1944', '22-05-1944', 'May 22nd, 1944', '22 May 1944']"
1984,September,16,"['September 16th, 1984', '16/09/1984', '16th September, 1984', '16 Sep 1984', '1984/09/16', '09/16/1984', '16-09-1984', '1984-09-16']"
2086,August,1,"['08/01/2086', '01/08/2086', 'August 1st, 2086', '2086-08-01', '01-08-2086', '01 Aug 2086', '1st August, 2086', '2086/08/01']"
2041,February,7,"['07-02-2041', '2041/02/07', '2041-02-07', 'February 7th, 2041', '07 Feb 2041', '02/07/2041']"
1961,March,30,"['1961/03/30', '1961-03-30', '30/03/1961', '30th March, 1961', 'March 30th, 1961']"
2014,December,22,"['22nd December, 2014', '22 Dec 2014', 'December 22nd, 2014', '22-12-2014', '2014/12/22']"
1925,June,5,"['5th June, 1925', '05-06-1925', '1925/06/05', 'June 5th, 1925', '1925-06-05']"
1976,May,26,"['26/05/1976', '1976/05/26', '26 May 1976', '1976-05-26', '05/26/1976', '26th May, 1976', 'May 26th, 1976', '26-05-1976']"
1995,September,9,"['1995/09/09', '09/09/1995', '09-09-1995', '09/09/1995']"
2052,February,21,"['02/21/2052', '21/02/2052']"
2021,December,18,"['12/18/2021', '2021-12-18', '18-12-2021', '18/12/2021', '18th December, 2021']"
2064,April,3,"['2064/04/03', '2064-04-03', 'April 3rd, 2064', '03-04-2064', '3rd April, 2064']"
2046,May,24,"['24th May, 2046', '24 May 2046', '05/24/2046', '24-05-2046']"
2058,February,14,"['14-02-2058', '14th February, 2058', '02/14/2058', '2058-02-14']"
2022,October,23,"['23rd October, 2022', '2022/10/23', '23/10/2022', '2022-10-23', '10/23/2022', '23-10-2022', '23 Oct 2022', 'October 23rd, 2022']"
2065,March,14,"['14th March, 2065', '14-03-2065', '14/03/2065', '2065-03-14', '14 Mar 2065', 'March 14th, 2065']"
2099,January,14,"['2099-01-14', '01/14/2099']"
2085,May,26,"['May 26th, 2085']"
1979,October,10,"['10-10-1979', '1979-10-10', '10th October, 1979', '10/10/1979']"
2084,April,9,"['2084-04-09', 'April 9th, 2084', '9th April, 2084', '04/09/2084', '09/04/2084']"
1948,December,11,"['1948-12-11', '11th December, 1948', '11 Dec 1948', 'December 11th, 1948', '11/12/1948']"
1908,September,15,"['15-09-1908', '09/15/1908', '1908-09-15', '15th September, 1908', 'September 15th, 1908', '1908/09/15', '15/09/1908', '15 Sep 1908']"
2072,April,30,"['30th April, 2072']"
2023,April,9,"['2023-04-09', '09/04/2023', '09 Apr 2023', 'April 9th, 2023']"
2002,October,26,"['26/10/2002', '26th October, 2002']"
1969,June,21,"['21/06/1969', '1969-06-21', '06/21/1969']"
2000,December,7,"['07-12-2000', '7th December, 2000', 'December 7th, 2000', '2000/12/07', '12/07/2000', '2000-12-07']"
2045,January,3,"['01/03/2045', 'January 3rd, 2045', '3rd January, 2045', '03-01-2045']"
1959,March,19,"['1959-03-19', 'March 19th, 1959', '19 Mar 1959', '19-03-1959', '19th March, 1959']"
1905,October,28,"['1905-10-28', '1905/10/28', '28 Oct 1905', '10/28/1905', '28/10/1905']"
1939,April,1,"['1939/04/01', '01/04/1939']"
1943,December,8,"['8th December, 1943']"
1901,June,23,['23-06-1901']
1909,September,3,"['03/09/1909', '03-09-1909', '03 Sep 1909', '1909-09-03', '09/03/1909', '1909/09/03', '3rd September, 1909', 'September 3rd, 1909']"
1978,August,13,"['1978/08/13', '08/13/1978', 'August 13th, 1978']"
1995,September,22,"['22-09-1995', '22/09/1995', 'September 22nd, 1995', '09/22/1995', '22nd September, 1995', '1995/09/22', '22 Sep 1995', '1995-09-22']"
2078,November,29,"['29/11/2078', 'November 29th, 2078', '11/29/2078', '2078-11-29', '29 Nov 2078']"
2091,October,7,['10/07/2091']
2064,September,4,"['04-09-2064', '04/09/2064', 'September 4th, 2064', '2064/09/04', '09/04/2064']"
2006,February,24,"['24 Feb 2006', '24-02-2006', '24/02/2006', 'February 24th, 2006', '2006-02-24', '24th February, 2006']"
1985,July,22,"['July 22nd, 1985', '1985-07-22', '22-07-1985', '07/22/1985', '22 Jul 1985', '22nd July, 1985', '22/07/1985', '1985/07/22']"
2006,February,5,"['05-02-2006', '02/05/2006']"
2031,April,9,"['04/09/2031', '09-04-2031', '2031-04-09', '09/04/2031', '2031/04/09', '9th April, 2031', 'April 9th, 2031', '09 Apr 2031']"
1980,July,10,['10 Jul 1980']
1904,March,22,"['1904/03/22', '03/22/1904', '22nd March, 1904', '1904-03-22']"
1948,January,6,"['06-01-1948', '06/01/1948']"
1957,January,5,"['5th January, 1957', '05/01/1957', '1957-01-05', '05-01-1957', '01/05/1957', 'January 5th, 1957']"
2085,November,17,"['17th November, 2085', '17 Nov 2085', '17-11-2085', '2085/11/17', '11/17/2085', '17/11/2085', 'November 17th, 2085', '2085-11-17']"
2086,March,10,"['10/03/2086', 'March 10th, 2086', '2086-03-10', '10 Mar 2086', '03/10/2086', '10-03-2086']"
1933,November,10,"['1933-11-10', '10 Nov 1933', '10th November, 1933', '10/11/1933']"
2047,November,13,"['11/13/2047', '13 Nov 2047']"
2096,August,11,"['August 11th, 2096', '11-08-2096', '11 Aug 2096', '11/08/2096']"
2097,March,16,"['2097-03-16', '16 Mar 2097', '03/16/2097', '16th March, 2097', '16-03-2097', '2097/03/16', '16/03/2097', 'March 16th, 2097']"
1986,June,27,"['06/27/1986', '1986/06/27', '27th June, 1986', '27 Jun 1986']"
1915,December,8,"['08 Dec 1915', '8th December, 1915', '08-12-1915', '1915-12-08', '08/12/1915', 'December 8th, 1915', '12/08/1915', '1915/12/08']"
2000,September,13,"['09/13/2000', '13th September, 2000', '2000-09-13']"
2069,September,21,['21-09-2069']
1939,March,17,"['17/03/1939', '1939-03-17', 'March 17th, 1939', '17th March, 1939', '1939/03/17', '17 Mar 1939', '03/17/1939', '17-03-1939']"
1992,January,19,"['1992-01-19', '19/01/1992']"
2058,March,2,['03/02/2058']
2057,July,8,"['08 Jul 2057', '07/08/2057', '2057-07-08', '08-07-2057', 'July 8th, 2057', '08/07/2057', '2057/07/08']"
2014,October,30,['30/10/2014']
2027,March,4,"['2027/03/04', '04/03/2027', '04-03-2027', '03/04/2027', 'March 4th, 2027', '4th March, 2027', '04 Mar 2027']"
2091,February,8,"['02/08/2091', 'February 8th, 2091']"
1966,September,17,"['17th September, 1966']"
2073,December,22,"['22 Dec 2073', '2073/12/22', '22-12-2073', 'December 22nd, 2073', '22nd December, 2073', '12/22/2073', '22/12/2073']"
2064,May,27,"['27th May, 2064']"
1920,December,29,"['29/12/1920', '29 Dec 1920']"
1934,August,6,"['06-08-1934', 'August 6th, 1934']"
1993,April,27,"['27 Apr 1993', '1993-04-27', '27/04/1993', 'April 27th, 1993', '1993/04/27']"
1912,November,21,"['1912/11/21', '1912-11-21', '21 Nov 1912', '21/11/1912']"
1975,March,4,"['04-03-1975', '1975/03/04', '4th March, 1975', '04/03/1975', 'March 4th, 1975', '03/04/1975', '04 Mar 1975']"
1998,September,20,"['September 20th, 1998', '1998/09/20', '09/20/1998', '20 Sep 1998']"
2086,August,23,"['2086-08-23', 'August 23rd, 2086', '23rd August, 2086']"
2009,April,22,"['22 Apr 2009', '04/22/2009']"
2034,August,8,"['August 8th, 2034', '08/08/2034', '2034/08/08', '08-08-2034', '2034-08-08', '08 Aug 2034', '08/08/2034']"
2041,December,2,"['December 2nd, 2041', '2041-12-02', '2041/12/02', '12/02/2041', '02 Dec 2041', '02/12/2041', '02-12-2041']"
2027,June,21,"['21 Jun 2027', '2027/06/21', '06/21/2027', '2027-06-21', 'June 21st, 2027', '21-06-2027', '21st June, 2027', '21/06/2027']"
2098,January,18,"['2098/01/18', '18/01/2098', '18th January, 2098', '18 Jan 2098']"
1960,December,5,"['12/05/1960', '1960-12-05', '05/12/1960']"
1949,September,4,['04/09/1949']
1979,December,25,"['1979-12-25', '12/25/1979', 'December 25th, 1979', '25-12-1979', '25 Dec 1979']"
2095,September,12,"['12-09-2095', '12 Sep 2095', '12th September, 2095', 'September 12th, 2095', '12/09/2095', '2095-09-12', '09/12/2095']"
1942,July,10,"['1942/07/10', '1942-07-10', '10-07-1942', '10th July, 1942', 'July 10th, 1942']"
2000,May,12,"['12-05-2000', '12 May 2000', '12th May, 2000', '2000-05-12']"
1959,October,7,"['7th October, 1959', 'October 7th, 1959', '07/10/1959', '1959/10/07']"
1974,November,15,"['15 Nov 1974', '11/15/1974', '15th November, 1974', '15-11-1974', '1974/11/15', 'November 15th, 1974']"
1953,February,21,['21-02-1953']
1966,September,1,"['1966-09-01', 'September 1st, 1966', '01/09/1966', '01 Sep 1966']"
1981,August,6,"['06 Aug 1981', '08/06/1981', '6th August, 1981', '06-08-1981']"
2041,July,13,"['2041-07-13', '13-07-2041', 'July 13th, 2041', '13th July, 2041', '13 Jul 2041']"
2047,September,8,"['08/09/2047', '8th September, 2047', '2047/09/08', '09/08/2047', '08-09-2047', 'September 8th, 2047', '08 Sep 2047', '2047-09-08']"
2066,September,22,"['September 22nd, 2066', '22/09/2066']"
2027,October,3,"['2027/10/03', '3rd October, 2027', 'October 3rd, 2027', '10/03/2027', '2027-10-03', '03-10-2027', '03/10/2027', '03 Oct 2027']"
2039,March,11,"['11th March, 2039', '11/03/2039', '03/11/2039', '11 Mar 2039']"
2053,September,15,"['September 15th, 2053', '09/15/2053', '15/09/2053', '2053-09-15', '15-09-2053', '15th September, 2053', '15 Sep 2053']"
2077,March,8,['08 Mar 2077']
2064,February,1,"['01-02-2064', '2064-02-01', '01/02/2064']"
1990,August,1,"['01/08/1990', '1990/08/01', 'August 1st, 1990', '08/01/1990', '01-08-1990', '1990-08-01', '01 Aug 1990', '1st August, 1990']"
1907,September,18,"['18/09/1907', '18 Sep 1907', 'September 18th, 1907', '1907-09-18', '18-09-1907', '1907/09/18', '09/18/1907', '18th September, 1907']"
1920,November,21,"['1920/11/21', '1920-11-21', 'November 21st, 1920', '21-11-1920', '21st November, 1920']"
1964,March,12,['12/03/1964']
1925,July,15,"['15th July, 1925', '15/07/1925', '1925-07-15']"
1997,March,7,"['1997/03/07', '07/03/1997', '07 Mar 1997']"
2051,April,17,"['17/04/2051', '17th April, 2051', '17 Apr 2051', '2051/04/17', '04/17/2051']"
2099,January,24,"['24th January, 2099', '24 Jan 2099', 'January 24th, 2099']"
1919,January,30,['01/30/1919']
1943,February,25,"['25th February, 1943', '02/25/1943', '1943/02/25', '25 Feb 1943', '25-02-1943', '25/02/1943', '1943-02-25']"
1962,April,18,['18/04/1962']
1917,April,28,"['28th April, 1917', 'April 28th, 1917', '04/28/1917']"
1952,February,21,"['21st February, 1952', 'February 21st, 1952', '1952-02-21', '02/21/1952', '21 Feb 1952', '1952/02/21', '21-02-1952']"
2092,July,5,"['2092-07-05', '05/07/2092', '05-07-2092']"
1915,January,27,"['1915-01-27', '01/27/1915', '27/01/1915', '1915/01/27', '27 Jan 1915', 'January 27th, 1915', '27th January, 1915']"
1901,August,7,"['1901-08-07', '1901/08/07', '08/07/1901', '07/08/1901', '07-08-1901', '07 Aug 1901', '7th August, 1901']"
1917,January,4,"['04/01/1917', '4th January, 1917', '1917/01/04', '1917-01-04']"
2012,August,13,['13/08/2012']
1960,February,7,"['7th February, 1960', '07-02-1960', '02/07/1960']"
1916,September,3,"['3rd September, 1916', '09/03/1916', '03 Sep 1916', '1916/09/03', 'September 3rd, 1916', '03-09-1916']"
1997,September,29,"['29th September, 1997', '1997/09/29', '1997-09-29', '29/09/1997', '29 Sep 1997', '29-09-1997']"
1915,September,2,"['1915-09-02', '02/09/1915', '09/02/1915', '1915/09/02']"
1903,July,27,"['27 Jul 1903', '07/27/1903', '1903-07-27', 'July 27th, 1903', '27-07-1903', '27/07/1903']"
1921,April,3,"['3rd April, 1921', '03-04-1921', '1921/04/03', '03 Apr 1921', 'April 3rd, 1921', '04/03/1921', '1921-04-03', '03/04/1921']"
1919,July,16,"['07/16/1919', 'July 16th, 1919', '16 Jul 1919', '1919-07-16', '16th July, 1919']"
2030,February,6,"['2030/02/06', '06 Feb 2030', 'February 6th, 2030', '6th February, 2030']"
1992,December,31,"['31 Dec 1992', '31st December, 1992']"
1966,May,18,"['18-05-1966', '18 May 1966', 'May 18th, 1966', '18/05/1966', '18th May, 1966', '1966/05/18', '05/18/1966']"
2048,June,15,"['15-06-2048', '15/06/2048', '06/15/2048', '2048-06-15', '2048/06/15', '15 Jun 2048', 'June 15th, 2048']"
1995,April,20,"['20-04-1995', '20th April, 1995', '04/20/1995', '20 Apr 1995', 'April 20th, 1995', '1995/04/20', '1995-04-20']"
2058,July,22,"['2058-07-22', '07/22/2058', '22nd July, 2058', '22-07-2058']"
1988,May,5,"['5th May, 1988', '1988-05-05', '1988/05/05']"
2021,May,23,"['05/23/2021', '2021-05-23', '23/05/2021']"
1921,October,14,"['1921/10/14', '14/10/1921', '10/14/1921', '14-10-1921', '14th October, 1921', 'October 14th, 1921']"
1914,February,15,"['15th February, 1914', '1914/02/15', '15-02-1914', '02/15/1914', '1914-02-15']"
1903,April,15,"['15 Apr 1903', '1903/04/15', 'April 15th, 1903']"
1969,November,5,"['05/11/1969', 'November 5th, 1969']"
1930,January,19,"['1930/01/19', '19 Jan 1930', '19-01-1930', '01/19/1930', '19/01/1930']"
2000,June,4,"['06/04/2000', '04 Jun 2000', '2000/06/04', '2000-06-04', '04/06/2000', '04-06-2000']"
1982,December,23,"['23 Dec 1982', '23-12-1982', '1982/12/23', '23/12/1982', '12/23/1982', '1982-12-23', '23rd December, 1982']"
1953,December,3,"['03/12/1953', '03 Dec 1953', 'December 3rd, 1953', '12/03/1953', '03-12-1953', '1953-12-03']"
1961,January,5,"['01/05/1961', '05-01-1961', '1961/01/05', '05/01/1961', '05 Jan 1961', 'January 5th, 1961', '1961-01-05', '5th January, 1961']"
2089,April,29,"['April 29th, 2089']"
1947,May,1,"['May 1st, 1947', '01 May 1947', '1947/05/01', '01/05/1947', '01-05-1947', '1947-05-01']"
2020,March,14,"['14th March, 2020', '14-03-2020', '14 Mar 2020', '14/03/2020', '2020/03/14', 'March 14th, 2020']"
1981,May,21,['21 May 1981']
1962,June,1,"['June 1st, 1962', '06/01/1962']"
1940,January,10,"['1940-01-10', '01/10/1940', 'January 10th, 1940', '10-01-1940', '1940/01/10', '10/01/1940']"
2084,October,24,"['2084/10/24', '2084-10-24', '10/24/2084', '24-10-2084', '24 Oct 2084']"
1987,September,28,"['28th September, 1987', '28-09-1987', '28/09/1987', '09/28/1987', 'September 28th, 1987', '28 Sep 1987']"
2074,February,24,"['24/02/2074', '24 Feb 2074']"
2049,September,17,"['17-09-2049', '09/17/2049', '2049-09-17', '17 Sep 2049', '2049/09/17', '17/09/2049']"
1966,March,8,"['03/08/1966', '08-03-1966', '1966-03-08', '1966/03/08', '08 Mar 1966', '08/03/1966', 'March 8th, 1966']"
1996,December,12,"['12/12/1996', '12th December, 1996', '12/12/1996']"
2009,April,8,"['08-04-2009', 'April 8th, 2009', '2009/04/08', '2009-04-08', '04/08/2009', '8th April, 2009', '08/04/2009']"
1986,July,16,"['July 16th, 1986', '1986/07/16', '16 Jul 1986', '16th July, 1986', '16/07/1986', '16-07-1986', '1986-07-16']"
1993,March,4,"['04-03-1993', '03/04/1993', '1993-03-04', '4th March, 1993', 'March 4th, 1993', '04 Mar 1993', '1993/03/04', '04/03/1993']"
1935,April,11,"['11th April, 1935']"
1956,May,14,['1956-05-14']
2031,March,6,"['06 Mar 2031', '06-03-2031', '03/06/2031', '2031-03-06', '2031/03/06', '6th March, 2031', 'March 6th, 2031', '06/03/2031']"
2093,June,29,"['2093-06-29', '2093/06/29', '29-06-2093', '29th June, 2093', 'June 29th, 2093']"
1977,January,29,"['29 Jan 1977', '1977/01/29', '01/29/1977', '29-01-1977', '29th January, 1977', '29/01/1977']"
1960,August,7,"['1960-08-07', '1960/08/07', 'August 7th, 1960', '07-08-1960']"
2094,August,23,"['2094/08/23', '08/23/2094', 'August 23rd, 2094', '2094-08-23', '23/08/2094', '23-08-2094', '23rd August, 2094', '23 Aug 2094']"
1947,August,19,"['August 19th, 1947', '19/08/1947', '08/19/1947', '1947/08/19', '1947-08-19', '19-08-1947']"
2076,November,21,"['21-11-2076', 'November 21st, 2076', '2076/11/21', '21st November, 2076', '21 Nov 2076', '21/11/2076', '11/21/2076']"
2064,July,10,"['10-07-2064', '2064-07-10', '10 Jul 2064', '07/10/2064', '10/07/2064', '10th July, 2064', '2064/07/10', 'July 10th, 2064']"
2068,February,29,"['29-02-2068', '29/02/2068', 'February 29th, 2068', '2068/02/29', '29 Feb 2068', '02/29/2068']"
1996,May,31,['1996-05-31']
2026,January,6,"['06/01/2026', '06 Jan 2026', '06-01-2026', '6th January, 2026', '2026/01/06']"
1918,September,3,"['09/03/1918', '03-09-1918', '03 Sep 1918', '3rd September, 1918', 'September 3rd, 1918', '1918-09-03', '1918/09/03', '03/09/1918']"
1957,March,11,"['11th March, 1957', '11 Mar 1957', '03/11/1957']"
2071,November,30,"['30th November, 2071', '2071-11-30', '30-11-2071', 'November 30th, 2071']"
1970,June,20,"['20/06/1970', '1970-06-20', '20th June, 1970']"
1915,June,21,"['21st June, 1915', '06/21/1915', '21/06/1915', 'June 21st, 1915', '21 Jun 1915', '21-06-1915']"
1959,June,17,"['June 17th, 1959', '06/17/1959', '1959-06-17', '17th June, 1959']"
1941,May,18,"['1941/05/18', 'May 18th, 1941', '18-05-1941', '18 May 1941', '05/18/1941', '1941-05-18']"
1933,April,29,"['04/29/1933', '29 Apr 1933', 'April 29th, 1933', '1933-04-29', '29th April, 1933', '29/04/1933']"
2002,October,8,['08 Oct 2002']
1916,January,24,"['1916-01-24', '01/24/1916', '24 Jan 1916', '24/01/1916', '24th January, 1916', 'January 24th, 1916', '24-01-1916']"
1903,November,8,"['8th November, 1903', '11/08/1903', 'November 8th, 1903', '08 Nov 1903', '08/11/1903', '1903/11/08', '08-11-1903']"
1994,September,9,"['09/09/1994', '09-09-1994', '09 Sep 1994', '1994-09-09', '9th September, 1994', '09/09/1994', 'September 9th, 1994']"
1983,October,13,"['10/13/1983', '13 Oct 1983', '13-10-1983', '1983-10-13', '13th October, 1983']"
2044,July,15,"['15/07/2044', '2044-07-15', '07/15/2044', '15th July, 2044', '15-07-2044', 'July 15th, 2044', '15 Jul 2044', '2044/07/15']"
2066,December,27,"['2066/12/27', '27-12-2066', '27th December, 2066', '2066-12-27', '12/27/2066', 'December 27th, 2066', '27/12/2066']"
2025,February,4,"['4th February, 2025', '04 Feb 2025', 'February 4th, 2025', '2025-02-04', '04-02-2025', '02/04/2025', '2025/02/04', '04/02/2025']"
2070,October,18,"['18 Oct 2070', '18-10-2070', '2070/10/18']"
1923,April,30,"['30 Apr 1923', '30-04-1923', '1923-04-30', 'April 30th, 1923', '1923/04/30']"
2090,July,1,"['2090/07/01', '2090-07-01', '01/07/2090']"
2088,April,19,"['19-04-2088', '19/04/2088', 'April 19th, 2088', '2088-04-19']"
2067,August,31,"['31 Aug 2067', 'August 31st, 2067', '31/08/2067', '2067-08-31', '31-08-2067', '31st August, 2067']"
2089,August,16,"['16/08/2089', '16-08-2089', '08/16/2089', '2089/08/16', '16 Aug 2089']"
1994,August,30,"['30-08-1994', '30/08/1994', '1994/08/30', '30 Aug 1994', '08/30/1994', 'August 30th, 1994', '30th August, 1994']"
1950,December,12,"['12/12/1950', '12th December, 1950', '12-12-1950', '12/12/1950', '12 Dec 1950']"
2030,February,8,"['2030/02/08', '8th February, 2030', '02/08/2030', '08/02/2030', '08 Feb 2030']"
1935,April,5,"['05-04-1935', '04/05/1935', '05/04/1935', '05 Apr 1935', '1935-04-05']"
1919,April,14,"['14 Apr 1919', '1919/04/14']"
1906,June,9,"['1906/06/09', '09/06/1906', '9th June, 1906', '06/09/1906', 'June 9th, 1906', '09-06-1906', '09 Jun 1906', '1906-06-09']"
1933,March,29,"['29 Mar 1933', '29-03-1933', '1933/03/29', '29th March, 1933', '03/29/1933', 'March 29th, 1933']"
2094,August,14,"['08/14/2094', '14-08-2094', '2094/08/14', '14/08/2094', 'August 14th, 2094', '14 Aug 2094']"
2003,July,12,"['July 12th, 2003', '07/12/2003']"
2040,September,13,"['2040-09-13', '13 Sep 2040']"
2095,November,27,"['2095-11-27', '2095/11/27', '27 Nov 2095', '27/11/2095', '27-11-2095', '11/27/2095', '27th November, 2095']"
1913,January,23,"['23rd January, 1913', '23/01/1913', '23-01-1913', 'January 23rd, 1913', '1913-01-23', '01/23/1913', '23 Jan 1913']"
1902,October,26,"['26/10/1902', '1902/10/26', '26-10-1902', '26 Oct 1902']"
1985,November,10,"['November 10th, 1985', '11/10/1985', '1985-11-10', '10 Nov 1985', '10/11/1985', '10th November, 1985']"
2066,October,23,"['2066-10-23', '23/10/2066', '2066/10/23', 'October 23rd, 2066', '10/23/2066', '23rd October, 2066', '23-10-2066', '23 Oct 2066']"
1963,September,25,"['25 Sep 1963', '1963/09/25', '25-09-1963', 'September 25th, 1963']"
1931,September,25,['25/09/1931']
2010,November,21,"['21-11-2010', '2010-11-21', '11/21/2010', '21st November, 2010', 'November 21st, 2010', '2010/11/21', '21/11/2010', '21 Nov 2010']"
2052,June,28,"['June 28th, 2052', '28 Jun 2052', '28/06/2052', '28-06-2052', '06/28/2052', '28th June, 2052']"
2064,July,13,"['07/13/2064', '2064/07/13', '13 Jul 2064', '2064-07-13', '13/07/2064']"
1938,March,23,"['03/23/1938', '23rd March, 1938', '1938-03-23', '23/03/1938', '1938/03/23', 'March 23rd, 1938']"
1962,February,11,"['1962/02/11', '11/02/1962', '11-02-1962', '11th February, 1962']"
1934,December,20,"['20 Dec 1934', '12/20/1934', '1934-12-20', '20/12/1934', '1934/12/20']"
1956,August,1,"['1956-08-01', 'August 1st, 1956', '01-08-1956', '1st August, 1956', '01 Aug 1956', '1956/08/01']"
1916,December,28,"['12/28/1916', '28/12/1916', '28-12-1916', '1916/12/28', '1916-12-28', '28th December, 1916', '28 Dec 1916', 'December 28th, 1916']"
2041,October,13,"['October 13th, 2041', '2041-10-13', '13th October, 2041', '2041/10/13', '13 Oct 2041', '10/13/2041', '13/10/2041']"
1956,August,6,"['06-08-1956', '06 Aug 1956']"
1972,July,22,"['July 22nd, 1972', '1972-07-22', '22nd July, 1972']"
2051,October,29,"['29 Oct 2051', '10/29/2051']"
1959,March,25,"['1959-03-25', '25th March, 1959', 'March 25th, 1959']"
2044,December,17,"['17/12/2044', '17th December, 2044']"
1927,February,16,"['16-02-1927', '1927-02-16', '02/16/1927', '16th February, 1927', '1927/02/16', 'February 16th, 1927']"
2064,October,7,"['07 Oct 2064', '07/10/2064', '10/07/2064', '7th October, 2064', '2064/10/07', 'October 7th, 2064', '2064-10-07']"
1946,February,27,"['27th February, 1946', 'February 27th, 1946', '27-02-1946', '1946-02-27', '27 Feb 1946', '02/27/1946']"
1978,December,16,"['1978/12/16', '16/12/1978', '16th December, 1978', 'December 16th, 1978', '1978-12-16', '12/16/1978', '16 Dec 1978', '16-12-1978']"
1969,July,4,"['1969-07-04', '1969/07/04', '04 Jul 1969', 'July 4th, 1969', '04/07/1969', '4th July, 1969']"
1919,April,12,"['April 12th, 1919']"
2073,May,28,"['28-05-2073', '28/05/2073']"
1984,May,13,"['05/13/1984', 'May 13th, 1984', '13 May 1984', '1984-05-13', '13-05-1984', '13th May, 1984', '13/05/1984', '1984/05/13']"
1918,August,15,['15-08-1918']
1978,May,20,"['20th May, 1978', '1978/05/20', '20/05/1978', '20 May 1978', 'May 20th, 1978', '05/20/1978']"
1908,January,26,"['26 Jan 1908', '1908-01-26', '26-01-1908', '01/26/1908', '26th January, 1908', 'January 26th, 1908']"
2039,January,22,"['22/01/2039', '22-01-2039', '22nd January, 2039', '2039/01/22', '01/22/2039']"
2000,December,17,['2000/12/17']
1908,August,1,"['1908-08-01', '1908/08/01', 'August 1st, 1908']"
2048,May,18,"['18 May 2048', '2048/05/18', '18/05/2048', 'May 18th, 2048']"
1997,September,16,"['September 16th, 1997', '09/16/1997', '16/09/1997']"
2099,October,30,"['2099-10-30', '30/10/2099', '30 Oct 2099', '10/30/2099', 'October 30th, 2099', '2099/10/30', '30th October, 2099']"
2052,January,13,"['01/13/2052', '13 Jan 2052']"
1943,October,21,"['21 Oct 1943', '21st October, 1943', '1943/10/21', '10/21/1943']"
2067,November,30,"['30 Nov 2067', '2067/11/30', '2067-11-30', '30th November, 2067', '30-11-2067']"
2027,December,16,"['2027/12/16', '16 Dec 2027', 'December 16th, 2027']"
1917,July,8,"['1917/07/08', '8th July, 1917', 'July 8th, 1917', '08/07/1917', '07/08/1917', '1917-07-08']"
1949,April,17,"['17-04-1949', '17th April, 1949']"
2061,May,14,"['2061/05/14', '14-05-2061', '05/14/2061']"
2080,February,7,"['07/02/2080', '7th February, 2080']"
1904,February,16,"['1904/02/16', '1904-02-16', '02/16/1904', '16 Feb 1904', '16/02/1904', 'February 16th, 1904', '16-02-1904', '16th February, 1904']"
2036,September,15,"['15 Sep 2036', '15-09-2036', '15th September, 2036', '2036/09/15', '09/15/2036']"
1951,March,5,['05 Mar 1951']
2057,February,16,"['16 Feb 2057', '16-02-2057']"
2018,May,6,"['May 6th, 2018', '06/05/2018', '6th May, 2018', '2018/05/06']"
2061,July,15,"['15th July, 2061', '15 Jul 2061']"
2081,December,13,"['12/13/2081', '2081-12-13']"
2080,March,15,"['2080/03/15', 'March 15th, 2080', '15 Mar 2080']"
1939,March,8,"['08-03-1939', '08/03/1939']"
1929,April,11,"['11th April, 1929', 'April 11th, 1929', '11-04-1929', '11/04/1929']"
2064,August,8,"['2064/08/08', '08/08/2064', '08-08-2064', '8th August, 2064']"
1976,February,7,"['February 7th, 1976', '07/02/1976', '7th February, 1976', '1976/02/07', '07-02-1976', '07 Feb 1976']"
1957,August,19,"['19 Aug 1957', '1957/08/19', '08/19/1957', '19/08/1957', '19-08-1957', '1957-08-19', 'August 19th, 1957']"
1976,December,16,"['16/12/1976', '16th December, 1976', '1976-12-16', 'December 16th, 1976', '1976/12/16', '16 Dec 1976']"
1964,October,27,"['27/10/1964', '27 Oct 1964', 'October 27th, 1964', '10/27/1964', '1964/10/27', '1964-10-27', '27-10-1964']"
2079,April,6,"['April 6th, 2079', '04/06/2079', '2079/04/06', '06/04/2079']"
2036,July,2,"['02-07-2036', '2036-07-02', '2036/07/02', '2nd July, 2036']"
2009,January,25,"['25-01-2009', '01/25/2009', '2009-01-25', '25th January, 2009', '2009/01/25', '25/01/2009']"
2000,October,24,"['24/10/2000', 'October 24th, 2000']"
2048,April,14,"['April 14th, 2048', '14 Apr 2048', '04/14/2048']"
1939,January,2,"['2nd January, 1939', '1939-01-02', '02-01-1939', 'January 2nd, 1939']"
1910,July,13,"['1910/07/13', '13th July, 1910', 'July 13th, 1910']"
1913,March,3,"['03-03-1913', '03 Mar 1913']"
2098,April,23,"['April 23rd, 2098', '2098/04/23', '23 Apr 2098', '2098-04-23', '23rd April, 2098', '04/23/2098', '23-04-2098', '23/04/2098']"
2099,March,21,"['03/21/2099', '2099-03-21', '21/03/2099', '2099/03/21']"
2034,February,11,"['2034-02-11', '02/11/2034']"
1916,October,22,"['22 Oct 1916', '10/22/1916', '1916-10-22', '22/10/1916']"
1934,August,7,"['1934/08/07', '08/07/1934', '07-08-1934']"
2018,December,9,"['December 9th, 2018', '2018-12-09', '2018/12/09']"
2010,September,30,"['2010-09-30', '30th September, 2010', '30-09-2010', '2010/09/30', '30 Sep 2010', '30/09/2010', '09/30/2010', 'September 30th, 2010']"
2032,June,28,"['28/06/2032', '28 Jun 2032', '2032-06-28', '2032/06/28', 'June 28th, 2032', '28th June, 2032', '28-06-2032', '06/28/2032']"
1948,September,28,"['1948/09/28', '28 Sep 1948', '28/09/1948', '28th September, 1948', '09/28/1948', '1948-09-28', 'September 28th, 1948', '28-09-1948']"
2095,December,8,"['2095/12/08', '2095-12-08', '12/08/2095', '8th December, 2095', '08-12-2095']"
1916,January,7,"['01/07/1916', '07/01/1916', '1916/01/07', '07 Jan 1916', '7th January, 1916', '07-01-1916', 'January 7th, 1916']"
1971,March,17,"['17 Mar 1971', '1971-03-17', '17th March, 1971', '1971/03/17', '17-03-1971', 'March 17th, 1971', '03/17/1971', '17/03/1971']"
2024,June,17,"['2024/06/17', '17 Jun 2024', '17-06-2024', '17/06/2024', '17th June, 2024', '06/17/2024', 'June 17th, 2024', '2024-06-17']"
1921,July,18,"['1921/07/18', 'July 18th, 1921', '18th July, 1921']"
2082,March,13,['2082/03/13']
1965,October,3,"['03-10-1965', '1965/10/03', '1965-10-03', '10/03/1965']"
1918,October,23,"['23-10-1918', '23rd October, 1918', '10/23/1918']"
1959,December,15,"['15/12/1959', '1959-12-15', '1959/12/15']"
1966,February,12,"['12th February, 1966', '12 Feb 1966', '12/02/1966', '1966/02/12', '02/12/1966']"
1914,August,16,['16 Aug 1914']
2023,June,3,"['2023/06/03', '3rd June, 2023', '2023-06-03', '03 Jun 2023', '03/06/2023']"
1902,May,13,"['13-05-1902', '13 May 1902', '1902-05-13', '05/13/1902', '13/05/1902', '1902/05/13', '13th May, 1902', 'May 13th, 1902']"
2005,February,8,"['02/08/2005', '2005/02/08', '8th February, 2005', 'February 8th, 2005', '2005-02-08', '08/02/2005', '08 Feb 2005']"
1901,June,18,"['June 18th, 1901', '06/18/1901', '18/06/1901', '18 Jun 1901', '18-06-1901', '1901/06/18', '18th June, 1901']"
1908,March,19,"['19-03-1908', 'March 19th, 1908']"
2091,October,11,"['10/11/2091', '11/10/2091', '11 Oct 2091', '2091/10/11']"
1931,January,1,"['1st January, 1931', '01/01/1931']"
2061,May,23,['2061/05/23']
1918,June,25,"['25 Jun 1918', '25-06-1918', 'June 25th, 1918', '1918/06/25']"
2038,September,16,"['09/16/2038', '16-09-2038', '2038/09/16', '16th September, 2038', '16/09/2038', '2038-09-16', 'September 16th, 2038']"
1987,January,23,"['1987/01/23', '23rd January, 1987', '23/01/1987', '1987-01-23', '01/23/1987']"
1999,December,20,"['20-12-1999', 'December 20th, 1999', '12/20/1999', '1999/12/20', '20/12/1999']"
2083,November,23,"['23/11/2083', '23rd November, 2083', '2083/11/23', '2083-11-23']"
1955,September,4,"['4th September, 1955', '09/04/1955', 'September 4th, 1955', '04-09-1955', '1955/09/04']"
2077,November,22,"['November 22nd, 2077', '11/22/2077', '22 Nov 2077', '2077-11-22', '2077/11/22', '22nd November, 2077']"
2038,November,9,"['09-11-2038', '2038/11/09', 'November 9th, 2038', '09/11/2038']"
1966,August,17,"['17/08/1966', '17th August, 1966', '08/17/1966', '1966-08-17', '1966/08/17', 'August 17th, 1966', '17-08-1966']"
2098,January,24,"['24th January, 2098', 'January 24th, 2098', '24/01/2098', '01/24/2098', '2098-01-24', '24-01-2098', '24 Jan 2098', '2098/01/24']"
1903,January,14,"['14 Jan 1903', '01/14/1903', '1903/01/14', '1903-01-14', 'January 14th, 1903', '14-01-1903']"
1971,April,15,"['15/04/1971', '1971/04/15', '15 Apr 1971', '04/15/1971', 'April 15th, 1971', '15th April, 1971', '1971-04-15']"
1980,September,29,"['29/09/1980', '29th September, 1980']"
2000,June,27,"['2000-06-27', '27/06/2000', '2000/06/27', '06/27/2000', 'June 27th, 2000', '27-06-2000', '27 Jun 2000']"
1910,July,3,"['July 3rd, 1910']"
1937,August,5,"['5th August, 1937', '1937-08-05', 'August 5th, 1937', '1937/08/05', '05-08-1937', '08/05/1937']"
2019,January,16,['16/01/2019']
2019,January,7,"['7th January, 2019', '07-01-2019', '07/01/2019', '2019-01-07']"
1915,October,22,"['October 22nd, 1915', '22nd October, 1915', '10/22/1915', '1915-10-22', '1915/10/22', '22-10-1915', '22/10/1915', '22 Oct 1915']"
1987,March,13,"['1987-03-13', '13-03-1987']"
2004,October,18,"['10/18/2004', '18th October, 2004', '18/10/2004', '18 Oct 2004', '2004/10/18', '18-10-2004', 'October 18th, 2004']"
1974,August,29,"['29th August, 1974', '29 Aug 1974', 'August 29th, 1974', '29/08/1974']"
2080,May,18,['18 May 2080']
1980,October,10,"['10 Oct 1980', 'October 10th, 1980', '1980/10/10', '10/10/1980']"
2001,October,30,"['10/30/2001', '30 Oct 2001', '30th October, 2001', '30-10-2001', '2001-10-30']"
1965,April,7,"['07-04-1965', '07 Apr 1965']"
1983,April,30,"['30th April, 1983', '30/04/1983', '30-04-1983', '04/30/1983']"
2006,March,4,"['4th March, 2006', '2006/03/04', '03/04/2006', '04-03-2006', '04 Mar 2006']"
1920,May,3,"['1920/05/03', '05/03/1920']"
1947,July,20,"['1947-07-20', '1947/07/20', '20 Jul 1947', 'July 20th, 1947', '20/07/1947', '20th July, 1947', '07/20/1947']"
1946,November,30,"['1946/11/30', '30/11/1946', '1946-11-30', 'November 30th, 1946', '11/30/1946', '30th November, 1946', '30-11-1946', '30 Nov 1946']"
2002,September,7,"['07-09-2002', '2002/09/07', '7th September, 2002', '2002-09-07', '07/09/2002']"
2014,December,27,"['2014/12/27', '27th December, 2014', '27-12-2014', '27 Dec 2014']"
2097,October,2,"['October 2nd, 2097', '2nd October, 2097']"
1967,May,9,"['09 May 1967', '05/09/1967', '9th May, 1967', '1967/05/09', '09/05/1967', '09-05-1967', '1967-05-09', 'May 9th, 1967']"
1958,September,19,"['1958/09/19', '19-09-1958', '19/09/1958', '1958-09-19', '19th September, 1958', '19 Sep 1958']"
2050,January,23,"['23-01-2050', '01/23/2050', 'January 23rd, 2050', '23 Jan 2050']"
1998,November,30,"['30/11/1998', '1998-11-30', '30-11-1998', '30 Nov 1998']"
2012,June,18,"['06/18/2012', '2012/06/18']"
2005,October,29,"['10/29/2005', '29th October, 2005']"
2036,March,29,"['March 29th, 2036', '29-03-2036', '29th March, 2036', '29/03/2036', '2036/03/29', '29 Mar 2036']"
1940,January,7,"['1940-01-07', '7th January, 1940']"
2096,August,25,"['25th August, 2096', '2096-08-25', '2096/08/25', '25 Aug 2096', 'August 25th, 2096', '08/25/2096', '25-08-2096', '25/08/2096']"
1959,January,3,"['January 3rd, 1959', '1959-01-03', '01/03/1959', '3rd January, 1959', '03-01-1959', '03/01/1959', '03 Jan 1959']"
1982,November,24,"['24-11-1982', '24 Nov 1982', 'November 24th, 1982', '24th November, 1982', '24/11/1982', '1982/11/24', '11/24/1982', '1982-11-24']"
1945,September,13,"['September 13th, 1945']"
1991,September,19,"['19th September, 1991', '09/19/1991', '1991/09/19', '19-09-1991', '1991-09-19', '19 Sep 1991', 'September 19th, 1991', '19/09/1991']"
2069,December,23,['23-12-2069']
2043,March,14,"['March 14th, 2043', '14 Mar 2043', '2043-03-14', '14/03/2043', '03/14/2043', '14-03-2043', '2043/03/14', '14th March, 2043']"
1923,July,11,"['1923/07/11', 'July 11th, 1923', '11-07-1923', '1923-07-11', '11th July, 1923']"
2024,February,29,"['29 Feb 2024', '2024/02/29', '2024-02-29', '02/29/2024', '29th February, 2024', 'February 29th, 2024', '29-02-2024']"
1912,January,16,"['16/01/1912', '16 Jan 1912', '16th January, 1912', '01/16/1912', '1912-01-16']"
2099,October,8,"['08 Oct 2099', '08-10-2099', 'October 8th, 2099', '08/10/2099', '8th October, 2099']"
1952,July,9,"['9th July, 1952', '1952/07/09']"
2066,March,7,"['07-03-2066', '2066/03/07', '2066-03-07', '7th March, 2066', '07 Mar 2066', '03/07/2066', '07/03/2066', 'March 7th, 2066']"
2042,March,27,"['27 Mar 2042', '27/03/2042', '2042/03/27', '27th March, 2042', '03/27/2042', '27-03-2042', '2042-03-27', 'March 27th, 2042']"
1956,October,9,"['1956/10/09', '09 Oct 1956', '09/10/1956', '1956-10-09', 'October 9th, 1956']"
1917,June,2,"['1917/06/02', '02/06/1917', '06/02/1917', '1917-06-02', '02 Jun 1917', 'June 2nd, 1917', '02-06-1917']"
1930,October,3,"['1930/10/03', '03-10-1930', '10/03/1930', '1930-10-03', '03/10/1930']"
2044,March,6,"['03/06/2044', '2044-03-06']"
1966,May,27,"['27-05-1966', '1966-05-27', '27 May 1966', 'May 27th, 1966', '27th May, 1966', '1966/05/27', '05/27/1966', '27/05/1966']"
1917,December,26,"['1917-12-26', '1917/12/26']"
2052,July,3,"['2052-07-03', 'July 3rd, 2052']"
1982,October,13,"['13 Oct 1982', 'October 13th, 1982', '13th October, 1982', '13/10/1982', '1982/10/13', '13-10-1982']"
2090,August,21,"['21-08-2090', '08/21/2090', '2090-08-21', '21/08/2090', '2090/08/21', '21 Aug 2090']"
2024,September,9,"['2024-09-09', 'September 9th, 2024', '2024/09/09', '09/09/2024']"
2031,September,2,"['02/09/2031', 'September 2nd, 2031', '09/02/2031', '02 Sep 2031']"
1923,January,24,"['01/24/1923', '24/01/1923']"
1950,February,10,"['February 10th, 1950', '02/10/1950', '10-02-1950', '10/02/1950', '10th February, 1950', '1950-02-10', '1950/02/10', '10 Feb 1950']"
2015,December,26,"['2015-12-26', '2015/12/26', '26/12/2015']"
2082,June,13,"['06/13/2082', '13th June, 2082', '2082/06/13', '13/06/2082', 'June 13th, 2082', '13-06-2082']"
2090,September,10,"['2090/09/10', '09/10/2090']"
2082,September,25,"['25 Sep 2082', '25-09-2082', '2082-09-25', 'September 25th, 2082', '25/09/2082', '09/25/2082']"
2096,May,24,"['24/05/2096', '2096-05-24', '24-05-2096', 'May 24th, 2096', '05/24/2096']"
1957,March,13,"['13/03/1957', '13 Mar 1957', '13th March, 1957', 'March 13th, 1957']"
1924,May,1,"['1924/05/01', '01 May 1924', '1924-05-01', '05/01/1924', 'May 1st, 1924', '01/05/1924']"
1903,April,7,"['07-04-1903', '07/04/1903', 'April 7th, 1903']"
1907,September,2,"['02 Sep 1907', '1907/09/02']"
1914,October,26,['10/26/1914']
2037,January,29,"['29-01-2037', '2037-01-29', '29th January, 2037', '29/01/2037', '2037/01/29', '01/29/2037', '29 Jan 2037']"
2093,August,27,"['2093-08-27', '2093/08/27', 'August 27th, 2093', '27 Aug 2093', '27th August, 2093', '27/08/2093', '27-08-2093', '08/27/2093']"
1946,June,2,"['1946-06-02', '06/02/1946']"
1913,October,28,"['10/28/1913', '28 Oct 1913', 'October 28th, 1913']"
1907,November,11,"['11/11/1907', '11-11-1907']"
1963,April,30,"['1963/04/30', '30-04-1963', '1963-04-30', 'April 30th, 1963', '04/30/1963', '30/04/1963', '30 Apr 1963']"
1986,July,27,"['1986/07/27', '1986-07-27', 'July 27th, 1986', '27/07/1986', '27-07-1986', '27th July, 1986', '07/27/1986']"
1916,May,17,"['May 17th, 1916', '1916-05-17', '17 May 1916', '1916/05/17', '17/05/1916', '17-05-1916', '17th May, 1916', '05/17/1916']"
1972,September,28,"['28 Sep 1972', '28/09/1972', '09/28/1972', '28th September, 1972', '28-09-1972']"
2033,December,4,"['2033-12-04', '2033/12/04', '04/12/2033', '12/04/2033']"
1979,September,2,"['02/09/1979', '2nd September, 1979', '1979-09-02', 'September 2nd, 1979', '02 Sep 1979', '02-09-1979', '09/02/1979', '1979/09/02']"
2076,September,30,"['30 Sep 2076', '30-09-2076', '2076/09/30', '30th September, 2076', '09/30/2076', 'September 30th, 2076', '30/09/2076']"
1925,October,30,"['1925/10/30', '30-10-1925']"
2085,August,8,"['08/08/2085', '2085/08/08', '2085-08-08', '08 Aug 2085', '8th August, 2085']"
1973,January,3,"['03/01/1973', 'January 3rd, 1973', '1973-01-03', '03 Jan 1973', '3rd January, 1973', '1973/01/03', '03-01-1973', '01/03/1973']"
1936,April,26,"['26-04-1936', '26/04/1936', '26 Apr 1936', '26th April, 1936', '04/26/1936', 'April 26th, 1936', '1936-04-26']"
2008,November,22,"['November 22nd, 2008']"
2089,April,11,"['11 Apr 2089', '11/04/2089', '04/11/2089', '11th April, 2089']"
2043,November,16,"['November 16th, 2043', '2043/11/16', '16-11-2043', '11/16/2043', '16 Nov 2043', '2043-11-16', '16/11/2043']"
2027,June,10,"['10/06/2027', '10-06-2027', '10 Jun 2027']"
2027,November,13,"['13-11-2027', '2027/11/13', '11/13/2027', '13th November, 2027', '13 Nov 2027', '13/11/2027']"
2034,February,25,"['25th February, 2034', 'February 25th, 2034', '2034/02/25', '25-02-2034', '02/25/2034', '25/02/2034']"
2094,April,11,"['04/11/2094', '11/04/2094', '2094/04/11', '11th April, 2094']"
1987,September,15,"['15-09-1987', '1987-09-15', '1987/09/15', '15th September, 1987', '15/09/1987']"
1971,June,11,"['11th June, 1971', 'June 11th, 1971', '1971-06-11', '11-06-1971', '06/11/1971', '11 Jun 1971']"
1996,February,16,"['16 Feb 1996', '1996/02/16', '1996-02-16', '02/16/1996', 'February 16th, 1996', '16th February, 1996', '16-02-1996']"
2014,January,11,"['11/01/2014', '11th January, 2014']"
1996,July,7,"['July 7th, 1996', '1996/07/07', '7th July, 1996', '07/07/1996', '07-07-1996', '07 Jul 1996']"
1912,July,29,"['07/29/1912', '29/07/1912', 'July 29th, 1912', '29th July, 1912']"
1982,December,26,"['26 Dec 1982', '26/12/1982', '12/26/1982', '26-12-1982', 'December 26th, 1982', '26th December, 1982']"
2072,February,24,"['24-02-2072', '2072/02/24', '24 Feb 2072', '2072-02-24', 'February 24th, 2072']"
1927,December,10,"['December 10th, 1927', '10-12-1927', '10/12/1927']"
1984,May,22,['22/05/1984']
2002,July,30,"['30-07-2002', 'July 30th, 2002', '30/07/2002', '07/30/2002', '30th July, 2002']"
2024,August,13,"['2024/08/13', '13th August, 2024', '13-08-2024', 'August 13th, 2024', '13 Aug 2024']"
2030,February,5,"['2030-02-05', '05 Feb 2030', '2030/02/05', '05-02-2030']"
1915,March,15,"['1915-03-15', '15-03-1915', '15 Mar 1915', '15/03/1915', '15th March, 1915']"
1962,May,6,"['1962/05/06', '6th May, 1962', '06-05-1962']"
1939,June,17,"['17/06/1939', '17th June, 1939', '17-06-1939', 'June 17th, 1939']"
2038,July,3,['07/03/2038']
2081,July,9,"['9th July, 2081', '2081/07/09', '07/09/2081']"
2060,April,25,"['25th April, 2060']"
2085,November,9,"['2085-11-09', '9th November, 2085', '09/11/2085']"
2050,December,31,"['2050/12/31', '31/12/2050', 'December 31st, 2050', '31-12-2050', '31 Dec 2050', '31st December, 2050']"
1941,March,6,"['March 6th, 1941', '1941/03/06']"
2038,July,19,"['19/07/2038', '07/19/2038', '19 Jul 2038', '19th July, 2038']"
1987,April,17,"['April 17th, 1987', '04/17/1987', '17/04/1987', '1987/04/17']"
2076,January,17,['17-01-2076']
2097,January,13,"['13/01/2097', '01/13/2097', '2097-01-13', 'January 13th, 2097', '13 Jan 2097', '13th January, 2097', '2097/01/13', '13-01-2097']"
2050,May,23,"['23 May 2050', '23/05/2050', '23rd May, 2050']"
2073,April,19,"['2073-04-19', '19th April, 2073', '19/04/2073', '2073/04/19']"
1967,August,23,"['23-08-1967', '08/23/1967', '23/08/1967']"
2022,April,15,"['15-04-2022', '04/15/2022', '15th April, 2022']"
2005,July,26,['2005/07/26']
1951,October,2,"['02-10-1951', '02/10/1951', '2nd October, 1951', '02 Oct 1951', '10/02/1951', '1951-10-02', 'October 2nd, 1951', '1951/10/02']"
2050,August,4,"['08/04/2050', '04 Aug 2050', '04-08-2050', '2050-08-04', '2050/08/04']"
1995,November,19,"['19/11/1995', '19-11-1995', '11/19/1995', '19 Nov 1995', 'November 19th, 1995', '1995/11/19', '19th November, 1995', '1995-11-19']"
2049,October,2,"['2nd October, 2049', '02-10-2049', 'October 2nd, 2049', '10/02/2049', '02/10/2049', '2049-10-02', '02 Oct 2049', '2049/10/02']"
2041,August,16,"['August 16th, 2041', '16/08/2041', '16 Aug 2041', '2041-08-16', '16th August, 2041', '16-08-2041', '08/16/2041', '2041/08/16']"
2032,September,5,"['5th September, 2032']"
2031,October,30,"['10/30/2031', '30-10-2031']"
2066,May,22,"['May 22nd, 2066', '22-05-2066', '2066/05/22', '2066-05-22', '22nd May, 2066', '22/05/2066']"
1908,October,7,"['07 Oct 1908', 'October 7th, 1908', '10/07/1908', '1908/10/07', '1908-10-07', '07-10-1908', '7th October, 1908', '07/10/1908']"
1971,March,16,"['March 16th, 1971']"
2036,October,10,"['2036-10-10', '10/10/2036', '10/10/2036', 'October 10th, 2036', '10 Oct 2036', '2036/10/10', '10th October, 2036']"
1918,January,9,"['January 9th, 1918']"
1925,October,31,"['31 Oct 1925', '31/10/1925', '31st October, 1925', '1925/10/31', '10/31/1925', 'October 31st, 1925', '31-10-1925']"
2081,September,20,"['2081/09/20', 'September 20th, 2081', '20-09-2081', '20th September, 2081', '20 Sep 2081', '2081-09-20', '20/09/2081']"
2069,February,12,['2069/02/12']
2002,February,24,"['24 Feb 2002', 'February 24th, 2002', '2002/02/24', '24/02/2002', '24th February, 2002', '24-02-2002']"
1903,May,4,"['1903/05/04', 'May 4th, 1903', '4th May, 1903']"
2049,June,21,"['21st June, 2049', 'June 21st, 2049', '2049/06/21', '21/06/2049', '21-06-2049', '2049-06-21', '21 Jun 2049', '06/21/2049']"
2039,May,11,"['2039/05/11', '11-05-2039', '2039-05-11', 'May 11th, 2039', '11th May, 2039', '11 May 2039', '05/11/2039']"
2027,September,25,"['25/09/2027', 'September 25th, 2027', '25-09-2027', '2027/09/25', '25 Sep 2027']"
2028,January,1,"['01 Jan 2028', '2028/01/01', '01-01-2028', '1st January, 2028', '2028-01-01', 'January 1st, 2028', '01/01/2028', '01/01/2028']"
2020,December,31,"['31/12/2020', '2020-12-31', '31-12-2020']"
2013,February,13,"['2013/02/13', '13-02-2013', '02/13/2013']"
1914,July,8,"['July 8th, 1914', '08 Jul 1914', '1914/07/08', '08-07-1914', '07/08/1914']"
2000,January,2,"['January 2nd, 2000', '02-01-2000', '2000-01-02', '2nd January, 2000', '02 Jan 2000', '01/02/2000', '2000/01/02', '02/01/2000']"
2061,August,28,['28/08/2061']
2093,April,4,"['4th April, 2093', '04 Apr 2093', '04-04-2093', '2093-04-04', '2093/04/04', 'April 4th, 2093', '04/04/2093', '04/04/2093']"
1975,September,2,"['09/02/1975', '02/09/1975', '1975/09/02', '2nd September, 1975', 'September 2nd, 1975', '1975-09-02', '02-09-1975']"
1947,December,31,"['1947/12/31', '31-12-1947']"
1962,March,13,"['13-03-1962', '1962/03/13', '03/13/1962', '13/03/1962', '13th March, 1962', '1962-03-13', '13 Mar 1962']"
1936,March,12,"['03/12/1936', '12/03/1936']"
1998,January,1,"['01/01/1998', '01-01-1998', 'January 1st, 1998', '01/01/1998', '1st January, 1998', '01 Jan 1998', '1998/01/01']"
1990,May,8,"['May 8th, 1990', '08/05/1990', '1990/05/08', '1990-05-08', '08-05-1990']"
1912,December,26,"['26-12-1912', '12/26/1912']"
1948,April,19,"['04/19/1948', 'April 19th, 1948', '19th April, 1948', '1948-04-19']"
1911,September,26,"['September 26th, 1911', '26 Sep 1911']"
2067,March,19,"['March 19th, 2067', '19/03/2067', '2067/03/19']"
2056,April,11,['11 Apr 2056']
1918,May,9,"['May 9th, 1918', '05/09/1918']"
1921,January,22,"['22/01/1921', '1921-01-22', '1921/01/22', '22nd January, 1921', '22-01-1921', '01/22/1921']"
2049,May,22,"['2049/05/22', '2049-05-22', 'May 22nd, 2049']"
2012,July,31,"['31st July, 2012', '31/07/2012', '07/31/2012', '2012-07-31', '31-07-2012', 'July 31st, 2012', '2012/07/31', '31 Jul 2012']"
1951,May,12,"['1951/05/12', 'May 12th, 1951', '1951-05-12']"
2050,January,15,['15-01-2050']
1923,January,27,"['1923/01/27', '01/27/1923', '27-01-1923', '27th January, 1923', 'January 27th, 1923', '1923-01-27', '27 Jan 1923']"
1985,December,13,"['1985/12/13', '13th December, 1985', '13 Dec 1985', 'December 13th, 1985', '13-12-1985', '12/13/1985', '13/12/1985']"
1900,December,31,"['12/31/1900', 'December 31st, 1900', '31-12-1900', '31/12/1900', '31st December, 1900', '1900-12-31', '31 Dec 1900']"
1966,July,8,['08/07/1966']
2031,September,17,"['17/09/2031', '17-09-2031', '2031/09/17']"
1978,June,18,"['1978-06-18', 'June 18th, 1978', '18th June, 1978', '18 Jun 1978', '18/06/1978', '18-06-1978', '1978/06/18']"
1923,March,15,"['15 Mar 1923', '1923/03/15', '15/03/1923']"
1949,May,17,"['17th May, 1949', '1949-05-17', '17/05/1949', '05/17/1949', '17 May 1949']"
1965,January,18,"['18/01/1965', '18-01-1965', '1965-01-18']"
2014,December,13,"['13th December, 2014', '2014/12/13']"
2015,August,28,"['August 28th, 2015', '28/08/2015', '08/28/2015', '28-08-2015', '28 Aug 2015', '28th August, 2015']"
1958,August,8,"['1958/08/08', '08/08/1958', 'August 8th, 1958', '8th August, 1958', '08/08/1958', '08 Aug 1958']"
1906,July,22,"['22nd July, 1906']"
1973,December,20,"['1973-12-20', '1973/12/20', '20/12/1973']"
1986,December,29,['29/12/1986']
2087,December,26,"['26/12/2087', '2087/12/26', '26th December, 2087', '2087-12-26', '26 Dec 2087']"
1919,August,20,"['August 20th, 1919', '08/20/1919', '20-08-1919', '20th August, 1919']"
2082,August,22,"['2082-08-22', '22-08-2082', '08/22/2082', 'August 22nd, 2082', '2082/08/22', '22nd August, 2082', '22/08/2082']"
1995,January,14,"['14-01-1995', '14th January, 1995', '14 Jan 1995', '01/14/1995']"
2055,May,26,"['26th May, 2055']"
1900,April,10,"['1900-04-10', '10/04/1900']"
1936,July,6,"['6th July, 1936', '06-07-1936', '06/07/1936', 'July 6th, 1936', '1936-07-06', '06 Jul 1936', '1936/07/06']"
1910,October,9,"['10/09/1910', 'October 9th, 1910', '1910/10/09']"
1905,June,12,"['06/12/1905', '12th June, 1905', '12 Jun 1905', '12-06-1905', '12/06/1905', '1905-06-12', '1905/06/12']"
1977,December,31,"['31/12/1977', 'December 31st, 1977', '1977/12/31', '1977-12-31', '12/31/1977', '31-12-1977']"
1941,August,3,"['August 3rd, 1941', '08/03/1941', '03/08/1941', '03 Aug 1941', '03-08-1941']"
2093,June,28,"['06/28/2093', '28 Jun 2093', 'June 28th, 2093', '28th June, 2093', '2093-06-28', '28/06/2093', '28-06-2093']"
1987,July,21,['21 Jul 1987']
2024,August,12,['2024/08/12']
1963,July,3,"['07/03/1963', 'July 3rd, 1963']"
2015,December,20,"['2015/12/20', '20/12/2015', '20-12-2015', '2015-12-20']"
2008,May,19,['19/05/2008']
1992,October,3,"['1992/10/03', '1992-10-03', '03/10/1992', '03 Oct 1992', '3rd October, 1992', '03-10-1992']"
1999,April,14,"['14/04/1999', '14-04-1999', '04/14/1999', 'April 14th, 1999', '1999-04-14', '14 Apr 1999', '1999/04/14', '14th April, 1999']"
2015,August,26,"['26-08-2015', '26 Aug 2015']"
2045,March,3,"['03/03/2045', '3rd March, 2045', '03/03/2045', '2045-03-03', '03 Mar 2045', '03-03-2045', 'March 3rd, 2045', '2045/03/03']"
2047,January,23,"['23 Jan 2047', 'January 23rd, 2047', '2047-01-23', '23rd January, 2047', '01/23/2047', '2047/01/23']"
2049,August,2,"['2nd August, 2049', '2049-08-02', '2049/08/02']"
1931,November,28,"['1931/11/28', 'November 28th, 1931', '28 Nov 1931', '1931-11-28', '28th November, 1931', '11/28/1931', '28-11-1931']"
1952,March,27,"['03/27/1952', '27th March, 1952', '27 Mar 1952']"
2061,September,20,"['20-09-2061', '20 Sep 2061', '20th September, 2061', '09/20/2061']"
2040,September,26,"['2040/09/26', '26-09-2040', '26 Sep 2040', 'September 26th, 2040', '09/26/2040', '26/09/2040']"
2056,April,29,"['29-04-2056', '29/04/2056', '2056/04/29', '2056-04-29', '04/29/2056']"
2019,May,27,"['May 27th, 2019', '27th May, 2019', '27/05/2019', '2019/05/27', '2019-05-27']"
1945,July,23,['23-07-1945']
2036,February,7,"['2036-02-07', '07-02-2036', '07 Feb 2036', 'February 7th, 2036', '2036/02/07']"
2039,October,3,"['10/03/2039', 'October 3rd, 2039', '03/10/2039', '03-10-2039', '2039-10-03']"
2096,August,6,['06 Aug 2096']
1971,March,15,"['15 Mar 1971', '15th March, 1971', '15/03/1971', '1971-03-15', '1971/03/15', '15-03-1971']"
1923,January,19,"['1923-01-19', '19/01/1923', '19 Jan 1923', '19th January, 1923', 'January 19th, 1923']"
2057,November,20,"['2057-11-20', '20/11/2057']"
2063,September,13,"['2063-09-13', '13th September, 2063', '09/13/2063', '13 Sep 2063', '13-09-2063', '13/09/2063', 'September 13th, 2063']"
1950,July,27,"['July 27th, 1950', '1950-07-27', '27/07/1950', '27th July, 1950']"
1936,August,19,"['19 Aug 1936', '19th August, 1936', '1936-08-19']"
2023,January,28,"['2023-01-28', '01/28/2023', '28 Jan 2023', '28/01/2023', 'January 28th, 2023', '2023/01/28', '28-01-2023', '28th January, 2023']"
2051,February,16,"['16/02/2051', 'February 16th, 2051', '16 Feb 2051', '16th February, 2051', '16-02-2051', '2051-02-16', '02/16/2051']"
2074,May,5,"['05-05-2074', '2074/05/05', '05 May 2074']"
2004,April,6,"['6th April, 2004']"
1930,January,14,"['14th January, 1930', '14-01-1930', 'January 14th, 1930', '01/14/1930', '14/01/1930', '1930-01-14', '14 Jan 1930']"
2039,July,10,"['10 Jul 2039', '07/10/2039', '2039-07-10']"
2013,November,17,"['17-11-2013', '11/17/2013']"
2048,December,24,"['24 Dec 2048', '12/24/2048']"
1960,March,11,"['11-03-1960', '1960/03/11', '11 Mar 1960', 'March 11th, 1960']"
1904,October,26,"['26th October, 1904', '26-10-1904']"
2058,November,27,"['27th November, 2058', 'November 27th, 2058', '11/27/2058', '27/11/2058', '2058-11-27', '2058/11/27', '27-11-2058']"
2037,June,28,"['28/06/2037', '28-06-2037', '2037-06-28', '06/28/2037', 'June 28th, 2037', '2037/06/28', '28th June, 2037']"
1917,April,10,"['10th April, 1917']"
2083,March,20,"['20/03/2083', '2083/03/20', '20th March, 2083', '20 Mar 2083', '2083-03-20', 'March 20th, 2083', '20-03-2083', '03/20/2083']"
1904,January,22,"['1904-01-22', '22-01-1904', '22/01/1904', '22 Jan 1904', '1904/01/22', 'January 22nd, 1904', '01/22/1904', '22nd January, 1904']"
2072,July,6,"['06/07/2072', '07/06/2072', '2072-07-06']"
2007,January,11,"['11-01-2007', '2007-01-11']"
1905,April,13,"['1905-04-13', '13/04/1905', '13 Apr 1905', '04/13/1905', '13-04-1905']"
2046,October,15,"['2046/10/15', '15 Oct 2046']"
1907,February,7,"['1907-02-07', '07 Feb 1907', '07-02-1907', 'February 7th, 1907', '7th February, 1907']"
1935,March,18,"['18/03/1935', '18th March, 1935']"
1985,September,21,"['21-09-1985', '21 Sep 1985']"
1914,October,22,"['22-10-1914', '22/10/1914', 'October 22nd, 1914', '22 Oct 1914', '1914-10-22']"
2019,April,20,"['20th April, 2019', '2019/04/20', 'April 20th, 2019']"
2077,November,15,"['15/11/2077', '15 Nov 2077', '2077/11/15', '15-11-2077', '15th November, 2077', 'November 15th, 2077']"
2005,March,31,"['31 Mar 2005', '31st March, 2005', '31-03-2005', '2005-03-31', '31/03/2005', '2005/03/31']"
2020,October,2,"['02 Oct 2020', 'October 2nd, 2020', '10/02/2020', '2020/10/02', '02-10-2020', '2nd October, 2020', '02/10/2020']"
2007,August,26,"['26th August, 2007', '2007-08-26']"
2006,August,18,"['18-08-2006', '18 Aug 2006', '08/18/2006', 'August 18th, 2006', '18th August, 2006']"
1957,February,28,"['1957-02-28', '28-02-1957', '1957/02/28', '02/28/1957', '28 Feb 1957', 'February 28th, 1957']"
2017,November,7,"['7th November, 2017', 'November 7th, 2017', '2017-11-07', '2017/11/07']"
2033,September,7,"['09/07/2033', '2033/09/07', '7th September, 2033', '2033-09-07', 'September 7th, 2033']"
2061,April,24,"['04/24/2061', '2061-04-24']"
2036,February,29,"['02/29/2036', '2036-02-29', '29 Feb 2036', '2036/02/29', 'February 29th, 2036', '29/02/2036', '29th February, 2036']"
1991,December,24,"['December 24th, 1991', '24 Dec 1991', '1991-12-24', '24/12/1991', '24th December, 1991', '12/24/1991', '24-12-1991']"
1900,August,31,"['1900/08/31', '31 Aug 1900', '31-08-1900', '31st August, 1900', 'August 31st, 1900']"
2031,March,16,"['March 16th, 2031', '2031/03/16', '03/16/2031', '16-03-2031']"
2083,July,14,"['14th July, 2083', '2083/07/14']"
1959,September,27,"['September 27th, 1959', '09/27/1959']"
1989,December,4,"['1989-12-04', '04 Dec 1989', '1989/12/04', '04-12-1989', '04/12/1989', 'December 4th, 1989']"
1905,January,8,"['January 8th, 1905', '01/08/1905', '08/01/1905', '08-01-1905', '8th January, 1905', '08 Jan 1905']"
1911,January,20,"['20-01-1911', '20th January, 1911', '01/20/1911']"
1978,September,13,['1978-09-13']
1938,June,20,"['1938/06/20', '20th June, 1938']"
2041,November,3,"['2041-11-03', 'November 3rd, 2041']"
2084,March,7,['03/07/2084']
2038,September,27,"['27 Sep 2038', '27th September, 2038']"
1999,December,24,"['12/24/1999', '24-12-1999', '24 Dec 1999']"
2082,December,21,"['December 21st, 2082', '2082/12/21', '21/12/2082', '21st December, 2082', '21-12-2082']"
2023,April,29,"['29-04-2023', 'April 29th, 2023', '29 Apr 2023']"
1989,December,5,"['05/12/1989', '1989-12-05', '5th December, 1989']"
2077,March,24,"['24/03/2077', '03/24/2077', '24th March, 2077']"
1901,February,25,"['25th February, 1901', '02/25/1901', 'February 25th, 1901', '1901-02-25', '1901/02/25', '25 Feb 1901', '25/02/1901']"
1905,February,24,"['February 24th, 1905', '24/02/1905', '24th February, 1905']"
1994,July,20,"['20/07/1994', 'July 20th, 1994', '07/20/1994', '20 Jul 1994', '20th July, 1994', '20-07-1994', '1994/07/20', '1994-07-20']"
1977,October,8,"['1977/10/08', 'October 8th, 1977', '1977-10-08', '08-10-1977', '8th October, 1977', '08 Oct 1977']"
1941,September,6,"['September 6th, 1941']"
1920,May,19,"['05/19/1920', '19/05/1920', '19 May 1920', '19-05-1920', '1920-05-19']"
2096,February,9,"['9th February, 2096', '2096/02/09', 'February 9th, 2096', '02/09/2096', '2096-02-09', '09/02/2096']"
2063,July,14,"['2063/07/14', '2063-07-14']"
2082,August,6,"['06-08-2082', '2082/08/06', '06/08/2082']"
1937,December,5,"['5th December, 1937', '1937-12-05', '05 Dec 1937', '1937/12/05']"
2085,September,23,"['23-09-2085', '23/09/2085']"
1947,August,10,"['10-08-1947', '1947/08/10', '08/10/1947', 'August 10th, 1947', '10/08/1947', '1947-08-10']"
2076,January,5,"['January 5th, 2076']"
2089,April,1,"['01/04/2089', 'April 1st, 2089', '01-04-2089', '2089/04/01']"
2000,November,17,"['17-11-2000', '2000-11-17', 'November 17th, 2000', '2000/11/17', '17/11/2000', '17 Nov 2000', '11/17/2000']"
1914,May,6,"['05/06/1914', '1914/05/06', '1914-05-06', 'May 6th, 1914']"
1930,October,13,"['13th October, 1930', '13 Oct 1930']"
1967,September,23,"['23 Sep 1967', '1967-09-23', 'September 23rd, 1967', '23-09-1967', '23rd September, 1967', '1967/09/23', '23/09/1967', '09/23/1967']"
1924,September,25,"['09/25/1924', '1924/09/25', 'September 25th, 1924', '25/09/1924', '25th September, 1924']"
2083,July,26,"['2083-07-26', '26/07/2083', '2083/07/26', 'July 26th, 2083', '26 Jul 2083', '07/26/2083', '26th July, 2083']"
2077,January,31,"['2077/01/31', '31/01/2077', 'January 31st, 2077', '01/31/2077', '31-01-2077', '31st January, 2077']"
1904,August,15,"['15 Aug 1904', '15-08-1904', '15/08/1904', 'August 15th, 1904', '1904-08-15', '1904/08/15']"
2055,January,11,"['2055-01-11', 'January 11th, 2055', '2055/01/11']"
1995,April,29,"['1995-04-29', '1995/04/29', '29th April, 1995']"
1946,August,12,"['08/12/1946', 'August 12th, 1946']"
2023,April,21,['2023/04/21']
1963,September,29,"['1963/09/29', '29 Sep 1963', 'September 29th, 1963', '29/09/1963', '1963-09-29', '09/29/1963', '29-09-1963']"
1917,June,14,"['14-06-1917', 'June 14th, 1917', '1917/06/14']"
1910,April,13,['13 Apr 1910']
1932,March,14,"['14/03/1932', 'March 14th, 1932', '14th March, 1932', '1932-03-14']"
2006,February,22,"['02/22/2006', 'February 22nd, 2006', '22nd February, 2006', '22-02-2006', '22/02/2006', '2006/02/22', '2006-02-22', '22 Feb 2006']"
1934,October,24,"['October 24th, 1934', '24th October, 1934', '10/24/1934', '24/10/1934']"
1926,January,12,"['01/12/1926', '12/01/1926', '12th January, 1926', '12 Jan 1926', '12-01-1926', '1926/01/12', 'January 12th, 1926']"
2012,June,27,"['27/06/2012', '06/27/2012']"
2098,January,30,"['01/30/2098', 'January 30th, 2098', '2098/01/30']"
2057,January,16,"['01/16/2057', '16 Jan 2057', '16/01/2057', '2057/01/16', 'January 16th, 2057']"
2055,December,7,"['December 7th, 2055', '7th December, 2055']"
1914,August,29,"['1914/08/29', 'August 29th, 1914', '29th August, 1914', '29-08-1914', '29/08/1914', '08/29/1914', '29 Aug 1914']"
1904,July,11,"['11/07/1904', '11th July, 1904', 'July 11th, 1904', '07/11/1904', '1904/07/11', '11-07-1904', '11 Jul 1904']"
2002,June,25,"['25th June, 2002', '06/25/2002', 'June 25th, 2002', '25/06/2002', '2002-06-25']"
1953,February,1,"['1st February, 1953', 'February 1st, 1953']"
2052,March,28,"['2052/03/28', '2052-03-28', '28 Mar 2052', '28-03-2052', 'March 28th, 2052']"
1937,April,30,"['1937/04/30', '1937-04-30', '04/30/1937']"
1998,April,19,"['19 Apr 1998', '04/19/1998', '1998-04-19', '19-04-1998', '1998/04/19']"
1944,September,18,"['18th September, 1944', '18-09-1944']"
1904,November,20,"['20/11/1904', '20 Nov 1904', '1904-11-20', '20-11-1904', '20th November, 1904', 'November 20th, 1904', '1904/11/20', '11/20/1904']"
1955,July,20,"['20th July, 1955', 'July 20th, 1955', '20 Jul 1955', '1955-07-20', '1955/07/20']"
2074,November,13,"['13th November, 2074', 'November 13th, 2074']"
1906,August,11,['11/08/1906']
2050,February,5,"['05/02/2050', '05-02-2050', '05 Feb 2050', '2050-02-05', 'February 5th, 2050', '2050/02/05', '5th February, 2050']"
1944,June,28,"['1944/06/28', '1944-06-28', 'June 28th, 1944', '28th June, 1944', '28 Jun 1944', '28-06-1944', '06/28/1944']"
1966,September,28,"['28-09-1966', '28/09/1966', '1966/09/28', '28th September, 1966', '1966-09-28', '28 Sep 1966', '09/28/1966']"
1953,April,8,"['08 Apr 1953', '8th April, 1953', '04/08/1953']"
1994,April,27,"['04/27/1994', '27-04-1994']"
2017,March,6,"['03/06/2017', '06 Mar 2017']"
2040,December,29,"['2040/12/29', '29th December, 2040', '29 Dec 2040', 'December 29th, 2040', '29/12/2040', '2040-12-29', '12/29/2040']"
2029,September,11,"['September 11th, 2029', '09/11/2029', '11th September, 2029', '11/09/2029', '2029-09-11', '11 Sep 2029', '11-09-2029']"
1992,May,9,"['05/09/1992', '9th May, 1992', '09/05/1992', '1992/05/09', '1992-05-09', 'May 9th, 1992', '09 May 1992']"
1914,January,5,"['1914/01/05', '05/01/1914', '1914-01-05', '05-01-1914', 'January 5th, 1914', '5th January, 1914']"
2072,February,21,"['2072/02/21', '02/21/2072', '2072-02-21', '21 Feb 2072']"
2004,August,11,"['2004/08/11', '08/11/2004', 'August 11th, 2004']"
1928,April,26,"['26-04-1928', '1928/04/26', '26 Apr 1928', '1928-04-26', '26/04/1928', '26th April, 1928']"
1907,July,9,"['1907-07-09', 'July 9th, 1907', '09 Jul 1907', '09/07/1907', '07/09/1907', '09-07-1907']"
1997,April,10,['10 Apr 1997']
2031,November,24,"['November 24th, 2031']"
1945,February,14,"['1945-02-14', '02/14/1945', 'February 14th, 1945', '14th February, 1945', '14-02-1945']"
1909,February,27,"['27 Feb 1909', '1909-02-27', '27/02/1909', '1909/02/27', '02/27/1909', 'February 27th, 1909', '27th February, 1909']"
1938,February,6,"['02/06/1938', 'February 6th, 1938', '1938-02-06', '1938/02/06', '06-02-1938', '06 Feb 1938', '6th February, 1938']"
2072,June,28,"['June 28th, 2072', '28/06/2072', '28th June, 2072', '2072/06/28']"
1910,May,2,['05/02/1910']
1959,July,17,"['07/17/1959', 'July 17th, 1959', '17 Jul 1959', '17/07/1959', '1959-07-17', '17th July, 1959', '1959/07/17', '17-07-1959']"
2037,December,14,"['14 Dec 2037', '2037-12-14', 'December 14th, 2037', '14th December, 2037', '14-12-2037', '2037/12/14', '14/12/2037', '12/14/2037']"
1957,September,30,"['30 Sep 1957', '30/09/1957', '30th September, 1957', 'September 30th, 1957', '1957-09-30', '09/30/1957', '1957/09/30', '30-09-1957']"
2077,February,16,"['2077-02-16', '16th February, 2077', '16-02-2077']"
1902,September,9,"['09-09-1902', 'September 9th, 1902', '1902-09-09', '9th September, 1902', '09/09/1902']"
2073,March,21,"['21-03-2073', '03/21/2073', '21/03/2073', '21 Mar 2073', '2073/03/21', 'March 21st, 2073', '2073-03-21']"
2046,September,23,"['23-09-2046', '23/09/2046', '09/23/2046', '2046-09-23', '23rd September, 2046', 'September 23rd, 2046', '2046/09/23', '23 Sep 2046']"
2046,July,10,"['2046-07-10', '10th July, 2046', 'July 10th, 2046']"
1996,August,22,"['22 Aug 1996', '1996/08/22', '22nd August, 1996', '1996-08-22', '22-08-1996', 'August 22nd, 1996', '08/22/1996', '22/08/1996']"
1958,October,25,"['25 Oct 1958', '25th October, 1958', 'October 25th, 1958', '25-10-1958', '1958-10-25', '10/25/1958', '25/10/1958']"
2018,June,4,"['June 4th, 2018', '06/04/2018', '2018-06-04', '04-06-2018', '04 Jun 2018']"
1903,April,29,"['29th April, 1903', '1903-04-29']"
1903,October,9,"['09-10-1903', '10/09/1903', '1903/10/09', '9th October, 1903', 'October 9th, 1903', '09/10/1903']"
1995,March,10,"['10th March, 1995', '1995-03-10']"
1986,July,9,"['1986-07-09', '09/07/1986', 'July 9th, 1986', '09 Jul 1986', '07/09/1986', '09-07-1986']"
2039,June,30,"['2039/06/30', '2039-06-30', '06/30/2039']"
2080,January,11,"['01/11/2080', '11-01-2080', '11th January, 2080', '11/01/2080']"
2024,October,4,"['4th October, 2024', '04-10-2024']"
2046,January,14,"['14/01/2046', '14 Jan 2046', '14-01-2046', '2046/01/14', 'January 14th, 2046']"
2092,November,4,"['4th November, 2092', '04/11/2092']"
2057,September,14,"['14 Sep 2057', '14/09/2057', '2057/09/14', '09/14/2057', 'September 14th, 2057', '2057-09-14', '14th September, 2057']"
1946,October,31,"['31/10/1946', '10/31/1946', '31st October, 1946', '1946/10/31']"
1915,August,28,"['1915/08/28', '28 Aug 1915', '28th August, 1915', '28/08/1915', '1915-08-28', '28-08-1915', 'August 28th, 1915', '08/28/1915']"
1902,May,27,"['27/05/1902', '05/27/1902', '1902-05-27', '27-05-1902', '1902/05/27']"
2027,March,26,"['03/26/2027', 'March 26th, 2027', '2027-03-26', '26 Mar 2027']"
1997,September,23,"['September 23rd, 1997', '09/23/1997', '23-09-1997', '23/09/1997']"
1987,April,28,"['28/04/1987', '04/28/1987', '1987/04/28', '28-04-1987', '28th April, 1987', '1987-04-28']"
1936,February,28,"['February 28th, 1936', '02/28/1936', '28th February, 1936', '28 Feb 1936', '1936/02/28', '28/02/1936', '1936-02-28', '28-02-1936']"
2026,March,14,['2026-03-14']
2081,June,16,['16 Jun 2081']
1910,October,13,"['1910-10-13', '10/13/1910', '13th October, 1910', '13 Oct 1910', '13-10-1910', '13/10/1910', 'October 13th, 1910']"
1998,May,23,"['1998/05/23', '23/05/1998', 'May 23rd, 1998', '23-05-1998', '05/23/1998', '1998-05-23', '23rd May, 1998']"
2028,September,26,['26-09-2028']
1942,October,10,"['10 Oct 1942', '10-10-1942', '1942/10/10', '1942-10-10', '10th October, 1942', '10/10/1942', '10/10/1942']"
1995,October,21,"['21st October, 1995', '21-10-1995', '10/21/1995', 'October 21st, 1995', '21/10/1995', '21 Oct 1995', '1995/10/21', '1995-10-21']"
1968,January,25,"['25th January, 1968', 'January 25th, 1968']"
2099,January,2,"['02-01-2099', '02/01/2099', '01/02/2099', '02 Jan 2099']"
2098,April,2,"['2098/04/02', '02-04-2098']"
1911,June,14,['14/06/1911']
2082,January,31,"['01/31/2082', 'January 31st, 2082', '31/01/2082', '31 Jan 2082', '2082/01/31', '31st January, 2082', '31-01-2082', '2082-01-31']"
1910,May,3,"['1910/05/03', '3rd May, 1910', '1910-05-03']"
1902,May,11,"['11th May, 1902', '11 May 1902', '11/05/1902', 'May 11th, 1902', '05/11/1902']"
1951,April,19,"['19 Apr 1951', '04/19/1951', 'April 19th, 1951', '19-04-1951', '1951/04/19', '1951-04-19', '19th April, 1951']"
1992,August,27,"['27th August, 1992', '08/27/1992', '27/08/1992']"
2007,April,17,"['17th April, 2007', '17 Apr 2007', '2007-04-17', 'April 17th, 2007', '04/17/2007', '17/04/2007', '17-04-2007', '2007/04/17']"
2048,April,6,"['6th April, 2048']"
2037,October,9,"['2037/10/09', '10/09/2037']"
2013,September,25,['25-09-2013']
1966,March,18,"['18/03/1966', '18-03-1966', '18 Mar 1966', '1966/03/18', 'March 18th, 1966', '1966-03-18', '03/18/1966']"
2019,March,23,"['03/23/2019', '2019-03-23', '23rd March, 2019', '23 Mar 2019', '23/03/2019', '2019/03/23', 'March 23rd, 2019', '23-03-2019']"
2052,October,8,"['2052/10/08', '10/08/2052']"
2004,March,18,"['18-03-2004', '18/03/2004', '2004-03-18']"
1919,February,3,"['03 Feb 1919', '3rd February, 1919', 'February 3rd, 1919', '02/03/1919']"
2095,November,3,"['2095-11-03', 'November 3rd, 2095']"
2033,March,12,"['12th March, 2033', 'March 12th, 2033']"
1907,December,24,"['24-12-1907', '24/12/1907']"
2025,November,30,"['2025-11-30', '30th November, 2025']"
1971,June,7,"['7th June, 1971', '07/06/1971', '07 Jun 1971', '1971-06-07', '1971/06/07']"
2028,November,2,"['2nd November, 2028', 'November 2nd, 2028', '02/11/2028']"
2097,June,12,"['12-06-2097', 'June 12th, 2097']"
1973,August,30,"['08/30/1973', '30-08-1973']"
2068,January,26,"['01/26/2068', '26 Jan 2068', '26th January, 2068', '2068-01-26', '26-01-2068']"
2084,October,13,"['2084/10/13', '13 Oct 2084', '10/13/2084', '13-10-2084', 'October 13th, 2084', '2084-10-13', '13/10/2084']"
1914,September,27,"['1914-09-27', '27-09-1914', '09/27/1914']"
1993,October,12,"['12/10/1993', '1993/10/12', '12th October, 1993']"
1924,September,30,"['1924/09/30', '09/30/1924', 'September 30th, 1924', '30-09-1924', '30th September, 1924']"
1906,January,12,"['1906/01/12', '01/12/1906']"
2072,June,13,"['13th June, 2072', '2072-06-13', '06/13/2072', '13/06/2072', '13 Jun 2072']"
2056,April,8,"['2056-04-08', '08 Apr 2056']"
1915,December,29,"['29th December, 1915', 'December 29th, 1915', '12/29/1915', '1915/12/29', '29/12/1915', '29 Dec 1915']"
1984,July,17,"['17th July, 1984', '17-07-1984', '1984/07/17', '17/07/1984', '1984-07-17', '07/17/1984']"
2095,September,19,"['2095/09/19', 'September 19th, 2095', '19 Sep 2095', '19/09/2095', '19th September, 2095', '09/19/2095']"
1978,March,30,"['March 30th, 1978']"
1926,April,4,['1926/04/04']
2072,March,7,"['7th March, 2072', '2072/03/07', 'March 7th, 2072', '03/07/2072']"
1958,June,10,"['10 Jun 1958', '1958/06/10']"
2008,March,26,"['2008-03-26', '26th March, 2008', '03/26/2008']"
2090,September,30,"['09/30/2090', '30/09/2090', '30-09-2090', '2090/09/30']"
2008,January,14,"['01/14/2008', '14/01/2008', '2008-01-14']"
2006,March,8,"['2006-03-08', '2006/03/08', '08 Mar 2006', '08/03/2006', '08-03-2006', 'March 8th, 2006']"
2083,February,23,"['23 Feb 2083', '02/23/2083', '23rd February, 2083']"
1973,March,23,"['23/03/1973', '1973-03-23', '23 Mar 1973', 'March 23rd, 1973', '23rd March, 1973', '03/23/1973']"
1962,August,8,"['August 8th, 1962', '8th August, 1962', '08/08/1962']"
2076,January,27,"['27/01/2076', '01/27/2076', '2076/01/27', '2076-01-27']"
2003,July,16,"['16 Jul 2003', 'July 16th, 2003', '16-07-2003', '16th July, 2003', '16/07/2003']"
2023,October,4,"['2023/10/04', 'October 4th, 2023']"
2043,September,5,"['September 5th, 2043', '5th September, 2043', '05-09-2043', '05/09/2043', '2043/09/05', '09/05/2043']"
1948,March,3,"['03-03-1948', '1948-03-03', '03 Mar 1948']"
2060,June,21,"['21-06-2060', '21/06/2060', 'June 21st, 2060', '2060/06/21', '21st June, 2060']"
2089,February,7,"['02/07/2089', '2089/02/07', 'February 7th, 2089', '2089-02-07', '07/02/2089', '07 Feb 2089']"
1933,March,6,"['06-03-1933', '1933/03/06']"
2088,March,1,"['01-03-2088', '01 Mar 2088', 'March 1st, 2088', '01/03/2088', '2088-03-01']"
1949,March,11,"['1949-03-11', '11 Mar 1949', '11-03-1949', 'March 11th, 1949', '03/11/1949', '11/03/1949', '11th March, 1949']"
2043,January,27,"['January 27th, 2043', '2043-01-27', '27th January, 2043', '01/27/2043', '27 Jan 2043']"
2079,December,29,"['29 Dec 2079', 'December 29th, 2079', '29-12-2079', '2079-12-29']"
1907,July,30,"['July 30th, 1907', '30th July, 1907', '1907-07-30', '30/07/1907']"
2054,February,17,"['17/02/2054', '2054-02-17', '17th February, 2054', '17-02-2054', '2054/02/17', 'February 17th, 2054']"
2036,March,3,"['03-03-2036', '2036/03/03', '03/03/2036', '3rd March, 2036']"
1949,August,26,"['August 26th, 1949', '26th August, 1949', '1949/08/26', '26 Aug 1949', '26-08-1949', '1949-08-26', '08/26/1949']"
1976,November,2,['1976-11-02']
2008,October,31,['31/10/2008']
2044,October,23,"['23-10-2044', '23rd October, 2044', '23/10/2044', 'October 23rd, 2044', '2044/10/23', '2044-10-23']"
1907,February,20,"['20-02-1907', '1907-02-20', '20/02/1907', '1907/02/20']"
1968,January,5,"['1968/01/05', '1968-01-05', '05-01-1968', '5th January, 1968', '01/05/1968', 'January 5th, 1968']"
2035,May,19,"['19/05/2035', '19 May 2035']"
1992,June,10,"['10/06/1992', '06/10/1992', '10 Jun 1992', '10-06-1992', 'June 10th, 1992', '10th June, 1992', '1992/06/10']"
2067,August,3,"['03/08/2067', '08/03/2067', '2067/08/03', '03 Aug 2067', '03-08-2067', 'August 3rd, 2067', '3rd August, 2067']"
2063,August,3,"['3rd August, 2063', '2063-08-03', '08/03/2063', '03/08/2063', '03 Aug 2063']"
2050,January,1,"['01/01/2050', '1st January, 2050', '01-01-2050', '01/01/2050', '2050/01/01', '2050-01-01']"
1913,May,11,"['11 May 1913', '11-05-1913', '1913-05-11', 'May 11th, 1913', '11/05/1913']"
1901,October,25,"['1901-10-25', '25th October, 1901', '1901/10/25', '10/25/1901']"
2026,April,12,"['April 12th, 2026', '2026/04/12']"
1929,May,3,"['03 May 1929', 'May 3rd, 1929', '03-05-1929', '3rd May, 1929', '05/03/1929', '1929-05-03', '03/05/1929']"
2064,April,18,"['18/04/2064', '18-04-2064', '2064/04/18', '18 Apr 2064', '2064-04-18']"
2016,January,29,"['29th January, 2016', '29 Jan 2016', '2016-01-29']"
1984,April,30,"['04/30/1984', '30/04/1984', '1984-04-30', '1984/04/30', '30 Apr 1984', '30th April, 1984', 'April 30th, 1984']"
2058,October,5,"['10/05/2058', '2058/10/05', '05 Oct 2058', '2058-10-05', '05-10-2058', 'October 5th, 2058']"
1908,June,18,"['1908/06/18', '06/18/1908']"
2000,October,6,"['06-10-2000', '2000-10-06', 'October 6th, 2000']"
1951,August,8,"['August 8th, 1951', '08 Aug 1951', '08-08-1951', '08/08/1951', '1951/08/08']"
1970,February,14,"['02/14/1970', '14-02-1970', 'February 14th, 1970', '14/02/1970']"
1929,February,18,"['1929-02-18', '18-02-1929', '1929/02/18', '02/18/1929', '18/02/1929', 'February 18th, 1929', '18th February, 1929', '18 Feb 1929']"
2031,March,12,"['2031/03/12', 'March 12th, 2031', '2031-03-12', '03/12/2031', '12 Mar 2031']"
2014,April,3,"['2014/04/03', '2014-04-03', '3rd April, 2014', 'April 3rd, 2014']"
2056,July,2,"['2056-07-02', '2nd July, 2056', '02-07-2056']"
1991,November,7,"['1991/11/07', '7th November, 1991', '1991-11-07', '07/11/1991', '07 Nov 1991', '11/07/1991', 'November 7th, 1991', '07-11-1991']"
2041,December,6,"['6th December, 2041', '06-12-2041', 'December 6th, 2041', '12/06/2041', '2041/12/06', '06 Dec 2041']"
1981,July,10,"['10/07/1981', '1981/07/10', '07/10/1981']"
2049,December,23,"['23-12-2049', '23 Dec 2049', 'December 23rd, 2049', '23/12/2049', '2049/12/23']"
2042,July,12,"['07/12/2042', '12 Jul 2042']"
2037,November,22,"['22/11/2037', '22 Nov 2037', '22nd November, 2037', '11/22/2037', '22-11-2037', '2037-11-22', 'November 22nd, 2037']"
2055,December,24,"['24th December, 2055', '2055-12-24', '24/12/2055', '2055/12/24', 'December 24th, 2055', '24-12-2055', '12/24/2055', '24 Dec 2055']"
2099,January,25,"['2099/01/25', '25-01-2099', '25 Jan 2099', 'January 25th, 2099', '25/01/2099', '2099-01-25', '01/25/2099']"
2003,September,12,"['09/12/2003', '12-09-2003']"
1998,August,2,"['02 Aug 1998', '2nd August, 1998', '08/02/1998', '1998/08/02']"
2026,December,27,"['27 Dec 2026', '27/12/2026', '27th December, 2026', '2026-12-27', 'December 27th, 2026']"
1932,September,16,['1932-09-16']
1904,March,17,"['1904-03-17', 'March 17th, 1904', '17 Mar 1904', '17/03/1904', '17th March, 1904', '1904/03/17']"
1904,March,5,"['1904/03/05', 'March 5th, 1904', '1904-03-05', '05-03-1904', '05 Mar 1904', '05/03/1904', '03/05/1904', '5th March, 1904']"
1950,January,20,"['20 Jan 1950', '20th January, 1950', '20/01/1950', '1950/01/20', '1950-01-20', 'January 20th, 1950']"
2050,August,8,"['08/08/2050', '8th August, 2050']"
1936,June,1,"['1936-06-01', '1936/06/01', '01-06-1936', '06/01/1936']"
2094,June,23,"['June 23rd, 2094', '2094-06-23', '23/06/2094', '2094/06/23']"
1923,December,8,"['1923-12-08', '08/12/1923']"
2046,July,12,"['12th July, 2046', '12-07-2046']"
1954,September,10,"['1954/09/10', '10/09/1954', '10th September, 1954']"
2043,February,1,"['01-02-2043', '01 Feb 2043', 'February 1st, 2043', '2043/02/01', '1st February, 2043', '01/02/2043', '02/01/2043', '2043-02-01']"
1980,May,13,"['13 May 1980', '13th May, 1980', '05/13/1980', '13/05/1980', '1980/05/13']"
1931,October,25,"['25 Oct 1931', 'October 25th, 1931', '1931/10/25', '25th October, 1931', '10/25/1931']"
1999,January,20,"['01/20/1999', '1999-01-20', '20/01/1999', '20-01-1999', 'January 20th, 1999', '1999/01/20', '20th January, 1999', '20 Jan 1999']"
2000,January,4,"['2000/01/04', '04-01-2000', 'January 4th, 2000', '04/01/2000', '4th January, 2000', '04 Jan 2000']"
2000,October,31,"['2000/10/31', '10/31/2000']"
2054,May,15,"['05/15/2054', '2054-05-15', '15 May 2054']"
2008,March,8,"['March 8th, 2008', '03/08/2008', '8th March, 2008', '2008/03/08', '08-03-2008']"
1916,February,27,"['1916/02/27', '27th February, 1916']"
2002,November,3,"['03-11-2002', '3rd November, 2002', '2002-11-03', 'November 3rd, 2002', '11/03/2002', '03/11/2002', '2002/11/03']"
2002,April,11,"['April 11th, 2002', '11-04-2002', '2002-04-11', '11/04/2002', '11 Apr 2002']"
2001,April,27,"['27/04/2001', 'April 27th, 2001', '27 Apr 2001', '2001-04-27', '27-04-2001', '04/27/2001', '2001/04/27']"
1971,June,9,"['June 9th, 1971']"
2010,February,1,"['2010/02/01', '01/02/2010', '1st February, 2010']"
1937,December,21,"['1937-12-21', '12/21/1937', 'December 21st, 1937', '21st December, 1937', '1937/12/21', '21 Dec 1937', '21/12/1937', '21-12-1937']"
1917,October,29,"['1917/10/29', '29 Oct 1917', '29th October, 1917', '10/29/1917', '1917-10-29', '29/10/1917']"
2021,August,9,"['9th August, 2021', 'August 9th, 2021', '09 Aug 2021', '09-08-2021', '08/09/2021', '09/08/2021', '2021-08-09']"
2052,March,8,['2052/03/08']
1957,November,2,"['1957-11-02', '1957/11/02', '02 Nov 1957']"
2001,November,15,"['15-11-2001', 'November 15th, 2001', '15th November, 2001', '15 Nov 2001', '15/11/2001']"
2046,February,14,"['14 Feb 2046', '2046-02-14', 'February 14th, 2046', '2046/02/14']"
1918,December,3,"['03-12-1918', '12/03/1918', '03/12/1918', '3rd December, 1918', '1918-12-03', '03 Dec 1918', 'December 3rd, 1918', '1918/12/03']"
1931,September,21,"['1931-09-21', '21st September, 1931', 'September 21st, 1931']"
2019,September,26,"['09/26/2019', '2019-09-26', '2019/09/26', '26th September, 2019', 'September 26th, 2019', '26-09-2019']"
2060,December,25,"['12/25/2060', 'December 25th, 2060', '25th December, 2060']"
2071,November,9,"['11/09/2071', '2071/11/09', '09 Nov 2071', '09/11/2071', '2071-11-09', '09-11-2071', '9th November, 2071', 'November 9th, 2071']"
2076,June,17,"['17-06-2076', 'June 17th, 2076', '2076-06-17', '2076/06/17']"
2042,December,4,"['2042/12/04', 'December 4th, 2042', '04-12-2042', '04/12/2042', '4th December, 2042', '2042-12-04']"
1917,March,17,"['03/17/1917', '17/03/1917']"
1962,January,27,"['27-01-1962', 'January 27th, 1962', '01/27/1962', '1962-01-27', '27/01/1962', '27 Jan 1962', '27th January, 1962']"
1903,July,25,['07/25/1903']
1955,December,14,"['14th December, 1955', '14/12/1955', '12/14/1955']"
2088,June,27,"['June 27th, 2088', '27-06-2088', '27th June, 2088', '06/27/2088', '2088-06-27', '2088/06/27']"
1904,December,13,"['13-12-1904', '1904-12-13', '13/12/1904']"
1911,April,27,"['1911-04-27', 'April 27th, 1911', '1911/04/27', '27/04/1911']"
1998,October,23,"['10/23/1998', 'October 23rd, 1998', '23 Oct 1998', '23rd October, 1998', '23-10-1998']"
1910,January,11,"['1910/01/11', 'January 11th, 1910', '01/11/1910']"
2005,November,28,"['28/11/2005', '2005/11/28', '11/28/2005', '28 Nov 2005', '2005-11-28', '28-11-2005', '28th November, 2005']"
2050,May,25,"['05/25/2050', 'May 25th, 2050']"
2033,September,12,"['12/09/2033', '2033-09-12', '12-09-2033', '09/12/2033', '12 Sep 2033']"
1907,January,10,"['01/10/1907', '10/01/1907']"
1964,December,19,"['19-12-1964', '1964-12-19', '19/12/1964', '19 Dec 1964', '19th December, 1964', '1964/12/19']"
1974,November,17,"['17-11-1974', '1974-11-17', 'November 17th, 1974', '11/17/1974', '17/11/1974', '17 Nov 1974']"
1935,August,18,"['08/18/1935', '1935/08/18', '18/08/1935', 'August 18th, 1935', '1935-08-18', '18 Aug 1935', '18-08-1935', '18th August, 1935']"
2032,April,2,"['2nd April, 2032']"
2042,December,1,['2042/12/01']
2038,October,19,"['19/10/2038', '19-10-2038']"
1963,March,13,"['13-03-1963', 'March 13th, 1963', '1963/03/13', '03/13/1963', '13th March, 1963']"
2073,July,2,"['02 Jul 2073', 'July 2nd, 2073', '02/07/2073', '2nd July, 2073', '2073/07/02', '2073-07-02', '02-07-2073', '07/02/2073']"
1983,December,1,"['12/01/1983', 'December 1st, 1983']"
2014,June,21,"['June 21st, 2014']"
2032,August,15,"['15/08/2032', '15 Aug 2032', '15th August, 2032', '15-08-2032']"
1943,October,16,"['10/16/1943', 'October 16th, 1943', '16-10-1943', '1943/10/16', '16 Oct 1943', '16th October, 1943']"
1993,May,21,"['21-05-1993', '1993-05-21']"
1987,April,20,"['20/04/1987', '04/20/1987', '20 Apr 1987', '1987-04-20', '20-04-1987', 'April 20th, 1987']"
1951,July,25,"['1951-07-25', '25/07/1951']"
2070,March,12,"['12/03/2070', '2070-03-12', '12th March, 2070', 'March 12th, 2070', '12-03-2070']"
1999,August,28,['28/08/1999']
1940,October,18,"['1940/10/18', '10/18/1940', '1940-10-18', '18th October, 1940']"
1951,January,7,"['1951/01/07', '07-01-1951', '1951-01-07', '7th January, 1951', 'January 7th, 1951', '07/01/1951', '01/07/1951']"
1947,August,2,"['02/08/1947', '2nd August, 1947', '02 Aug 1947', '1947-08-02']"
2071,December,28,"['28 Dec 2071', '2071/12/28', '2071-12-28', '12/28/2071', '28th December, 2071']"
1965,November,5,"['05-11-1965', '1965/11/05', '11/05/1965']"
2021,March,22,"['March 22nd, 2021', '22-03-2021', '22 Mar 2021']"
1962,July,4,"['04 Jul 1962', '04-07-1962', '1962-07-04']"
2055,October,9,"['10/09/2055', 'October 9th, 2055', '09 Oct 2055', '2055/10/09']"
2077,May,29,"['29-05-2077', '29/05/2077', '29th May, 2077', '2077/05/29', '29 May 2077', 'May 29th, 2077', '2077-05-29']"
1977,December,25,"['25-12-1977', '25th December, 1977', '25/12/1977', '1977/12/25', 'December 25th, 1977', '12/25/1977', '25 Dec 1977']"
2080,August,19,"['19 Aug 2080', '19-08-2080', 'August 19th, 2080', '2080-08-19', '2080/08/19']"
2092,August,10,"['August 10th, 2092', '2092-08-10']"
1997,October,19,"['19-10-1997', 'October 19th, 1997', '19/10/1997', '10/19/1997', '1997/10/19', '19 Oct 1997', '1997-10-19', '19th October, 1997']"
1980,May,4,"['1980-05-04', '05/04/1980', '04 May 1980', 'May 4th, 1980', '04/05/1980']"
1984,June,12,['12/06/1984']
1908,October,2,"['2nd October, 1908', '02/10/1908', 'October 2nd, 1908', '02 Oct 1908', '1908-10-02', '1908/10/02']"
2018,November,12,"['12/11/2018', '2018/11/12', '11/12/2018', 'November 12th, 2018']"
2051,November,17,"['17th November, 2051', 'November 17th, 2051', '17-11-2051', '11/17/2051', '2051/11/17', '2051-11-17', '17 Nov 2051', '17/11/2051']"
2085,May,5,"['05/05/2085', '05/05/2085']"
1975,December,19,"['19-12-1975', 'December 19th, 1975', '1975-12-19', '19 Dec 1975', '19/12/1975', '1975/12/19', '19th December, 1975']"
1998,December,7,"['07 Dec 1998', '07-12-1998', '7th December, 1998', 'December 7th, 1998', '1998-12-07', '07/12/1998']"
2002,November,30,"['30-11-2002', '30th November, 2002', '11/30/2002']"
1917,June,18,"['18 Jun 1917', '18-06-1917', '18/06/1917']"
1988,July,14,"['July 14th, 1988', '14/07/1988', '07/14/1988', '14-07-1988', '1988/07/14', '1988-07-14']"
1949,June,13,"['13 Jun 1949', '06/13/1949']"
1983,May,5,"['05-05-1983', '05/05/1983', '5th May, 1983', '05/05/1983', '1983/05/05', '05 May 1983', 'May 5th, 1983', '1983-05-05']"
2094,October,6,"['October 6th, 2094', '10/06/2094', '06-10-2094', '2094/10/06']"
1980,March,13,"['1980-03-13', '13th March, 1980', 'March 13th, 1980', '13/03/1980', '13-03-1980', '03/13/1980', '13 Mar 1980', '1980/03/13']"
1979,September,8,"['09/08/1979', '1979-09-08', '08/09/1979', 'September 8th, 1979', '08 Sep 1979', '1979/09/08', '8th September, 1979', '08-09-1979']"
2021,November,22,['2021/11/22']
1920,March,26,"['March 26th, 1920', '03/26/1920', '26th March, 1920', '1920/03/26']"
1909,June,26,"['06/26/1909', 'June 26th, 1909', '1909/06/26']"
1911,January,31,['1911/01/31']
1961,April,16,"['1961-04-16', 'April 16th, 1961', '16/04/1961', '1961/04/16', '04/16/1961']"
2030,October,6,"['October 6th, 2030', '2030/10/06', '06 Oct 2030', '06-10-2030', '06/10/2030', '2030-10-06', '6th October, 2030', '10/06/2030']"
1928,June,11,"['11 Jun 1928', '11/06/1928', '11-06-1928', '1928-06-11']"
1920,August,24,"['1920-08-24', 'August 24th, 1920', '08/24/1920', '24 Aug 1920', '24-08-1920', '24th August, 1920']"
1919,July,3,"['07/03/1919', '1919/07/03', '3rd July, 1919', 'July 3rd, 1919']"
2091,October,21,['21 Oct 2091']
2047,November,20,"['20/11/2047', '20th November, 2047', '2047-11-20', '2047/11/20', '11/20/2047', '20 Nov 2047']"
2074,April,16,"['04/16/2074', '16-04-2074', 'April 16th, 2074', '16 Apr 2074', '16th April, 2074', '16/04/2074']"
2033,March,2,"['03/02/2033', 'March 2nd, 2033', '2033/03/02', '02-03-2033', '2nd March, 2033']"
1941,June,26,['06/26/1941']
2075,June,22,['2075/06/22']
2081,November,7,['2081/11/07']
1996,November,7,['07/11/1996']
2005,February,26,['26/02/2005']
1905,December,4,"['December 4th, 1905', '04 Dec 1905']"
1979,September,4,"['04/09/1979', '09/04/1979', 'September 4th, 1979', '1979/09/04', '04-09-1979', '4th September, 1979', '1979-09-04']"
1959,September,12,"['1959-09-12', '09/12/1959', '1959/09/12', '12 Sep 1959', '12th September, 1959', 'September 12th, 1959', '12/09/1959', '12-09-1959']"
2055,September,7,"['2055/09/07', '09/07/2055', '07 Sep 2055', '2055-09-07', 'September 7th, 2055', '07/09/2055', '7th September, 2055', '07-09-2055']"
2016,October,8,"['08/10/2016', '08-10-2016', '8th October, 2016', 'October 8th, 2016']"
2008,March,9,"['9th March, 2008']"
1936,July,5,"['5th July, 1936', '05 Jul 1936', '1936-07-05', '07/05/1936']"
1930,October,24,"['10/24/1930', '1930-10-24', '24/10/1930', '1930/10/24', '24th October, 1930']"
1989,August,31,"['31/08/1989', '1989-08-31', '31-08-1989', '1989/08/31', 'August 31st, 1989', '08/31/1989', '31st August, 1989', '31 Aug 1989']"
2000,March,22,"['22 Mar 2000', 'March 22nd, 2000', '2000-03-22', '22-03-2000', '03/22/2000', '22nd March, 2000']"
2057,March,25,"['2057-03-25', '25-03-2057', '25/03/2057', 'March 25th, 2057', '2057/03/25', '03/25/2057', '25th March, 2057']"
1947,October,11,"['11 Oct 1947', '11-10-1947', '11th October, 1947', '1947-10-11']"
2097,November,18,"['November 18th, 2097', '2097-11-18', '2097/11/18']"
2095,May,26,"['26 May 2095', '2095-05-26', '26th May, 2095', '05/26/2095', '26-05-2095', '26/05/2095', 'May 26th, 2095']"
1997,February,16,"['February 16th, 1997', '1997/02/16']"
1945,March,4,"['1945-03-04', '04 Mar 1945']"
2056,November,19,"['19th November, 2056', '11/19/2056']"
1967,July,23,"['1967/07/23', '23-07-1967', '23/07/1967', '23rd July, 1967', '1967-07-23', 'July 23rd, 1967', '07/23/1967', '23 Jul 1967']"
2017,February,8,"['08/02/2017', '02/08/2017', '2017/02/08', 'February 8th, 2017']"
1955,January,10,"['1955-01-10', '1955/01/10', '10 Jan 1955', '10-01-1955', 'January 10th, 1955', '10/01/1955', '10th January, 1955']"
1957,May,8,"['08 May 1957', '05/08/1957', 'May 8th, 1957', '8th May, 1957', '1957/05/08', '08-05-1957']"
1922,October,26,"['26/10/1922', '1922-10-26', 'October 26th, 1922']"
2060,March,21,"['21st March, 2060', '21 Mar 2060', '21-03-2060', '2060-03-21', 'March 21st, 2060', '21/03/2060']"
1982,May,6,"['May 6th, 1982']"
2093,January,1,"['2093-01-01', '2093/01/01', '1st January, 2093', 'January 1st, 2093', '01/01/2093', '01 Jan 2093']"
2001,December,20,"['20th December, 2001', '20-12-2001']"
1992,May,3,"['05/03/1992', '03 May 1992', '3rd May, 1992', '1992/05/03', 'May 3rd, 1992']"
1912,May,24,"['05/24/1912', '1912/05/24', '24 May 1912', '24-05-1912', 'May 24th, 1912', '24th May, 1912']"
2075,August,4,"['04 Aug 2075', '08/04/2075', 'August 4th, 2075', '04-08-2075']"
2019,August,8,['08/08/2019']
2088,August,3,['03 Aug 2088']
1964,July,29,"['1964/07/29', '07/29/1964', '29 Jul 1964', '1964-07-29', '29th July, 1964', '29/07/1964', 'July 29th, 1964']"
2013,April,29,"['2013-04-29', '29 Apr 2013', '29/04/2013', 'April 29th, 2013', '29th April, 2013', '2013/04/29']"
1992,May,20,"['20/05/1992', '05/20/1992', '1992-05-20', '20-05-1992', 'May 20th, 1992']"
2074,April,27,"['27th April, 2074', '27-04-2074']"
2037,June,1,"['2037/06/01', '01 Jun 2037']"
2082,October,8,"['8th October, 2082', '08 Oct 2082', '08-10-2082', '2082/10/08']"
2071,October,19,"['19th October, 2071', '10/19/2071']"
2032,December,24,"['24-12-2032', '2032/12/24', '24th December, 2032', '24/12/2032', '12/24/2032', 'December 24th, 2032', '2032-12-24', '24 Dec 2032']"
2083,October,30,"['10/30/2083', '30/10/2083', '2083-10-30', '30th October, 2083']"
1957,July,6,"['06-07-1957', '06/07/1957', '6th July, 1957', '06 Jul 1957', 'July 6th, 1957', '1957/07/06']"
1910,August,31,['08/31/1910']
1978,April,9,"['1978-04-09', '9th April, 1978', '09-04-1978', '09/04/1978', 'April 9th, 1978', '1978/04/09']"
1917,July,10,"['1917/07/10', '10-07-1917']"
1934,July,15,"['July 15th, 1934', '1934/07/15']"
1957,February,8,"['February 8th, 1957', '8th February, 1957', '08/02/1957']"
2071,August,23,"['August 23rd, 2071']"
2039,December,20,['20 Dec 2039']
2063,June,25,"['06/25/2063', '25-06-2063', '2063-06-25', 'June 25th, 2063', '25/06/2063', '25 Jun 2063', '2063/06/25', '25th June, 2063']"
1997,January,25,"['25th January, 1997', 'January 25th, 1997', '25-01-1997']"
1939,June,27,"['27 Jun 1939', 'June 27th, 1939', '1939/06/27']"
2097,February,4,"['02/04/2097', '04/02/2097']"
1963,July,24,"['24th July, 1963', '07/24/1963', '24 Jul 1963', '24/07/1963']"
2088,August,15,"['15th August, 2088', '2088/08/15', '15 Aug 2088', '2088-08-15', '15-08-2088', 'August 15th, 2088', '08/15/2088']"
1925,October,13,"['13 Oct 1925', '13/10/1925', '13th October, 1925', '10/13/1925', '1925/10/13', 'October 13th, 1925']"
2001,November,16,"['16-11-2001', '11/16/2001']"
1982,May,18,"['18 May 1982', '1982/05/18', '1982-05-18', '18/05/1982', 'May 18th, 1982']"
2080,August,21,"['21 Aug 2080', '2080/08/21', '08/21/2080']"
1993,October,23,"['10/23/1993', '23/10/1993', '1993-10-23', '23-10-1993', '23rd October, 1993', '23 Oct 1993', '1993/10/23', 'October 23rd, 1993']"
2068,August,22,"['22/08/2068', '22 Aug 2068', '2068-08-22', '2068/08/22', '08/22/2068']"
2008,November,1,"['2008/11/01', '1st November, 2008', 'November 1st, 2008', '01 Nov 2008', '01/11/2008']"
2071,December,16,"['2071-12-16', '16/12/2071']"
2061,February,6,"['02/06/2061', '06 Feb 2061', 'February 6th, 2061']"
1905,April,24,"['24-04-1905', '04/24/1905', '24 Apr 1905', '24th April, 1905']"
1966,May,8,"['May 8th, 1966', '1966/05/08', '8th May, 1966', '05/08/1966', '08/05/1966']"
2016,March,11,"['11 Mar 2016', '11th March, 2016', 'March 11th, 2016', '2016/03/11', '2016-03-11', '11/03/2016', '11-03-2016']"
2028,April,25,['04/25/2028']
1970,August,16,"['1970/08/16', '16th August, 1970']"
1930,July,20,"['20-07-1930', '1930-07-20', '07/20/1930', '20th July, 1930', '20/07/1930', '1930/07/20', '20 Jul 1930']"
2038,September,2,"['09/02/2038', '02 Sep 2038', 'September 2nd, 2038', '02-09-2038', '02/09/2038', '2038/09/02', '2038-09-02']"
2075,February,25,"['25/02/2075', '02/25/2075', 'February 25th, 2075', '2075-02-25', '25-02-2075', '25th February, 2075', '25 Feb 2075', '2075/02/25']"
2007,July,15,"['15-07-2007', '15/07/2007', '2007/07/15', '2007-07-15', '15 Jul 2007', '15th July, 2007', 'July 15th, 2007']"
2093,October,8,"['2093/10/08', '08 Oct 2093', '08/10/2093', '8th October, 2093', '2093-10-08', 'October 8th, 2093', '10/08/2093']"
2000,March,26,"['March 26th, 2000', '2000/03/26', '03/26/2000']"
2091,December,29,"['December 29th, 2091', '29th December, 2091', '2091/12/29', '2091-12-29']"
2002,July,16,"['2002-07-16', '16 Jul 2002', '16-07-2002']"
2040,November,27,"['11/27/2040', '27 Nov 2040', '27th November, 2040']"
1928,October,15,"['15th October, 1928', '15-10-1928', '15 Oct 1928', '1928/10/15', '1928-10-15']"
2090,December,30,"['30-12-2090', '2090/12/30', '30/12/2090', '30th December, 2090', '2090-12-30', '12/30/2090', 'December 30th, 2090']"
2035,August,12,"['2035/08/12', '12/08/2035', 'August 12th, 2035', '12 Aug 2035', '08/12/2035', '2035-08-12', '12-08-2035']"
1945,May,7,"['7th May, 1945', '05/07/1945', '1945-05-07', '1945/05/07']"
1922,November,30,"['30-11-1922', 'November 30th, 1922', '1922-11-30']"
1998,July,3,"['1998-07-03', 'July 3rd, 1998', '03/07/1998', '3rd July, 1998', '1998/07/03', '07/03/1998', '03 Jul 1998']"
2082,August,31,['31-08-2082']
2005,September,26,"['26-09-2005', '2005/09/26']"
1988,February,4,['04-02-1988']
1965,April,30,"['30/04/1965', '30th April, 1965', 'April 30th, 1965', '04/30/1965']"
1936,May,27,['1936/05/27']
2016,August,12,"['August 12th, 2016', '12 Aug 2016', '12/08/2016', '12-08-2016', '2016-08-12', '08/12/2016', '2016/08/12', '12th August, 2016']"
2013,December,14,"['December 14th, 2013', '14-12-2013', '14/12/2013', '2013/12/14', '2013-12-14', '14th December, 2013', '12/14/2013']"
1966,July,19,"['19-07-1966', '19 Jul 1966', '19th July, 1966', '07/19/1966', '1966/07/19', '1966-07-19', 'July 19th, 1966', '19/07/1966']"
1998,June,27,"['27th June, 1998', '1998-06-27', '1998/06/27', '27/06/1998', '27 Jun 1998', '06/27/1998', 'June 27th, 1998', '27-06-1998']"
1940,February,25,"['25 Feb 1940', '25th February, 1940', '1940/02/25', '02/25/1940', '1940-02-25', '25-02-1940', '25/02/1940']"
2013,June,8,"['08 Jun 2013', '2013-06-08', '08-06-2013', '2013/06/08', '8th June, 2013']"
2055,August,10,"['10 Aug 2055', '10-08-2055']"
2086,March,20,['2086/03/20']
1916,May,20,"['1916-05-20', '05/20/1916', '20th May, 1916', '20 May 1916']"
1975,December,25,"['25-12-1975', '25 Dec 1975', '1975-12-25', '12/25/1975', '25th December, 1975', '25/12/1975']"
1966,January,14,"['14 Jan 1966', '14-01-1966', '14/01/1966']"
1992,August,29,"['29th August, 1992', 'August 29th, 1992', '1992-08-29', '08/29/1992', '29 Aug 1992', '29-08-1992']"
1906,September,10,"['September 10th, 1906', '10th September, 1906', '1906-09-10', '09/10/1906', '10/09/1906']"
1926,September,3,"['1926/09/03', '03-09-1926', '09/03/1926', '03 Sep 1926']"
1929,February,6,"['6th February, 1929', '06 Feb 1929', '1929-02-06', '02/06/1929', '06/02/1929', '06-02-1929', 'February 6th, 1929']"
1951,July,10,"['1951/07/10', '1951-07-10', '10 Jul 1951', '10th July, 1951', '07/10/1951', '10/07/1951', 'July 10th, 1951']"
2034,July,16,"['July 16th, 2034', '2034-07-16', '16-07-2034', '07/16/2034', '2034/07/16', '16 Jul 2034', '16/07/2034']"
2033,October,6,"['06/10/2033', '2033/10/06', '06-10-2033', 'October 6th, 2033', '6th October, 2033', '10/06/2033', '06 Oct 2033', '2033-10-06']"
2027,June,26,"['2027/06/26', '26 Jun 2027', 'June 26th, 2027', '06/26/2027', '2027-06-26', '26/06/2027', '26th June, 2027']"
2024,June,5,"['06/05/2024', '05-06-2024', '05/06/2024']"
1927,March,10,['10 Mar 1927']
2087,July,16,"['16 Jul 2087', '2087/07/16']"
2048,October,3,"['03-10-2048', 'October 3rd, 2048', '2048-10-03']"
2031,December,5,"['05-12-2031', '2031-12-05', '05/12/2031', '5th December, 2031']"
1921,June,6,"['06-06-1921', '6th June, 1921', '1921-06-06', 'June 6th, 1921']"
2071,October,12,"['12th October, 2071', '12/10/2071', '2071-10-12', '10/12/2071', '12 Oct 2071']"
2031,June,7,['07 Jun 2031']
1965,April,14,"['1965/04/14', '14th April, 1965', '14 Apr 1965', 'April 14th, 1965', '14-04-1965', '1965-04-14', '14/04/1965']"
2094,February,14,"['14/02/2094', 'February 14th, 2094', '14th February, 2094', '14 Feb 2094']"
2058,April,12,"['12-04-2058', '12 Apr 2058', '2058/04/12', '12/04/2058', '2058-04-12', '04/12/2058', 'April 12th, 2058']"
2013,August,12,"['August 12th, 2013', '12th August, 2013', '08/12/2013', '2013-08-12', '2013/08/12', '12/08/2013']"
2091,March,11,['2091/03/11']
1997,February,26,"['26/02/1997', '02/26/1997', 'February 26th, 1997']"
1985,May,7,"['05/07/1985', 'May 7th, 1985', '07-05-1985', '07/05/1985', '07 May 1985']"
1905,December,2,['02/12/1905']
1968,May,31,"['05/31/1968', '1968/05/31', 'May 31st, 1968']"
2072,November,29,"['29-11-2072', '29/11/2072', 'November 29th, 2072', '29th November, 2072', '2072-11-29', '2072/11/29', '29 Nov 2072']"
2081,March,29,"['2081/03/29', 'March 29th, 2081', '03/29/2081', '29/03/2081', '29th March, 2081', '2081-03-29', '29-03-2081', '29 Mar 2081']"
1974,March,25,"['25/03/1974', '1974-03-25', '03/25/1974']"
2027,July,8,"['07/08/2027', '2027-07-08', '2027/07/08', '08 Jul 2027', '08/07/2027']"
2020,January,10,"['10-01-2020', '2020/01/10', '2020-01-10']"
2031,April,18,"['2031/04/18', '18th April, 2031', '2031-04-18', 'April 18th, 2031', '18-04-2031', '18/04/2031', '18 Apr 2031', '04/18/2031']"
2099,September,19,"['September 19th, 2099', '2099/09/19', '2099-09-19', '19th September, 2099', '09/19/2099', '19/09/2099', '19-09-2099', '19 Sep 2099']"
2043,October,1,"['01 Oct 2043', '2043/10/01', '01-10-2043', '10/01/2043']"
2049,June,30,"['06/30/2049', '30th June, 2049', '2049-06-30', '30/06/2049', '30-06-2049', '30 Jun 2049']"
1942,April,5,"['5th April, 1942', '1942/04/05', '04/05/1942', '05 Apr 1942', '05/04/1942', '05-04-1942', 'April 5th, 1942']"
1908,January,24,"['24-01-1908', '01/24/1908', '24/01/1908', '1908-01-24']"
2072,April,1,"['01 Apr 2072', '01/04/2072', 'April 1st, 2072']"
1952,June,6,"['1952-06-06', '06 Jun 1952', '06-06-1952']"
1946,September,16,"['September 16th, 1946', '16th September, 1946', '16/09/1946']"
1949,July,10,"['10-07-1949', '07/10/1949']"
2090,February,9,"['2090-02-09', '02/09/2090', '09 Feb 2090', '09/02/2090', '2090/02/09']"
2044,December,10,"['10 Dec 2044', '10-12-2044', 'December 10th, 2044', '10/12/2044', '12/10/2044']"
1948,February,14,"['1948/02/14', '14th February, 1948', '14 Feb 1948', '14/02/1948']"
2015,April,17,"['April 17th, 2015', '2015-04-17', '17/04/2015', '04/17/2015']"
2095,September,8,"['2095/09/08', '2095-09-08', '08-09-2095']"
2035,June,2,"['02/06/2035', '02-06-2035', '2035-06-02']"
1919,October,24,['1919-10-24']
2022,August,23,"['2022-08-23', '23 Aug 2022', '23-08-2022', '23rd August, 2022', '23/08/2022', '2022/08/23', 'August 23rd, 2022', '08/23/2022']"
1960,March,4,"['04 Mar 1960', '4th March, 1960', '03/04/1960', 'March 4th, 1960', '04/03/1960']"
2019,January,6,"['06 Jan 2019', '01/06/2019', '06/01/2019', '06-01-2019', 'January 6th, 2019', '6th January, 2019']"
2072,February,1,['02/01/2072']
1983,January,2,"['1983-01-02', '02-01-1983']"
2087,November,6,"['2087-11-06', '2087/11/06', '06-11-2087', '6th November, 2087']"
2034,February,18,"['18 Feb 2034', '2034-02-18', '18th February, 2034', 'February 18th, 2034', '18/02/2034', '2034/02/18']"
1930,May,1,"['01 May 1930', '1930-05-01', '1st May, 1930', '01/05/1930', 'May 1st, 1930', '1930/05/01']"
2074,August,17,"['17th August, 2074', '17/08/2074', '17 Aug 2074', '2074/08/17']"
2064,July,17,"['17th July, 2064', '2064/07/17', '17-07-2064', 'July 17th, 2064', '07/17/2064', '17/07/2064', '2064-07-17', '17 Jul 2064']"
2032,September,27,"['September 27th, 2032', '27-09-2032', '27/09/2032', '09/27/2032', '2032-09-27', '27th September, 2032']"
1969,September,15,"['September 15th, 1969', '15-09-1969']"
2090,April,1,"['01/04/2090', '1st April, 2090', '01 Apr 2090', '01-04-2090', '2090-04-01', 'April 1st, 2090']"
1919,April,26,"['26 Apr 1919', '04/26/1919', '26/04/1919', '1919-04-26', '26-04-1919', '26th April, 1919', 'April 26th, 1919', '1919/04/26']"
2067,December,28,"['12/28/2067', '28-12-2067', '2067/12/28', '2067-12-28', '28th December, 2067', 'December 28th, 2067', '28/12/2067']"
2078,January,4,"['2078/01/04', '04 Jan 2078', '2078-01-04']"
2009,October,30,"['2009-10-30', '2009/10/30', '30 Oct 2009', 'October 30th, 2009', '30-10-2009']"
1941,February,11,"['1941/02/11', '1941-02-11']"
2015,June,21,"['21/06/2015', '06/21/2015', '21-06-2015', '2015/06/21']"
2098,June,29,"['2098/06/29', '29th June, 2098', '06/29/2098', 'June 29th, 2098', '29/06/2098', '29-06-2098', '29 Jun 2098']"
1904,March,11,['11/03/1904']
1996,March,8,"['1996/03/08', '1996-03-08']"
1975,June,13,"['June 13th, 1975']"
1949,July,8,"['08-07-1949', '1949-07-08', 'July 8th, 1949']"
1942,February,12,"['12-02-1942', '1942/02/12', '1942-02-12', '12th February, 1942', '02/12/1942']"
1973,January,16,"['16/01/1973', 'January 16th, 1973']"
1986,October,9,"['1986-10-09', '09 Oct 1986', '09/10/1986', '1986/10/09', 'October 9th, 1986', '09-10-1986', '9th October, 1986']"
1943,December,19,"['19/12/1943', '19th December, 1943', '1943-12-19', '1943/12/19', 'December 19th, 1943', '19 Dec 1943', '19-12-1943', '12/19/1943']"
2053,May,29,"['2053-05-29', '29th May, 2053']"
2040,December,8,"['2040-12-08', 'December 8th, 2040', '08 Dec 2040', '2040/12/08', '08-12-2040', '08/12/2040']"
1926,August,17,"['17-08-1926', 'August 17th, 1926', '17th August, 1926', '08/17/1926']"
2033,June,10,"['10/06/2033', '06/10/2033', '10-06-2033', '2033/06/10', 'June 10th, 2033', '2033-06-10', '10 Jun 2033', '10th June, 2033']"
1923,October,18,"['1923/10/18', '10/18/1923', '18/10/1923', '18-10-1923', 'October 18th, 1923', '1923-10-18']"
1907,January,19,"['19-01-1907', 'January 19th, 1907']"
2065,January,22,"['22nd January, 2065', '01/22/2065', '22/01/2065', '22 Jan 2065', '2065-01-22']"
2032,July,8,"['08-07-2032', '08 Jul 2032', '8th July, 2032', '07/08/2032', 'July 8th, 2032', '2032/07/08', '2032-07-08']"
2043,December,7,"['12/07/2043', '2043-12-07', '07-12-2043']"
2095,July,4,"['04 Jul 2095', '04-07-2095']"
2016,February,22,"['February 22nd, 2016', '22/02/2016', '22nd February, 2016', '2016/02/22', '2016-02-22', '22-02-2016', '22 Feb 2016']"
1957,January,22,"['22/01/1957', '22nd January, 1957', '22-01-1957', '22 Jan 1957', '1957-01-22']"
1941,April,9,"['09 Apr 1941', '09/04/1941']"
1996,July,29,"['29-07-1996', 'July 29th, 1996', '29 Jul 1996', '29/07/1996', '1996-07-29', '07/29/1996']"
1997,April,8,"['8th April, 1997', 'April 8th, 1997', '08-04-1997', '1997-04-08']"
1970,October,22,"['22/10/1970', '1970/10/22', '1970-10-22', '22-10-1970', '22 Oct 1970']"
2095,February,10,"['02/10/2095', '2095-02-10', '10 Feb 2095', 'February 10th, 2095', '10-02-2095', '10/02/2095', '10th February, 2095', '2095/02/10']"
2054,June,5,"['06/05/2054', '05-06-2054', '05/06/2054', '2054-06-05', '05 Jun 2054']"
1995,July,21,"['21/07/1995', '1995/07/21', '21st July, 1995', '1995-07-21', '21 Jul 1995']"
2014,November,20,"['20 Nov 2014', '20-11-2014', '2014/11/20']"
2041,December,31,"['December 31st, 2041', '31 Dec 2041', '12/31/2041', '31-12-2041']"
2029,November,18,"['November 18th, 2029', '18-11-2029']"
1985,May,9,"['1985-05-09', '09-05-1985', '09/05/1985', '9th May, 1985']"
1987,June,2,"['06/02/1987', '02/06/1987', '02-06-1987']"
2070,December,15,"['12/15/2070', '15 Dec 2070', '15th December, 2070', '2070-12-15', '2070/12/15']"
2035,November,15,"['2035-11-15', '15-11-2035', '15 Nov 2035', '15th November, 2035']"
1947,November,2,"['11/02/1947', '02/11/1947', '1947/11/02', '02-11-1947']"
1922,October,31,"['31 Oct 1922', '1922-10-31', 'October 31st, 1922', '10/31/1922', '31-10-1922', '31/10/1922', '1922/10/31']"
1941,April,1,"['01/04/1941', '01-04-1941', '1941-04-01', '01 Apr 1941', 'April 1st, 1941', '1941/04/01']"
1915,November,17,"['11/17/1915', 'November 17th, 1915', '17-11-1915', '17 Nov 1915']"
1937,October,16,"['16th October, 1937', '16 Oct 1937', '10/16/1937', '16-10-1937', 'October 16th, 1937', '1937-10-16']"
2009,November,2,"['02-11-2009', '02 Nov 2009', '11/02/2009', '2009-11-02', '2009/11/02']"
1978,October,18,"['18-10-1978', '18 Oct 1978', '18/10/1978', '1978-10-18', '1978/10/18', '10/18/1978']"
1908,June,30,"['06/30/1908', '30th June, 1908']"
2073,January,16,"['16-01-2073', '16th January, 2073', '16/01/2073', '16 Jan 2073', 'January 16th, 2073', '01/16/2073', '2073-01-16', '2073/01/16']"
2019,October,28,"['October 28th, 2019', '28 Oct 2019', '28-10-2019', '28/10/2019', '28th October, 2019', '2019-10-28', '10/28/2019', '2019/10/28']"
1921,February,1,"['February 1st, 1921', '01-02-1921', '1st February, 1921']"
1905,July,4,['04-07-1905']
1968,April,9,"['09 Apr 1968', '09-04-1968', '09/04/1968']"
2082,November,28,"['28 Nov 2082', '11/28/2082', '2082/11/28', '28/11/2082', '2082-11-28', '28-11-2082', 'November 28th, 2082']"
1911,July,20,"['07/20/1911', '1911-07-20', '20th July, 1911', '20-07-1911', '1911/07/20', 'July 20th, 1911']"
2037,August,25,"['August 25th, 2037', '25-08-2037', '25th August, 2037']"
1955,September,2,"['02-09-1955', '1955/09/02', '02/09/1955']"
2021,April,24,"['2021/04/24', '2021-04-24', 'April 24th, 2021', '24th April, 2021', '24 Apr 2021']"
1958,August,30,"['August 30th, 1958']"
2034,July,23,"['23-07-2034', '2034/07/23', '23 Jul 2034', 'July 23rd, 2034', '2034-07-23', '23/07/2034', '23rd July, 2034', '07/23/2034']"
1904,January,29,"['01/29/1904', '29/01/1904']"
1930,August,16,"['16 Aug 1930', '16/08/1930', '16-08-1930']"
2034,April,22,"['04/22/2034', '22-04-2034', '22nd April, 2034']"
2046,March,27,"['27/03/2046', '03/27/2046', '2046/03/27', '2046-03-27']"
1929,April,17,"['1929/04/17', '17th April, 1929', '1929-04-17', '17 Apr 1929', '17/04/1929']"
1970,February,20,"['1970/02/20', '20/02/1970', '20-02-1970', '20 Feb 1970', '20th February, 1970', 'February 20th, 1970', '1970-02-20', '02/20/1970']"
2026,November,30,['11/30/2026']
1994,January,6,['06/01/1994']
2092,September,23,"['2092-09-23', '23 Sep 2092', 'September 23rd, 2092', '09/23/2092']"
2084,August,19,"['19th August, 2084', '08/19/2084', '19 Aug 2084', '19/08/2084', 'August 19th, 2084', '2084-08-19', '2084/08/19']"
2084,May,23,"['23 May 2084', '23rd May, 2084', '2084-05-23', '23/05/2084', '05/23/2084', 'May 23rd, 2084', '23-05-2084']"
1971,July,17,"['17-07-1971', '1971-07-17']"
2094,November,26,"['26th November, 2094', '11/26/2094']"
1933,February,16,"['16 Feb 1933', '16th February, 1933', '1933-02-16', 'February 16th, 1933']"
2007,August,10,"['08/10/2007', '10th August, 2007', '2007-08-10']"
2047,March,31,['2047-03-31']
1914,April,18,"['1914/04/18', '18/04/1914']"
1994,February,7,"['07/02/1994', '1994/02/07', '02/07/1994', 'February 7th, 1994', '07-02-1994', '1994-02-07', '7th February, 1994', '07 Feb 1994']"
1901,February,9,"['09-02-1901', '9th February, 1901', 'February 9th, 1901', '02/09/1901', '1901/02/09', '09/02/1901', '1901-02-09']"
1957,October,11,"['October 11th, 1957', '11/10/1957']"
1926,July,5,"['05 Jul 1926', 'July 5th, 1926', '07/05/1926', '5th July, 1926', '1926/07/05', '05/07/1926', '05-07-1926', '1926-07-05']"
2051,June,7,"['2051/06/07', '7th June, 2051', '2051-06-07', '07 Jun 2051']"
1947,March,22,"['1947/03/22', '1947-03-22']"
1912,February,1,"['February 1st, 1912']"
1980,August,29,"['29 Aug 1980', '08/29/1980', '1980-08-29', '29-08-1980', '29th August, 1980', '29/08/1980']"
2085,July,8,"['07/08/2085', '08 Jul 2085', '08/07/2085', 'July 8th, 2085', '8th July, 2085', '2085-07-08', '2085/07/08']"
2035,February,10,"['February 10th, 2035', '2035/02/10', '10 Feb 2035', '2035-02-10', '10-02-2035', '10/02/2035', '02/10/2035', '10th February, 2035']"
1962,March,27,"['March 27th, 1962', '03/27/1962', '27-03-1962', '27/03/1962', '1962-03-27', '27th March, 1962']"
2031,August,11,"['11th August, 2031', '11 Aug 2031', '2031-08-11', '11-08-2031']"
2061,January,19,"['19/01/2061', '19 Jan 2061', '2061/01/19', '01/19/2061', '2061-01-19']"
2053,September,17,"['17/09/2053', 'September 17th, 2053', '17 Sep 2053', '2053-09-17', '17-09-2053']"
2098,August,2,"['August 2nd, 2098', '02 Aug 2098', '08/02/2098', '2nd August, 2098', '2098/08/02', '02-08-2098']"
1969,August,5,"['5th August, 1969', '05/08/1969', '05-08-1969']"
1996,January,16,"['16-01-1996', '16/01/1996', '16th January, 1996', '16 Jan 1996', '1996/01/16']"
1963,December,14,"['14 Dec 1963', '14/12/1963', '12/14/1963', '1963-12-14', 'December 14th, 1963']"
1978,May,1,"['01-05-1978', '05/01/1978', '1978/05/01', '1st May, 1978', '01 May 1978']"
1921,June,18,"['18th June, 1921', 'June 18th, 1921']"
2089,June,21,"['June 21st, 2089', '2089-06-21', '21-06-2089', '21 Jun 2089']"
2062,February,28,"['February 28th, 2062', '28/02/2062', '28 Feb 2062', '2062/02/28', '02/28/2062', '28th February, 2062']"
1903,March,29,"['1903/03/29', '29th March, 1903', '29 Mar 1903', '29-03-1903', '1903-03-29', '29/03/1903', 'March 29th, 1903']"
1903,December,21,"['1903-12-21', 'December 21st, 1903', '21-12-1903', '12/21/1903', '21st December, 1903', '21/12/1903', '1903/12/21', '21 Dec 1903']"
1948,October,20,"['20/10/1948', '20 Oct 1948', '20-10-1948', 'October 20th, 1948']"
1947,December,23,"['1947-12-23', '23 Dec 1947', '23-12-1947', 'December 23rd, 1947']"
2007,July,19,"['July 19th, 2007', '07/19/2007', '19-07-2007', '2007/07/19', '19th July, 2007', '2007-07-19', '19 Jul 2007']"
2028,June,30,"['30/06/2028', '30 Jun 2028', '2028-06-30', '2028/06/30']"
2074,April,9,"['9th April, 2074', '2074-04-09', 'April 9th, 2074', '09 Apr 2074', '09/04/2074', '04/09/2074']"
1953,June,13,['1953/06/13']
2024,January,11,"['11/01/2024', 'January 11th, 2024', '2024-01-11']"
2088,August,13,"['08/13/2088', '2088-08-13', '2088/08/13', '13/08/2088', '13th August, 2088', 'August 13th, 2088', '13-08-2088', '13 Aug 2088']"
2006,October,27,"['27th October, 2006', '10/27/2006', 'October 27th, 2006', '27-10-2006']"
1927,May,19,"['19th May, 1927', '1927/05/19']"
2012,February,22,"['02/22/2012', '22nd February, 2012', '22-02-2012', '2012/02/22', '22/02/2012', '22 Feb 2012']"
1954,April,20,"['1954-04-20', '1954/04/20', 'April 20th, 1954', '04/20/1954', '20-04-1954', '20/04/1954']"
1918,June,4,"['04/06/1918', '1918-06-04']"
1958,October,9,"['October 9th, 1958', '1958-10-09', '1958/10/09']"
2024,February,4,"['2024/02/04', '04 Feb 2024']"
1999,March,24,"['24 Mar 1999', '1999/03/24', '03/24/1999', '1999-03-24']"
2090,August,1,"['2090-08-01', '01-08-2090', '2090/08/01', '1st August, 2090', 'August 1st, 2090']"
2060,October,9,"['2060/10/09', 'October 9th, 2060', '09-10-2060']"
2028,November,11,"['11/11/2028', '11/11/2028', '11th November, 2028', '11-11-2028', '11 Nov 2028', '2028/11/11', 'November 11th, 2028']"
2033,March,11,"['March 11th, 2033', '03/11/2033', '2033/03/11', '11/03/2033', '11-03-2033']"
2053,October,11,"['October 11th, 2053', '11th October, 2053', '10/11/2053', '2053-10-11']"
1947,December,6,"['1947-12-06', '06-12-1947', '6th December, 1947', '12/06/1947']"
2070,January,2,"['02/01/2070', '02-01-2070', '2070-01-02', '2070/01/02', '02 Jan 2070', 'January 2nd, 2070', '01/02/2070']"
2048,March,16,"['March 16th, 2048', '16 Mar 2048', '2048-03-16', '16-03-2048', '16th March, 2048', '03/16/2048', '2048/03/16']"
2086,March,4,"['2086/03/04', '2086-03-04']"
1960,November,11,"['November 11th, 1960', '11th November, 1960', '11/11/1960']"
2000,September,10,"['September 10th, 2000', '09/10/2000', '2000/09/10', '10/09/2000']"
2097,May,13,"['2097/05/13', 'May 13th, 2097', '13/05/2097', '05/13/2097', '13th May, 2097']"
1990,July,11,"['11/07/1990', '1990/07/11', '07/11/1990', 'July 11th, 1990']"
1975,March,30,"['30 Mar 1975', '03/30/1975']"
2034,December,4,"['2034-12-04', 'December 4th, 2034', '04 Dec 2034', '04-12-2034', '04/12/2034', '4th December, 2034', '12/04/2034']"
2008,November,24,"['2008/11/24', '24-11-2008', '11/24/2008', '24 Nov 2008']"
1973,May,9,['1973-05-09']
2021,August,31,"['31st August, 2021', '31 Aug 2021', '2021/08/31', '31/08/2021', '31-08-2021', 'August 31st, 2021']"
2085,November,8,"['8th November, 2085', '2085/11/08', '2085-11-08']"
1965,June,8,"['06/08/1965', '8th June, 1965', '08/06/1965', 'June 8th, 1965']"
2023,August,19,"['2023/08/19', '19/08/2023', '19th August, 2023', 'August 19th, 2023', '19-08-2023', '08/19/2023', '2023-08-19', '19 Aug 2023']"
1922,December,26,"['December 26th, 1922', '12/26/1922']"
1993,January,8,"['08/01/1993', '1993/01/08', '08 Jan 1993', 'January 8th, 1993', '08-01-1993', '01/08/1993', '8th January, 1993', '1993-01-08']"
1977,August,8,"['8th August, 1977', '1977/08/08', 'August 8th, 1977', '08-08-1977', '08/08/1977', '08 Aug 1977', '1977-08-08']"
2039,January,13,"['2039/01/13', '13-01-2039', 'January 13th, 2039', '01/13/2039', '13 Jan 2039', '13/01/2039', '2039-01-13']"
1918,May,3,"['1918/05/03', '03/05/1918']"
2044,June,7,['07 Jun 2044']
1974,June,23,"['23-06-1974', 'June 23rd, 1974', '23/06/1974', '1974/06/23', '23rd June, 1974']"
2045,February,21,"['2045/02/21', '21st February, 2045', '21/02/2045', '21 Feb 2045', '2045-02-21', '21-02-2045', '02/21/2045']"
2018,April,6,"['April 6th, 2018', '2018-04-06', '06 Apr 2018']"
2076,January,29,"['2076-01-29', '29th January, 2076', '2076/01/29']"
2019,September,23,"['23rd September, 2019', '2019-09-23', '2019/09/23', '09/23/2019', 'September 23rd, 2019', '23/09/2019']"
2055,December,18,"['December 18th, 2055', '18th December, 2055', '18/12/2055', '18 Dec 2055', '2055/12/18', '2055-12-18', '18-12-2055', '12/18/2055']"
2045,January,7,"['2045-01-07', 'January 7th, 2045', '7th January, 2045']"
2060,September,23,"['23-09-2060', '23 Sep 2060', '2060/09/23', '23rd September, 2060', '09/23/2060', '2060-09-23', '23/09/2060', 'September 23rd, 2060']"
2022,January,30,"['January 30th, 2022', '01/30/2022', '30th January, 2022', '30/01/2022', '30 Jan 2022', '2022/01/30', '30-01-2022']"
2024,October,31,"['31 Oct 2024', '31/10/2024', '31st October, 2024', '10/31/2024', '2024-10-31', 'October 31st, 2024']"
2021,September,13,"['09/13/2021', '13th September, 2021', '13-09-2021', 'September 13th, 2021', '13 Sep 2021', '2021/09/13', '13/09/2021']"
1931,January,4,"['04-01-1931', '1931-01-04', '1931/01/04']"
1961,April,12,"['12/04/1961', 'April 12th, 1961']"
2099,April,23,['2099/04/23']
1981,January,20,"['1981-01-20', '20 Jan 1981', '20/01/1981', '1981/01/20', '01/20/1981']"
1914,January,27,"['27-01-1914', '27 Jan 1914', '01/27/1914', '27th January, 1914', '1914/01/27', '27/01/1914']"
2071,March,29,"['2071/03/29', '29th March, 2071', '29/03/2071', 'March 29th, 2071', '29 Mar 2071']"
1990,June,22,"['1990/06/22', '06/22/1990', '22/06/1990', '1990-06-22', 'June 22nd, 1990', '22nd June, 1990', '22 Jun 1990', '22-06-1990']"
1914,May,29,"['29-05-1914', '1914/05/29', '05/29/1914', 'May 29th, 1914', '29/05/1914', '29th May, 1914']"
1937,January,22,"['1937-01-22', '22/01/1937', 'January 22nd, 1937', '01/22/1937', '22-01-1937', '1937/01/22', '22nd January, 1937']"
1925,July,2,"['02/07/1925', '1925/07/02']"
1986,March,22,"['03/22/1986', '1986-03-22', '22nd March, 1986', '1986/03/22', '22/03/1986', '22 Mar 1986', '22-03-1986']"
2068,November,19,"['2068-11-19', '19/11/2068', 'November 19th, 2068', '19th November, 2068']"
1916,April,26,"['26th April, 1916', '26/04/1916', '26-04-1916', '04/26/1916']"
2082,January,6,"['6th January, 2082', '2082/01/06', 'January 6th, 2082']"
2056,June,1,"['2056-06-01', '06/01/2056', 'June 1st, 2056', '1st June, 2056', '01 Jun 2056']"
2046,September,9,"['2046-09-09', '09/09/2046', '2046/09/09', '9th September, 2046', '09/09/2046']"
1984,January,26,"['1984/01/26', '26 Jan 1984']"
2054,August,7,['07 Aug 2054']
1910,March,31,"['03/31/1910', '1910/03/31', '31/03/1910']"
1954,September,14,"['September 14th, 1954', '14/09/1954', '1954-09-14', '14th September, 1954', '14-09-1954']"
2012,February,25,"['February 25th, 2012']"
2050,March,6,"['6th March, 2050', '06 Mar 2050', '2050-03-06', '03/06/2050', '06/03/2050']"
2005,July,4,"['04 Jul 2005', '2005/07/04', '2005-07-04']"
1917,December,12,"['12 Dec 1917', '1917/12/12', '12th December, 1917', '12/12/1917']"
1997,October,30,"['October 30th, 1997', '30/10/1997', '30-10-1997', '10/30/1997', '30th October, 1997', '1997/10/30', '1997-10-30']"
2090,April,29,"['2090-04-29', '29/04/2090', '2090/04/29', '04/29/2090']"
1902,December,24,"['1902-12-24', '24 Dec 1902', '24-12-1902', '24th December, 1902', '24/12/1902']"
1985,March,14,"['14th March, 1985', '1985/03/14', '1985-03-14', '14 Mar 1985', '03/14/1985', 'March 14th, 1985']"
2084,December,27,"['December 27th, 2084', '27 Dec 2084', '27th December, 2084']"
2003,October,9,"['2003/10/09', '9th October, 2003', '09/10/2003', '09 Oct 2003', '2003-10-09', '10/09/2003']"
2052,September,24,"['24/09/2052', '09/24/2052', '24-09-2052']"
1966,February,7,"['1966-02-07', '1966/02/07', '07 Feb 1966', 'February 7th, 1966', '7th February, 1966', '07-02-1966', '02/07/1966', '07/02/1966']"
2059,October,17,"['17 Oct 2059', '2059/10/17', '2059-10-17', '17/10/2059', '10/17/2059', 'October 17th, 2059', '17-10-2059', '17th October, 2059']"
2074,June,29,"['06/29/2074', '29 Jun 2074', '29-06-2074', '29th June, 2074']"
1968,August,13,"['13th August, 1968']"
1965,June,26,"['26-06-1965', '26/06/1965', '26 Jun 1965', '06/26/1965', 'June 26th, 1965', '1965/06/26']"
2059,October,28,"['2059-10-28', '28/10/2059']"
1956,March,5,"['05 Mar 1956', 'March 5th, 1956', '5th March, 1956', '1956/03/05']"
1956,July,10,"['10 Jul 1956', '07/10/1956']"
2041,May,2,"['2041-05-02', 'May 2nd, 2041', '02 May 2041', '2041/05/02', '02-05-2041']"
2040,May,25,"['25-05-2040', '2040/05/25', '25 May 2040', 'May 25th, 2040', '25th May, 2040', '2040-05-25']"
1942,January,22,"['01/22/1942', '22 Jan 1942', '22/01/1942', '1942-01-22', 'January 22nd, 1942', '22-01-1942', '22nd January, 1942', '1942/01/22']"
2011,February,4,"['04-02-2011', '02/04/2011', 'February 4th, 2011', '2011/02/04', '2011-02-04', '4th February, 2011', '04 Feb 2011']"
1918,April,26,['1918-04-26']
2064,July,1,"['07/01/2064', '1st July, 2064', '01/07/2064', '01-07-2064', '2064-07-01', '01 Jul 2064']"
1963,July,20,"['20/07/1963', '1963/07/20', '07/20/1963', '20 Jul 1963', '1963-07-20', '20th July, 1963']"
2014,September,30,"['30/09/2014', 'September 30th, 2014', '30-09-2014', '30 Sep 2014', '30th September, 2014']"
1915,September,16,"['1915-09-16', '16th September, 1915']"
1927,January,20,"['January 20th, 1927', '20/01/1927', '20 Jan 1927', '20-01-1927', '01/20/1927']"
1940,June,13,['13-06-1940']
2031,July,12,"['2031/07/12', '12 Jul 2031', '12th July, 2031', '2031-07-12', '12/07/2031', '07/12/2031', 'July 12th, 2031', '12-07-2031']"
2012,October,1,"['2012/10/01', '2012-10-01', '01-10-2012', '1st October, 2012', '10/01/2012']"
2056,December,27,['27 Dec 2056']
2011,March,9,"['03/09/2011', '09 Mar 2011', '09/03/2011', '2011/03/09', '09-03-2011', '9th March, 2011']"
2038,February,14,"['February 14th, 2038', '14 Feb 2038', '2038-02-14', '14/02/2038', '02/14/2038', '14th February, 2038']"
1948,February,3,['1948/02/03']
1918,December,21,"['21 Dec 1918', '21/12/1918', '21st December, 1918']"
2059,July,3,"['July 3rd, 2059']"
2092,December,19,"['12/19/2092', '19-12-2092', '19 Dec 2092', '19th December, 2092', '2092/12/19', '19/12/2092']"
2016,April,25,"['25/04/2016', 'April 25th, 2016', '2016/04/25', '04/25/2016']"
2060,July,25,"['2060-07-25', '25/07/2060', '07/25/2060', '25-07-2060', '25 Jul 2060', 'July 25th, 2060']"
1926,March,31,"['1926-03-31', '31 Mar 1926', '03/31/1926', 'March 31st, 1926', '31-03-1926', '31st March, 1926']"
1966,September,10,"['September 10th, 1966', '10/09/1966', '09/10/1966', '1966-09-10', '10th September, 1966']"
1962,June,12,"['12th June, 1962', 'June 12th, 1962']"
2021,February,9,"['09 Feb 2021', '9th February, 2021', '2021-02-09', 'February 9th, 2021', '2021/02/09', '02/09/2021']"
1966,March,24,"['24/03/1966', 'March 24th, 1966', '24-03-1966', '24th March, 1966', '1966/03/24', '1966-03-24', '24 Mar 1966']"
2044,February,23,"['February 23rd, 2044', '23/02/2044', '02/23/2044']"
2048,August,13,"['13 Aug 2048', '08/13/2048', '2048-08-13', '13th August, 2048', '2048/08/13', '13-08-2048', 'August 13th, 2048']"
2010,February,23,"['23/02/2010', 'February 23rd, 2010', '02/23/2010', '2010/02/23', '2010-02-23', '23 Feb 2010']"
1941,December,2,"['2nd December, 1941', '02-12-1941']"
2075,December,28,"['28/12/2075', '28 Dec 2075']"
2049,August,10,"['10 Aug 2049', '10-08-2049', 'August 10th, 2049']"
2052,August,24,"['24/08/2052', '2052/08/24', '24th August, 2052', '2052-08-24', '08/24/2052', '24 Aug 2052', '24-08-2052', 'August 24th, 2052']"
2096,February,29,"['29 Feb 2096', '29th February, 2096', '02/29/2096']"
1992,March,21,"['1992-03-21', '21 Mar 1992', '1992/03/21', '21/03/1992', 'March 21st, 1992', '21-03-1992']"
1949,November,12,"['1949/11/12', '12th November, 1949', '12-11-1949']"
1983,November,2,"['11/02/1983', '2nd November, 1983', '1983-11-02', '1983/11/02', 'November 2nd, 1983', '02/11/1983', '02-11-1983', '02 Nov 1983']"
1937,November,11,"['11 Nov 1937', '1937/11/11', '11th November, 1937', '11/11/1937', '11/11/1937', '11-11-1937', 'November 11th, 1937', '1937-11-11']"
1979,June,19,"['19-06-1979', '1979-06-19', 'June 19th, 1979', '06/19/1979', '19/06/1979', '19th June, 1979', '19 Jun 1979']"
1946,December,29,"['29/12/1946', '29-12-1946', '12/29/1946', '1946-12-29', 'December 29th, 1946']"
1981,September,28,"['28/09/1981', '1981/09/28', '28th September, 1981', '09/28/1981', '28-09-1981', 'September 28th, 1981']"
1990,February,21,"['21 Feb 1990', '02/21/1990', '21-02-1990', '21/02/1990']"
1987,January,30,"['1987/01/30', 'January 30th, 1987', '30/01/1987', '1987-01-30', '30-01-1987', '30 Jan 1987']"
2064,January,11,"['11th January, 2064', '2064-01-11', 'January 11th, 2064']"
2001,July,8,"['July 8th, 2001', '2001/07/08', '8th July, 2001', '07/08/2001', '08-07-2001', '08/07/2001']"
1947,June,1,"['1947-06-01', '01 Jun 1947', '06/01/1947', '01-06-1947']"
2067,October,17,"['17th October, 2067', '2067/10/17']"
1968,March,17,"['17-03-1968', '17 Mar 1968']"
1970,October,5,"['1970-10-05', '1970/10/05', 'October 5th, 1970']"
2000,June,5,"['2000/06/05', '5th June, 2000', '2000-06-05']"
1927,October,31,"['October 31st, 1927', '31 Oct 1927', '31-10-1927', '1927/10/31', '31/10/1927']"
2093,February,15,"['2093-02-15', '15/02/2093', 'February 15th, 2093', '02/15/2093', '15-02-2093', '2093/02/15']"
1939,December,24,"['24/12/1939', 'December 24th, 1939', '1939-12-24', '24 Dec 1939']"
2047,August,21,"['08/21/2047', '2047/08/21', '21/08/2047', '21st August, 2047', 'August 21st, 2047', '21-08-2047', '21 Aug 2047']"
1981,March,10,"['10 Mar 1981', '1981/03/10', '1981-03-10', '10th March, 1981']"
2051,May,7,"['07/05/2051', '2051-05-07', '2051/05/07', '07-05-2051', '7th May, 2051', 'May 7th, 2051', '07 May 2051']"
2017,November,12,"['11/12/2017', '2017/11/12', '12/11/2017', '12-11-2017', 'November 12th, 2017']"
1998,September,16,"['September 16th, 1998', '1998/09/16', '16/09/1998']"
1984,November,8,"['1984-11-08', '8th November, 1984']"
2099,January,28,"['2099-01-28', 'January 28th, 2099', '01/28/2099', '28 Jan 2099']"
1941,November,7,"['7th November, 1941', '07-11-1941', 'November 7th, 1941', '11/07/1941', '1941-11-07']"
1968,May,11,"['11 May 1968', 'May 11th, 1968', '1968-05-11', '11-05-1968']"
1926,August,13,"['1926/08/13', '08/13/1926', '13-08-1926']"
2074,September,28,"['28-09-2074', 'September 28th, 2074', '28th September, 2074', '2074-09-28', '09/28/2074']"
1991,February,14,"['14 Feb 1991', '1991-02-14', '14-02-1991', 'February 14th, 1991', '02/14/1991']"
2073,December,17,['17-12-2073']
1994,December,20,"['December 20th, 1994', '20 Dec 1994']"
2090,June,5,"['06/05/2090', '2090-06-05', '05 Jun 2090', '5th June, 2090', '05/06/2090', '05-06-2090', '2090/06/05']"
1940,May,15,"['15/05/1940', 'May 15th, 1940', '1940-05-15', '15th May, 1940']"
2076,November,15,"['15-11-2076', '15th November, 2076', '2076/11/15', '11/15/2076']"
2086,July,13,"['07/13/2086', '2086/07/13', '13 Jul 2086', '13th July, 2086', '13-07-2086', '13/07/2086', '2086-07-13', 'July 13th, 2086']"
1920,February,15,"['February 15th, 1920', '15th February, 1920', '1920/02/15', '15/02/1920']"
2007,March,13,"['2007/03/13', '13-03-2007', '13 Mar 2007', 'March 13th, 2007']"
1944,July,7,"['1944-07-07', '07/07/1944', '07-07-1944', '07/07/1944', '7th July, 1944']"
1986,December,19,"['12/19/1986', '19 Dec 1986', '19-12-1986', 'December 19th, 1986', '1986/12/19', '1986-12-19']"
1925,July,20,"['20/07/1925', 'July 20th, 1925', '20 Jul 1925', '20-07-1925', '1925/07/20']"
2024,January,2,"['January 2nd, 2024', '02 Jan 2024', '2nd January, 2024', '02-01-2024']"
1918,August,17,"['1918-08-17', '17th August, 1918', '1918/08/17', '08/17/1918', 'August 17th, 1918', '17/08/1918', '17 Aug 1918']"
2017,July,8,"['8th July, 2017', '08 Jul 2017', '07/08/2017', '2017-07-08', '08/07/2017']"
2071,March,20,"['20th March, 2071', '2071/03/20', '20 Mar 2071', '2071-03-20', '20/03/2071', '20-03-2071', '03/20/2071']"
1968,April,12,"['April 12th, 1968', '1968/04/12', '12th April, 1968', '12-04-1968', '12/04/1968', '12 Apr 1968']"
2066,October,25,"['October 25th, 2066', '25/10/2066', '25 Oct 2066', '25th October, 2066', '2066/10/25', '25-10-2066']"
2021,July,23,"['23-07-2021', '23 Jul 2021', '07/23/2021', 'July 23rd, 2021', '2021/07/23']"
1918,April,28,['1918-04-28']
2053,December,26,"['December 26th, 2053', '2053-12-26', '26th December, 2053', '26-12-2053', '12/26/2053', '26 Dec 2053', '2053/12/26']"
2072,November,24,"['2072/11/24', '24-11-2072', '2072-11-24', '24th November, 2072', '11/24/2072', '24 Nov 2072', '24/11/2072', 'November 24th, 2072']"
2086,June,28,['28-06-2086']
1981,November,6,"['06-11-1981', '6th November, 1981', '06/11/1981', '1981/11/06', '11/06/1981', '1981-11-06']"
2008,August,17,"['17 Aug 2008', 'August 17th, 2008', '2008-08-17']"
1900,May,22,"['05/22/1900', '22-05-1900', '22 May 1900', '1900-05-22', 'May 22nd, 1900', '22nd May, 1900']"
2007,December,10,"['2007-12-10', '10th December, 2007', '10/12/2007', '10 Dec 2007', '2007/12/10', '12/10/2007', 'December 10th, 2007', '10-12-2007']"
2091,February,19,"['2091-02-19', '19/02/2091', '19-02-2091', '2091/02/19', '19 Feb 2091']"
1940,January,15,"['1940-01-15', '01/15/1940', '15 Jan 1940', '15-01-1940', 'January 15th, 1940', '15/01/1940']"
1915,May,21,"['May 21st, 1915', '21/05/1915']"
1976,May,24,"['1976-05-24', '24 May 1976', '24/05/1976', '24-05-1976', '05/24/1976', '1976/05/24', 'May 24th, 1976']"
2081,August,16,"['16/08/2081', '2081/08/16', 'August 16th, 2081', '08/16/2081', '16 Aug 2081', '2081-08-16', '16-08-2081', '16th August, 2081']"
2018,May,7,"['07 May 2018', '2018/05/07', '05/07/2018', '07/05/2018', 'May 7th, 2018', '7th May, 2018', '07-05-2018', '2018-05-07']"
2070,October,10,"['2070/10/10', '10 Oct 2070', '10-10-2070', '10/10/2070', 'October 10th, 2070', '10th October, 2070', '10/10/2070']"
2001,January,6,"['6th January, 2001', '2001-01-06', '06-01-2001', '06 Jan 2001', '06/01/2001', '2001/01/06', '01/06/2001']"
2033,June,28,['28/06/2033']
1960,February,29,"['29-02-1960', 'February 29th, 1960', '02/29/1960', '29/02/1960', '29 Feb 1960', '1960-02-29', '29th February, 1960']"
1997,July,25,"['07/25/1997', '25-07-1997', '25 Jul 1997', '25/07/1997', '1997-07-25', '1997/07/25', 'July 25th, 1997', '25th July, 1997']"
1902,December,22,"['12/22/1902', 'December 22nd, 1902']"
2073,June,14,"['June 14th, 2073', '14th June, 2073']"
2025,October,2,"['October 2nd, 2025', '02-10-2025', '10/02/2025', '02 Oct 2025']"
1907,March,8,"['08-03-1907', '08/03/1907', '8th March, 1907', '1907/03/08', '1907-03-08', 'March 8th, 1907', '08 Mar 1907', '03/08/1907']"
1979,July,13,"['13th July, 1979', '13 Jul 1979', '13/07/1979', '07/13/1979', '13-07-1979', '1979/07/13', '1979-07-13', 'July 13th, 1979']"
1949,November,4,"['04/11/1949', '11/04/1949', 'November 4th, 1949']"
2088,April,29,"['29-04-2088', '29th April, 2088', '29/04/2088']"
2052,June,26,['2052-06-26']
1994,June,30,"['1994-06-30', '30-06-1994', '30th June, 1994', 'June 30th, 1994']"
2043,December,28,"['28th December, 2043', '28 Dec 2043', '28-12-2043', '12/28/2043', '28/12/2043']"
2049,September,16,"['2049-09-16', '09/16/2049', '16-09-2049']"
1901,September,14,"['14 Sep 1901', '09/14/1901', 'September 14th, 1901']"
1969,December,29,"['1969/12/29', '29/12/1969', '29th December, 1969', 'December 29th, 1969', '29 Dec 1969', '12/29/1969']"
2064,March,12,"['12th March, 2064', '2064-03-12']"
2028,July,15,"['15 Jul 2028', '15/07/2028']"
1980,October,26,"['1980/10/26', '26/10/1980', '26th October, 1980', '10/26/1980', 'October 26th, 1980', '1980-10-26']"
2001,September,1,['09/01/2001']
1939,March,25,"['1939-03-25', '1939/03/25', '25th March, 1939', '03/25/1939', '25-03-1939', 'March 25th, 1939', '25/03/1939', '25 Mar 1939']"
1917,March,9,['1917/03/09']
1974,December,18,"['18 Dec 1974', '18/12/1974', '18-12-1974', '1974/12/18', '12/18/1974', '1974-12-18']"
2083,April,17,"['17/04/2083', '17-04-2083', '2083-04-17', '17th April, 2083', '2083/04/17', 'April 17th, 2083', '17 Apr 2083']"
2043,February,28,"['2043/02/28', '2043-02-28', 'February 28th, 2043', '28th February, 2043', '28 Feb 2043', '28/02/2043']"
2060,February,13,"['13-02-2060', '02/13/2060', '13 Feb 2060', 'February 13th, 2060', '2060/02/13', '2060-02-13']"
2085,March,22,"['2085/03/22', '2085-03-22', '03/22/2085', 'March 22nd, 2085', '22nd March, 2085']"
1982,February,11,"['11 Feb 1982', '11th February, 1982', '02/11/1982']"
2027,September,9,"['09-09-2027', 'September 9th, 2027']"
2054,August,20,"['20-08-2054', '2054/08/20', 'August 20th, 2054', '20 Aug 2054', '20/08/2054', '20th August, 2054', '08/20/2054']"
2085,October,5,"['10/05/2085', '2085-10-05', '05-10-2085', '05 Oct 2085']"
1952,August,28,"['28/08/1952', '08/28/1952', 'August 28th, 1952']"
1940,February,28,"['28/02/1940', '1940-02-28', 'February 28th, 1940', '28 Feb 1940']"
2039,August,30,"['2039-08-30', 'August 30th, 2039', '30/08/2039', '08/30/2039', '30th August, 2039']"
2026,November,18,"['2026-11-18', '18-11-2026', '2026/11/18', '18/11/2026', '11/18/2026']"
1972,September,27,"['September 27th, 1972', '27/09/1972', '27th September, 1972', '27 Sep 1972', '1972-09-27', '09/27/1972', '1972/09/27']"
2037,May,30,"['2037-05-30', '05/30/2037', '30-05-2037', '2037/05/30', '30 May 2037', '30/05/2037', 'May 30th, 2037']"
2011,January,13,"['January 13th, 2011', '13-01-2011', '13/01/2011', '2011-01-13', '13 Jan 2011', '01/13/2011']"
2066,August,26,"['08/26/2066', '26 Aug 2066', '2066-08-26']"
1923,July,21,"['21/07/1923', '1923/07/21', '21-07-1923', '21st July, 1923', '07/21/1923', '21 Jul 1923']"
2072,January,16,"['2072-01-16', '2072/01/16', '16-01-2072', 'January 16th, 2072', '16 Jan 2072']"
1934,June,7,"['1934/06/07', '07/06/1934', 'June 7th, 1934', '7th June, 1934']"
1909,June,4,"['04/06/1909', '06/04/1909', '4th June, 1909', '04 Jun 1909', '1909/06/04', '1909-06-04']"
1997,May,29,"['29 May 1997', '1997/05/29', '05/29/1997', '29/05/1997']"
2095,November,28,"['28 Nov 2095', '2095/11/28', '28/11/2095', '28-11-2095', '28th November, 2095']"
1948,July,17,"['1948-07-17', '17-07-1948', '1948/07/17', '07/17/1948', '17 Jul 1948', '17th July, 1948', '17/07/1948', 'July 17th, 1948']"
1903,March,21,"['March 21st, 1903', '21/03/1903']"
2099,September,20,"['September 20th, 2099']"
1924,July,31,"['31/07/1924', '31st July, 1924', '31-07-1924', '31 Jul 1924', '07/31/1924']"
1972,April,18,"['04/18/1972', '1972/04/18', '1972-04-18', '18-04-1972', '18th April, 1972', '18 Apr 1972', '18/04/1972', 'April 18th, 1972']"
2066,May,29,['2066-05-29']
1909,March,20,"['March 20th, 1909', '1909-03-20', '20th March, 1909', '03/20/1909', '20 Mar 1909', '1909/03/20', '20-03-1909', '20/03/1909']"
1972,September,29,"['29 Sep 1972', 'September 29th, 1972', '09/29/1972', '1972/09/29', '1972-09-29']"
2098,May,24,"['24th May, 2098']"
1982,July,31,"['31 Jul 1982', '1982-07-31', 'July 31st, 1982', '31-07-1982', '07/31/1982', '31st July, 1982']"
1990,March,21,"['1990-03-21', '1990/03/21', 'March 21st, 1990', '21-03-1990', '21/03/1990', '21st March, 1990', '21 Mar 1990']"
2053,March,25,"['25th March, 2053', '2053/03/25', '25 Mar 2053', 'March 25th, 2053']"
2054,May,1,"['01/05/2054', '2054/05/01', '1st May, 2054', 'May 1st, 2054', '2054-05-01', '05/01/2054', '01 May 2054']"
2079,October,17,"['17th October, 2079']"
2073,September,12,"['2073/09/12', '09/12/2073']"
2052,September,17,"['17/09/2052', 'September 17th, 2052', '17-09-2052', '2052-09-17']"
2083,June,9,"['09 Jun 2083', '9th June, 2083', '2083/06/09', '09-06-2083', '2083-06-09', 'June 9th, 2083']"
2074,May,3,"['2074-05-03', 'May 3rd, 2074', '03-05-2074', '2074/05/03', '3rd May, 2074', '03 May 2074']"
2021,October,21,"['21 Oct 2021', '2021/10/21', '21/10/2021', '2021-10-21', '21st October, 2021', '21-10-2021', '10/21/2021']"
1979,March,13,"['1979/03/13', '1979-03-13', '13th March, 1979', '03/13/1979']"
2089,July,26,"['26-07-2089', '26th July, 2089', '26 Jul 2089', '26/07/2089']"
2058,July,10,"['10/07/2058', '2058/07/10', '10 Jul 2058', '07/10/2058', '2058-07-10', '10th July, 2058', '10-07-2058', 'July 10th, 2058']"
1937,May,22,"['22-05-1937', '1937-05-22', '22 May 1937', '05/22/1937', '22nd May, 1937', '1937/05/22']"
2025,April,7,"['07-04-2025', '07/04/2025', '2025-04-07', '04/07/2025', '07 Apr 2025', '7th April, 2025']"
2089,October,16,"['2089-10-16', '16-10-2089', '16/10/2089', '10/16/2089', '2089/10/16', '16th October, 2089', '16 Oct 2089']"
1932,December,11,"['1932-12-11', '11-12-1932', '11th December, 1932', '1932/12/11', 'December 11th, 1932', '11/12/1932', '11 Dec 1932', '12/11/1932']"
2008,March,4,"['03/04/2008', '4th March, 2008', '2008-03-04', '04/03/2008']"
1914,August,26,"['26-08-1914', '26 Aug 1914', 'August 26th, 1914', '1914/08/26', '1914-08-26', '26th August, 1914', '26/08/1914', '08/26/1914']"
1961,March,18,"['18-03-1961', '18th March, 1961', '18/03/1961', 'March 18th, 1961', '1961-03-18', '18 Mar 1961', '03/18/1961', '1961/03/18']"
2028,October,25,"['2028-10-25', '25-10-2028', '25th October, 2028', '2028/10/25']"
1909,June,16,"['06/16/1909', '1909/06/16', '16 Jun 1909', '16th June, 1909', '16/06/1909', '1909-06-16', 'June 16th, 1909']"
1936,May,23,"['23rd May, 1936', 'May 23rd, 1936', '23 May 1936']"
2064,December,9,"['09/12/2064', '09-12-2064', '12/09/2064', '2064/12/09', 'December 9th, 2064', '9th December, 2064', '09 Dec 2064', '2064-12-09']"
1918,October,17,"['17th October, 1918']"
1953,February,2,"['February 2nd, 1953', '1953-02-02']"
2072,October,31,"['31/10/2072', '2072-10-31', '31st October, 2072', 'October 31st, 2072', '31 Oct 2072', '10/31/2072', '2072/10/31', '31-10-2072']"
1924,March,10,"['10 Mar 1924', '10/03/1924', '03/10/1924', '1924-03-10', '1924/03/10', '10-03-1924']"
1984,April,22,"['22 Apr 1984', '22/04/1984', 'April 22nd, 1984', '22nd April, 1984', '04/22/1984', '1984-04-22', '1984/04/22', '22-04-1984']"
2008,January,21,"['2008/01/21', '21/01/2008', '21 Jan 2008', '21-01-2008', 'January 21st, 2008', '01/21/2008']"
2048,May,14,"['2048-05-14', 'May 14th, 2048', '14/05/2048', '14 May 2048']"
2058,June,4,"['04-06-2058', '06/04/2058', '2058-06-04', '4th June, 2058', '04 Jun 2058']"
1953,March,28,"['28th March, 1953', '03/28/1953', '28/03/1953']"
2014,November,25,"['25 Nov 2014', '25-11-2014', '2014-11-25', '2014/11/25', '25/11/2014', '25th November, 2014', '11/25/2014']"
2081,August,23,"['August 23rd, 2081', '23rd August, 2081', '23/08/2081', '2081-08-23', '2081/08/23']"
1982,December,24,"['24/12/1982', '12/24/1982', '1982-12-24', 'December 24th, 1982', '24-12-1982', '24th December, 1982', '24 Dec 1982']"
1911,December,22,"['22nd December, 1911', 'December 22nd, 1911', '1911/12/22', '22 Dec 1911', '1911-12-22', '22/12/1911']"
2034,May,13,"['13-05-2034', '05/13/2034', '13 May 2034']"
2053,May,19,['19-05-2053']
1925,March,30,"['30-03-1925', '1925/03/30', '1925-03-30', '30 Mar 1925', '30/03/1925', 'March 30th, 1925', '30th March, 1925', '03/30/1925']"
2042,April,1,"['01/04/2042', '2042-04-01']"
2000,February,23,"['23rd February, 2000', '2000/02/23']"
2055,April,27,"['04/27/2055', '27/04/2055', '27th April, 2055', '2055-04-27', '27-04-2055', '2055/04/27', 'April 27th, 2055']"
2098,February,18,"['2098/02/18', '02/18/2098', '18-02-2098', '18 Feb 2098', '18th February, 2098', 'February 18th, 2098', '2098-02-18', '18/02/2098']"
2092,July,18,"['07/18/2092', 'July 18th, 2092']"
1987,November,12,"['12th November, 1987']"
2090,September,26,"['September 26th, 2090', '26-09-2090', '2090/09/26', '09/26/2090']"
2035,May,25,"['May 25th, 2035', '25th May, 2035', '25-05-2035', '2035/05/25', '25/05/2035', '25 May 2035', '05/25/2035']"
1945,March,26,"['26-03-1945', '1945/03/26', '26th March, 1945', '26/03/1945', 'March 26th, 1945', '1945-03-26', '26 Mar 1945', '03/26/1945']"
2031,January,22,"['January 22nd, 2031', '2031-01-22', '22nd January, 2031', '22-01-2031', '22 Jan 2031', '01/22/2031']"
2075,December,31,"['2075-12-31', '12/31/2075']"
1914,July,23,"['1914/07/23', '23/07/1914', '23-07-1914', '1914-07-23', 'July 23rd, 1914', '23 Jul 1914', '07/23/1914', '23rd July, 1914']"
1900,August,20,"['08/20/1900', '20-08-1900', 'August 20th, 1900', '20th August, 1900', '20/08/1900', '20 Aug 1900', '1900/08/20', '1900-08-20']"
1930,December,28,"['28th December, 1930']"
2032,July,21,"['07/21/2032', '2032/07/21', 'July 21st, 2032']"
1940,December,21,['21/12/1940']
2014,August,1,['08/01/2014']
1917,March,14,['1917/03/14']
1936,November,19,"['November 19th, 1936']"
1920,March,19,"['19th March, 1920', '03/19/1920', 'March 19th, 1920']"
1915,August,16,"['1915/08/16', '16 Aug 1915', '08/16/1915', '16th August, 1915', 'August 16th, 1915', '1915-08-16']"
2087,July,2,"['2087-07-02', '02/07/2087', '2087/07/02', '02 Jul 2087', 'July 2nd, 2087']"
2018,August,3,"['03/08/2018', 'August 3rd, 2018', '03-08-2018', '03 Aug 2018', '08/03/2018', '2018-08-03', '2018/08/03', '3rd August, 2018']"
1988,March,10,"['March 10th, 1988', '10-03-1988', '03/10/1988', '1988/03/10']"
1983,August,9,"['09-08-1983', 'August 9th, 1983', '09 Aug 1983']"
1931,March,5,"['05 Mar 1931', 'March 5th, 1931', '05-03-1931', '03/05/1931', '1931-03-05', '05/03/1931', '5th March, 1931', '1931/03/05']"
1945,May,24,"['24 May 1945', '1945-05-24', '1945/05/24', 'May 24th, 1945', '24/05/1945', '24-05-1945']"
1954,October,20,"['20th October, 1954']"
1932,December,14,"['14-12-1932', '14/12/1932', 'December 14th, 1932', '12/14/1932', '1932/12/14', '14 Dec 1932', '14th December, 1932', '1932-12-14']"
2068,May,28,"['28/05/2068', '28th May, 2068', '28-05-2068', '28 May 2068', 'May 28th, 2068']"
1974,May,11,['11 May 1974']
2073,July,26,['07/26/2073']
1985,April,5,"['04/05/1985', '5th April, 1985', '05-04-1985', '05/04/1985', '1985/04/05', '1985-04-05', '05 Apr 1985']"
1978,July,9,"['1978/07/09', '07/09/1978', '09-07-1978', '1978-07-09', 'July 9th, 1978', '09/07/1978', '9th July, 1978', '09 Jul 1978']"
1959,March,29,['29/03/1959']
1921,December,5,['05-12-1921']
1948,July,24,"['July 24th, 1948', '1948/07/24', '07/24/1948', '24th July, 1948', '24/07/1948', '24 Jul 1948', '24-07-1948', '1948-07-24']"
1948,December,12,['12-12-1948']
1993,December,25,['25/12/1993']
1968,December,2,"['1968-12-02', '2nd December, 1968', '02-12-1968', '02/12/1968', '02 Dec 1968', '12/02/1968']"
1933,December,7,"['12/07/1933', '7th December, 1933', 'December 7th, 1933', '07/12/1933', '07-12-1933', '07 Dec 1933']"
2078,January,3,['01/03/2078']
2022,October,28,"['28/10/2022', '2022/10/28', '10/28/2022', '28-10-2022']"
2092,October,28,"['2092/10/28', '28 Oct 2092', '28/10/2092', '28-10-2092', '28th October, 2092', '2092-10-28', '10/28/2092']"
1996,October,17,"['1996-10-17', '10/17/1996', '17-10-1996', '17 Oct 1996', '1996/10/17', '17/10/1996']"
2007,June,28,"['28th June, 2007', '28 Jun 2007', '06/28/2007', '28-06-2007']"
1961,July,1,"['01/07/1961', '01-07-1961', '01 Jul 1961', '07/01/1961', 'July 1st, 1961']"
1944,October,14,['14 Oct 1944']
2010,September,27,"['27 Sep 2010', '2010-09-27']"
1941,March,12,"['1941/03/12', '12th March, 1941', '1941-03-12', '03/12/1941', '12/03/1941', '12-03-1941', 'March 12th, 1941', '12 Mar 1941']"
1913,January,16,"['16/01/1913', '01/16/1913', 'January 16th, 1913', '16th January, 1913', '16-01-1913', '16 Jan 1913', '1913-01-16', '1913/01/16']"
2039,August,8,"['8th August, 2039', '2039/08/08', '08/08/2039', '08 Aug 2039', '2039-08-08', 'August 8th, 2039', '08-08-2039']"
2033,November,8,"['08 Nov 2033', '2033/11/08', 'November 8th, 2033', '08/11/2033', '11/08/2033', '08-11-2033']"
1998,August,18,"['1998-08-18', '08/18/1998', '18-08-1998', '18th August, 1998', '1998/08/18', '18/08/1998', 'August 18th, 1998', '18 Aug 1998']"
1934,July,13,['1934-07-13']
2054,September,18,"['09/18/2054', 'September 18th, 2054', '2054-09-18', '2054/09/18', '18 Sep 2054', '18-09-2054', '18/09/2054']"
1967,July,1,"['1967-07-01', '01 Jul 1967', '01-07-1967', '1st July, 1967']"
1944,August,11,"['11th August, 1944']"
1935,December,4,"['4th December, 1935', '12/04/1935', '1935-12-04', '04-12-1935', '04/12/1935', '04 Dec 1935', 'December 4th, 1935', '1935/12/04']"
1935,October,14,"['10/14/1935', '1935-10-14', 'October 14th, 1935', '14th October, 1935', '14/10/1935']"
2037,September,5,"['2037-09-05', '2037/09/05']"
2068,February,2,"['2068/02/02', '02/02/2068', '02-02-2068']"
2045,March,6,"['2045-03-06', '03/06/2045', '6th March, 2045', 'March 6th, 2045', '2045/03/06', '06/03/2045', '06 Mar 2045']"
1907,May,16,"['May 16th, 1907', '1907-05-16', '1907/05/16', '05/16/1907']"
2099,November,6,"['2099/11/06', '06 Nov 2099']"
1929,March,2,"['02-03-1929', '1929-03-02', '2nd March, 1929', 'March 2nd, 1929', '1929/03/02', '02/03/1929', '03/02/1929']"
1927,December,28,"['12/28/1927', 'December 28th, 1927', '1927-12-28', '28 Dec 1927', '1927/12/28', '28th December, 1927']"
1926,September,26,"['09/26/1926', '26th September, 1926']"
2023,April,11,"['April 11th, 2023', '11/04/2023', '2023-04-11', '11th April, 2023', '11 Apr 2023', '11-04-2023', '04/11/2023']"
1901,December,6,"['1901/12/06', '1901-12-06']"
2090,March,9,"['03/09/2090', '09/03/2090', '2090/03/09', '09-03-2090', '09 Mar 2090']"
2006,August,8,"['08-08-2006', '8th August, 2006', '08 Aug 2006']"
1902,April,10,"['10 Apr 1902', '10-04-1902', '10/04/1902', '10th April, 1902']"
1904,July,8,"['July 8th, 1904', '07/08/1904', '1904/07/08']"
1974,July,22,"['22 Jul 1974', '22/07/1974', '1974-07-22', '07/22/1974', '1974/07/22', '22nd July, 1974', '22-07-1974', 'July 22nd, 1974']"
2011,April,6,"['6th April, 2011', 'April 6th, 2011', '06 Apr 2011', '06/04/2011', '2011-04-06']"
2067,September,27,"['September 27th, 2067', '09/27/2067', '27-09-2067', '27 Sep 2067', '27/09/2067', '2067/09/27', '27th September, 2067']"
2052,April,12,"['12-04-2052', '04/12/2052']"
2071,October,14,"['14-10-2071', '14/10/2071']"
1937,December,4,"['04-12-1937', 'December 4th, 1937', '4th December, 1937', '1937-12-04', '12/04/1937', '1937/12/04']"
1938,March,20,"['20 Mar 1938', '03/20/1938', '20/03/1938', '1938-03-20', '1938/03/20', '20-03-1938']"
2004,July,21,['21-07-2004']
1980,January,24,['1980/01/24']
2037,January,24,"['24-01-2037', '24 Jan 2037', '24/01/2037', '2037/01/24', '01/24/2037']"
1966,July,30,['1966-07-30']
2042,August,15,"['15 Aug 2042', '08/15/2042', '15-08-2042']"
1925,June,26,"['26th June, 1925', '06/26/1925', '26-06-1925', 'June 26th, 1925', '26 Jun 1925']"
1906,August,23,"['1906-08-23', '23 Aug 1906', '23rd August, 1906', '23-08-1906', 'August 23rd, 1906', '1906/08/23']"
2072,June,21,"['2072/06/21', '21 Jun 2072', 'June 21st, 2072']"
2028,May,23,"['23/05/2028', '2028/05/23']"
1929,October,22,"['22 Oct 1929', '22nd October, 1929', '1929-10-22']"
2072,May,18,"['18/05/2072', '18 May 2072', '2072-05-18']"
1956,December,26,"['26-12-1956', '1956-12-26']"
1983,July,21,"['July 21st, 1983', '1983-07-21', '1983/07/21', '07/21/1983']"
2052,September,2,"['September 2nd, 2052']"
2037,January,10,"['2037-01-10', 'January 10th, 2037']"
2031,November,1,"['November 1st, 2031', '2031-11-01']"
1961,March,14,"['1961-03-14', '03/14/1961', '14 Mar 1961', '14th March, 1961']"
1933,September,27,"['27 Sep 1933', 'September 27th, 1933']"
1932,December,27,"['December 27th, 1932']"
2006,November,25,"['11/25/2006', '2006-11-25', '25 Nov 2006', '25th November, 2006', 'November 25th, 2006']"
1908,September,9,"['09-09-1908', '9th September, 1908', '09/09/1908', '1908/09/09', 'September 9th, 1908', '1908-09-09', '09/09/1908']"
1951,January,3,"['January 3rd, 1951']"
2020,October,24,"['2020-10-24', '2020/10/24', '10/24/2020', '24/10/2020', '24th October, 2020']"
1977,September,27,['09/27/1977']
2066,April,17,"['2066-04-17', '17th April, 2066', '2066/04/17', 'April 17th, 2066', '04/17/2066', '17-04-2066', '17/04/2066']"
1982,July,20,"['1982/07/20', '1982-07-20', '20-07-1982', '20/07/1982', '20 Jul 1982', '07/20/1982']"
2044,February,26,"['02/26/2044', '26/02/2044', '2044/02/26', 'February 26th, 2044']"
1958,May,25,"['25-05-1958', '1958-05-25', '1958/05/25']"
2056,May,23,"['23-05-2056', '2056/05/23', '23rd May, 2056', '05/23/2056', '23 May 2056', 'May 23rd, 2056', '23/05/2056', '2056-05-23']"
1990,May,2,['1990/05/02']
2094,September,27,"['27/09/2094', '09/27/2094', '27-09-2094', '2094-09-27', 'September 27th, 2094']"
1906,February,16,"['February 16th, 1906', '16th February, 1906', '16 Feb 1906', '16-02-1906', '1906/02/16']"
2016,August,6,"['2016/08/06', '06/08/2016', '6th August, 2016', '06-08-2016', '06 Aug 2016']"
2019,October,26,"['26th October, 2019', 'October 26th, 2019', '2019-10-26', '26/10/2019', '26-10-2019', '10/26/2019', '2019/10/26', '26 Oct 2019']"
1984,August,25,"['08/25/1984', '25th August, 1984', '1984/08/25', '25/08/1984', '1984-08-25']"
2041,November,5,"['05/11/2041', '05-11-2041', '11/05/2041']"
1969,October,29,"['10/29/1969', '29/10/1969', '1969-10-29', '29th October, 1969', '29-10-1969']"
1930,October,6,"['1930/10/06', '1930-10-06', '10/06/1930', 'October 6th, 1930', '06/10/1930', '06-10-1930', '6th October, 1930', '06 Oct 1930']"
2078,July,5,"['July 5th, 2078', '07/05/2078', '2078/07/05']"
1919,April,5,"['1919-04-05', '05-04-1919', '05 Apr 1919', '05/04/1919']"
2018,September,6,"['06-09-2018', '2018-09-06']"
1989,April,18,"['18/04/1989', '18 Apr 1989', '1989-04-18']"
1955,May,26,['26/05/1955']
1902,June,10,"['1902/06/10', '06/10/1902']"
2038,May,4,['04/05/2038']
1966,September,18,"['1966-09-18', '18/09/1966']"
1974,January,6,['1974-01-06']
2085,August,11,"['08/11/2085', 'August 11th, 2085', '2085-08-11', '11th August, 2085', '11 Aug 2085']"
2072,June,9,"['09-06-2072', '06/09/2072', '2072/06/09', 'June 9th, 2072', '2072-06-09', '9th June, 2072']"
2000,December,9,"['09-12-2000', '2000-12-09', '9th December, 2000', '2000/12/09', '09/12/2000', '12/09/2000']"
1962,January,16,"['16-01-1962', '16 Jan 1962', '01/16/1962', '16th January, 1962', '1962-01-16', '16/01/1962']"
1918,May,29,"['29th May, 1918', '29/05/1918', '29 May 1918', '05/29/1918']"
2089,May,8,"['08 May 2089', '2089-05-08']"
1979,February,28,"['1979-02-28', 'February 28th, 1979', '28-02-1979', '28th February, 1979']"
1942,October,17,"['17/10/1942', 'October 17th, 1942', '17 Oct 1942', '10/17/1942', '1942/10/17', '17th October, 1942']"
1901,February,11,"['11th February, 1901', '11-02-1901', 'February 11th, 1901']"
1991,December,16,"['1991/12/16', 'December 16th, 1991', '16 Dec 1991', '1991-12-16']"
1902,May,29,"['29 May 1902', '1902/05/29', '29/05/1902', '05/29/1902', '29-05-1902', '29th May, 1902', '1902-05-29']"
1998,September,12,"['1998/09/12', '1998-09-12', '12 Sep 1998', '12th September, 1998', '12/09/1998', 'September 12th, 1998']"
2081,May,27,"['27-05-2081', '27 May 2081', '2081/05/27', '05/27/2081']"
1964,May,5,"['5th May, 1964', '05 May 1964', '05/05/1964', '1964-05-05', '05/05/1964', '05-05-1964', '1964/05/05', 'May 5th, 1964']"
2049,June,20,['20-06-2049']
1960,April,24,"['April 24th, 1960', '24th April, 1960']"
1923,July,29,"['29th July, 1923', '29-07-1923', '1923/07/29', '29/07/1923', '07/29/1923', '29 Jul 1923', 'July 29th, 1923', '1923-07-29']"
1992,August,20,"['1992/08/20', '20 Aug 1992', '20/08/1992', 'August 20th, 1992', '08/20/1992', '20-08-1992', '20th August, 1992']"
2023,February,20,"['20 Feb 2023', '20-02-2023', 'February 20th, 2023', '02/20/2023', '2023/02/20', '20th February, 2023']"
1977,May,18,"['18 May 1977', '1977-05-18', '05/18/1977', '18th May, 1977']"
2017,January,13,['13/01/2017']
1949,May,13,"['05/13/1949', '13 May 1949', '13-05-1949', 'May 13th, 1949', '1949-05-13', '1949/05/13']"
2025,February,10,"['10/02/2025', '10-02-2025', 'February 10th, 2025']"
1917,November,4,"['04 Nov 1917', 'November 4th, 1917', '11/04/1917', '1917-11-04', '1917/11/04', '04-11-1917', '04/11/1917']"
2089,May,23,"['23/05/2089', '23 May 2089', '05/23/2089']"
1949,April,18,"['18th April, 1949', '18 Apr 1949', 'April 18th, 1949', '18/04/1949', '18-04-1949', '04/18/1949', '1949-04-18', '1949/04/18']"
2032,November,29,"['29/11/2032', '2032-11-29', '29-11-2032', '11/29/2032', '2032/11/29', 'November 29th, 2032']"
2075,April,24,"['04/24/2075', '24-04-2075', '2075-04-24', '24 Apr 2075', '24/04/2075', '24th April, 2075', '2075/04/24']"
2080,July,2,"['02/07/2080', '02 Jul 2080', '2080/07/02', '07/02/2080', '2080-07-02', 'July 2nd, 2080', '02-07-2080', '2nd July, 2080']"
2080,March,7,"['07 Mar 2080', '07-03-2080', '2080/03/07']"
2040,April,1,"['01 Apr 2040', '2040-04-01']"
2059,December,25,"['25 Dec 2059', '2059-12-25', 'December 25th, 2059', '25-12-2059', '2059/12/25', '12/25/2059', '25/12/2059', '25th December, 2059']"
1980,November,12,"['11/12/1980', '12-11-1980', 'November 12th, 1980', '12/11/1980']"
1912,December,21,"['1912/12/21', '21 Dec 1912', '21-12-1912', '1912-12-21', '12/21/1912', 'December 21st, 1912', '21/12/1912']"
2077,March,10,"['10-03-2077', 'March 10th, 2077']"
1976,July,7,"['July 7th, 1976', '07/07/1976', '07/07/1976']"
1927,January,18,['18 Jan 1927']
1955,January,14,"['14 Jan 1955', 'January 14th, 1955', '14th January, 1955', '01/14/1955', '14/01/1955', '1955-01-14', '14-01-1955']"
1905,November,24,"['November 24th, 1905', '24 Nov 1905', '1905-11-24', '24/11/1905', '24-11-1905', '1905/11/24', '24th November, 1905', '11/24/1905']"
2093,February,16,"['16th February, 2093', '02/16/2093', '16 Feb 2093', '2093-02-16']"
2032,August,21,"['August 21st, 2032', '08/21/2032', '21st August, 2032', '2032-08-21']"
2082,December,23,['23 Dec 2082']
1955,March,15,"['15th March, 1955', '03/15/1955', '15 Mar 1955', '1955/03/15', '15/03/1955']"
1903,November,16,"['1903/11/16', '16-11-1903']"
1918,September,13,"['1918/09/13', '13/09/1918', '09/13/1918']"
1933,February,22,"['02/22/1933', '22nd February, 1933', '22 Feb 1933', 'February 22nd, 1933']"
1957,November,4,"['1957/11/04', '4th November, 1957', '04-11-1957']"
2077,June,17,"['17 Jun 2077', '17-06-2077']"
2064,July,8,"['July 8th, 2064', '08 Jul 2064', '8th July, 2064', '2064/07/08', '07/08/2064']"
1982,August,4,"['04-08-1982', '1982-08-04', '04/08/1982']"
2001,December,15,['12/15/2001']
2003,July,7,"['2003-07-07', '07-07-2003', '2003/07/07', '7th July, 2003', 'July 7th, 2003', '07 Jul 2003']"
2064,January,8,"['01/08/2064', '2064/01/08', '08-01-2064', '08/01/2064', '8th January, 2064', '2064-01-08', '08 Jan 2064']"
2046,June,8,"['8th June, 2046', '08/06/2046', '08 Jun 2046', '2046-06-08', '2046/06/08', '06/08/2046', 'June 8th, 2046', '08-06-2046']"
1943,December,25,"['25th December, 1943', '1943-12-25', 'December 25th, 1943', '12/25/1943', '25-12-1943']"
2084,September,8,"['08-09-2084', '08/09/2084', '2084/09/08', 'September 8th, 2084', '2084-09-08', '08 Sep 2084']"
2075,June,5,"['05 Jun 2075', 'June 5th, 2075', '2075-06-05', '5th June, 2075', '2075/06/05', '05-06-2075']"
1913,February,6,"['February 6th, 1913', '06/02/1913', '06 Feb 1913', '1913-02-06', '6th February, 1913', '1913/02/06']"
1954,September,17,"['September 17th, 1954']"
1911,October,21,"['1911/10/21', '21 Oct 1911', '21st October, 1911', 'October 21st, 1911', '21-10-1911', '1911-10-21', '21/10/1911', '10/21/1911']"
1918,March,24,"['24/03/1918', '24-03-1918', '1918-03-24']"
2091,September,20,"['September 20th, 2091', '20/09/2091', '2091-09-20']"
2037,July,11,['11 Jul 2037']
2028,July,4,['04 Jul 2028']
1942,March,11,"['11th March, 1942', 'March 11th, 1942', '1942/03/11', '03/11/1942']"
2027,December,10,"['10th December, 2027', 'December 10th, 2027', '10 Dec 2027', '12/10/2027', '2027/12/10']"
2000,October,1,"['01/10/2000', '2000/10/01', '2000-10-01', '01-10-2000', '1st October, 2000']"
1941,July,4,"['04 Jul 1941', '1941-07-04', '04/07/1941', '04-07-1941', '4th July, 1941', '1941/07/04', 'July 4th, 1941', '07/04/1941']"
2008,March,13,"['13 Mar 2008', '13th March, 2008', '13-03-2008', '03/13/2008', '13/03/2008', 'March 13th, 2008', '2008/03/13', '2008-03-13']"
1943,August,22,"['1943/08/22', '08/22/1943', '22-08-1943', '22/08/1943', '22nd August, 1943']"
1964,October,6,"['October 6th, 1964', '06 Oct 1964']"
2033,July,20,"['2033-07-20', '20 Jul 2033', '2033/07/20']"
1991,May,17,['1991/05/17']
1938,August,16,"['16/08/1938', '1938/08/16', '16th August, 1938', 'August 16th, 1938', '1938-08-16', '16-08-1938', '16 Aug 1938']"
1910,January,19,"['1910/01/19', 'January 19th, 1910', '19th January, 1910', '1910-01-19', '01/19/1910', '19/01/1910', '19 Jan 1910', '19-01-1910']"
2041,July,16,"['16 Jul 2041', '16th July, 2041']"
1972,July,8,"['07/08/1972', 'July 8th, 1972']"
2022,March,9,"['2022-03-09', '2022/03/09', '9th March, 2022', '03/09/2022', 'March 9th, 2022', '09/03/2022', '09-03-2022', '09 Mar 2022']"
2024,August,6,"['6th August, 2024', '2024/08/06']"
1952,September,14,['1952/09/14']
2034,March,24,"['24th March, 2034', '24/03/2034', '24 Mar 2034', '03/24/2034', '2034/03/24']"
1975,September,11,"['11th September, 1975', '1975/09/11']"
1917,November,23,"['23-11-1917', '1917/11/23', '1917-11-23', '11/23/1917']"
2050,November,8,"['08/11/2050', 'November 8th, 2050', '2050/11/08', '08 Nov 2050', '11/08/2050']"
2096,November,2,"['2096/11/02', '2096-11-02', '11/02/2096']"
1997,April,1,"['1st April, 1997', '1997-04-01']"
2058,January,13,"['13/01/2058', '13th January, 2058', '01/13/2058', '2058/01/13', '13-01-2058', 'January 13th, 2058']"
1922,December,12,"['1922-12-12', '1922/12/12', 'December 12th, 1922', '12th December, 1922', '12/12/1922']"
1937,February,20,"['20/02/1937', 'February 20th, 1937', '20 Feb 1937', '1937-02-20', '20-02-1937', '20th February, 1937', '1937/02/20', '02/20/1937']"
2069,May,24,"['24/05/2069', '2069-05-24', '24-05-2069']"
1950,March,15,"['March 15th, 1950']"
1957,October,21,"['10/21/1957', '21/10/1957', '1957-10-21', '1957/10/21', '21 Oct 1957', '21st October, 1957', '21-10-1957', 'October 21st, 1957']"
1964,August,21,"['1964/08/21', '21-08-1964', 'August 21st, 1964', '21/08/1964', '1964-08-21', '21st August, 1964', '21 Aug 1964']"
1950,January,13,"['13/01/1950', '1950/01/13', '13-01-1950', '13 Jan 1950']"
1956,January,27,"['27/01/1956', '01/27/1956', '27th January, 1956', '27 Jan 1956', 'January 27th, 1956']"
1955,July,24,"['July 24th, 1955', '07/24/1955', '24/07/1955', '24-07-1955', '24th July, 1955', '1955/07/24', '1955-07-24', '24 Jul 1955']"
2049,December,26,"['26th December, 2049', '26-12-2049', '2049/12/26', 'December 26th, 2049', '2049-12-26']"
2095,November,8,"['08/11/2095', 'November 8th, 2095', '8th November, 2095', '2095-11-08', '11/08/2095', '2095/11/08', '08-11-2095']"
1966,April,17,"['17/04/1966', '1966-04-17']"
2004,June,6,"['06/06/2004', '2004-06-06', '2004/06/06', '06-06-2004', '06/06/2004', 'June 6th, 2004', '06 Jun 2004', '6th June, 2004']"
2006,November,22,"['11/22/2006', '22nd November, 2006']"
1957,April,1,"['01-04-1957', 'April 1st, 1957', '1957/04/01']"
1927,December,1,"['1st December, 1927', 'December 1st, 1927', '1927-12-01', '1927/12/01', '01-12-1927']"
2078,March,9,"['March 9th, 2078']"
2002,April,7,"['2002/04/07', '04/07/2002', '2002-04-07', '7th April, 2002', '07 Apr 2002', '07-04-2002']"
2005,September,2,"['02-09-2005', '2005-09-02', '09/02/2005', 'September 2nd, 2005', '2nd September, 2005', '02 Sep 2005']"
1910,February,1,['1910-02-01']
2020,May,20,"['05/20/2020', 'May 20th, 2020', '20/05/2020', '2020/05/20', '2020-05-20', '20-05-2020']"
2082,October,24,"['24th October, 2082', '24 Oct 2082', 'October 24th, 2082', '2082/10/24', '24/10/2082', '10/24/2082']"
2063,June,22,"['22-06-2063', '2063-06-22', 'June 22nd, 2063', '2063/06/22', '22 Jun 2063', '06/22/2063', '22/06/2063', '22nd June, 2063']"
2004,August,5,"['August 5th, 2004', '05-08-2004', '2004-08-05', '08/05/2004', '2004/08/05', '05/08/2004']"
2032,February,12,"['12 Feb 2032', '02/12/2032', 'February 12th, 2032', '12th February, 2032', '2032-02-12']"
2012,September,28,"['28-09-2012', '28 Sep 2012', '2012-09-28', '28th September, 2012', '09/28/2012', '28/09/2012']"
2068,August,11,"['08/11/2068', '11-08-2068', '11 Aug 2068', '11/08/2068', '11th August, 2068', '2068-08-11', 'August 11th, 2068', '2068/08/11']"
1940,April,18,"['April 18th, 1940', '18/04/1940', '04/18/1940', '18th April, 1940', '18-04-1940', '1940-04-18', '1940/04/18', '18 Apr 1940']"
1904,August,14,"['14 Aug 1904', '14/08/1904', 'August 14th, 1904', '1904/08/14', '08/14/1904']"
2059,November,24,"['24/11/2059', 'November 24th, 2059', '24 Nov 2059', '24-11-2059', '24th November, 2059', '2059/11/24', '2059-11-24', '11/24/2059']"
1941,March,8,"['08-03-1941', '1941/03/08', '8th March, 1941', 'March 8th, 1941', '08/03/1941', '03/08/1941', '08 Mar 1941', '1941-03-08']"
2050,August,6,"['06-08-2050', '2050-08-06', '06/08/2050']"
2065,April,29,"['2065/04/29', '2065-04-29', '29 Apr 2065', 'April 29th, 2065']"
1999,December,29,"['12/29/1999', '29 Dec 1999', '29/12/1999', 'December 29th, 1999']"
1970,August,17,"['17/08/1970', '1970/08/17', '1970-08-17', '17th August, 1970']"
1915,July,26,"['July 26th, 1915', '26/07/1915', '1915-07-26', '26th July, 1915', '26-07-1915']"
1940,January,12,['12-01-1940']
2071,February,4,"['2071-02-04', '04/02/2071', '04-02-2071', 'February 4th, 2071', '02/04/2071']"
1977,December,20,"['20-12-1977', '1977-12-20']"
2060,June,11,"['11 Jun 2060', '11/06/2060', '2060-06-11', '11th June, 2060', '2060/06/11', 'June 11th, 2060', '06/11/2060', '11-06-2060']"
2022,October,26,"['2022-10-26', '26 Oct 2022', '2022/10/26']"
1938,April,2,"['1938-04-02', '2nd April, 1938', 'April 2nd, 1938', '02-04-1938', '02 Apr 1938', '02/04/1938', '1938/04/02']"
2075,February,12,"['2075-02-12', '12 Feb 2075', '2075/02/12', '12-02-2075', 'February 12th, 2075', '02/12/2075', '12th February, 2075', '12/02/2075']"
2000,July,29,"['2000/07/29', '29 Jul 2000', '29/07/2000', '29-07-2000', '2000-07-29', 'July 29th, 2000']"
1984,November,11,"['1984-11-11', '11/11/1984', '11 Nov 1984', '11/11/1984', '1984/11/11', '11-11-1984']"
1965,May,10,"['05/10/1965', '10th May, 1965', '1965-05-10', '10 May 1965', '1965/05/10', '10-05-1965', '10/05/1965']"
2064,March,27,"['March 27th, 2064']"
2033,December,15,"['15-12-2033', '15th December, 2033', '15/12/2033', '2033/12/15', '2033-12-15', 'December 15th, 2033', '15 Dec 2033', '12/15/2033']"
2058,August,10,['10/08/2058']
2043,May,4,"['04/05/2043', '04-05-2043', 'May 4th, 2043', '05/04/2043']"
2010,March,19,"['19th March, 2010', '19-03-2010', '2010/03/19']"
2042,June,7,"['06/07/2042', '2042/06/07', '7th June, 2042', '07/06/2042', '07 Jun 2042', 'June 7th, 2042']"
1959,July,12,"['12/07/1959', '12 Jul 1959', 'July 12th, 1959']"
1984,May,23,"['23rd May, 1984', '1984/05/23', '05/23/1984']"
2074,June,28,"['06/28/2074', '28-06-2074']"
2053,August,13,"['2053/08/13', '13/08/2053']"
2099,July,3,"['2099/07/03', '2099-07-03', '07/03/2099', '3rd July, 2099', '03-07-2099', 'July 3rd, 2099', '03 Jul 2099']"
2010,October,31,"['2010/10/31', '2010-10-31', '31 Oct 2010', '10/31/2010', '31st October, 2010']"
1967,September,29,"['29 Sep 1967', '1967-09-29', '29-09-1967', '09/29/1967', '29th September, 1967']"
1969,August,18,"['18 Aug 1969', 'August 18th, 1969', '18/08/1969', '18-08-1969', '18th August, 1969', '08/18/1969', '1969-08-18']"
2014,October,14,"['14-10-2014', '2014-10-14', '14/10/2014']"
1974,August,21,"['1974-08-21', '08/21/1974', '1974/08/21', '21 Aug 1974', 'August 21st, 1974', '21st August, 1974', '21/08/1974', '21-08-1974']"
2070,January,11,"['01/11/2070', '11 Jan 2070', '2070/01/11', 'January 11th, 2070']"
2028,May,19,"['19/05/2028', '2028/05/19', '19 May 2028', 'May 19th, 2028', '19-05-2028', '2028-05-19', '05/19/2028']"
2016,April,19,"['2016-04-19', '19/04/2016', '04/19/2016']"
2064,April,9,"['2064-04-09', '2064/04/09', '09 Apr 2064', '09-04-2064']"
1966,January,19,"['19-01-1966', '1966-01-19', '19th January, 1966', '01/19/1966', '1966/01/19', 'January 19th, 1966']"
1942,February,23,"['02/23/1942', '23 Feb 1942', 'February 23rd, 1942', '1942-02-23']"
2005,December,25,"['25th December, 2005']"
2088,August,21,"['21/08/2088', 'August 21st, 2088', '2088-08-21', '21-08-2088', '08/21/2088', '21st August, 2088', '21 Aug 2088']"
1919,October,8,"['8th October, 1919', 'October 8th, 1919', '1919-10-08']"
2071,June,27,"['06/27/2071', '27th June, 2071', '27 Jun 2071', '27/06/2071', '2071/06/27']"
2071,February,8,"['08-02-2071', '2071-02-08', '08 Feb 2071', '2071/02/08']"
2033,September,10,"['2033-09-10', '09/10/2033', 'September 10th, 2033', '10/09/2033', '10 Sep 2033', '10-09-2033', '2033/09/10', '10th September, 2033']"
1947,December,15,"['15th December, 1947', 'December 15th, 1947', '1947/12/15', '15-12-1947', '15 Dec 1947', '12/15/1947', '1947-12-15', '15/12/1947']"
1966,September,4,"['4th September, 1966', '04/09/1966', '04-09-1966', '1966/09/04']"
2002,May,19,"['19-05-2002', '19/05/2002', '2002/05/19', '19 May 2002', '19th May, 2002']"
1931,May,23,"['1931/05/23', '23rd May, 1931', '05/23/1931', 'May 23rd, 1931', '23-05-1931', '23/05/1931', '23 May 1931']"
1949,October,24,"['October 24th, 1949', '10/24/1949', '24 Oct 1949', '1949/10/24']"
2001,October,6,['10/06/2001']
1997,February,3,"['03/02/1997', '3rd February, 1997']"
2046,April,8,['08/04/2046']
1924,December,27,"['27-12-1924', '27 Dec 1924']"
2064,May,7,"['May 7th, 2064', '7th May, 2064', '2064-05-07', '07/05/2064', '07 May 2064', '05/07/2064', '07-05-2064']"
2070,August,10,"['10-08-2070', '10/08/2070', '10th August, 2070']"
1922,May,8,"['May 8th, 1922', '05/08/1922', '08-05-1922', '8th May, 1922', '08 May 1922', '08/05/1922']"
1983,October,10,"['10-10-1983', '10/10/1983', '10/10/1983', 'October 10th, 1983']"
1903,February,23,"['February 23rd, 1903', '23/02/1903', '23-02-1903']"
2036,March,24,"['24/03/2036', '2036/03/24', 'March 24th, 2036', '2036-03-24', '24-03-2036']"
1964,April,27,"['1964-04-27', '27-04-1964']"
2035,February,5,"['2035-02-05', '05/02/2035', '05-02-2035', '02/05/2035']"
2003,May,12,"['12-05-2003', '05/12/2003', '12 May 2003']"
1920,December,6,['06/12/1920']
2001,September,15,"['15 Sep 2001', '15th September, 2001', 'September 15th, 2001', '15-09-2001', '2001/09/15']"
2061,November,21,"['11/21/2061', '21-11-2061', '21 Nov 2061']"
1985,August,20,"['20/08/1985', '20th August, 1985', 'August 20th, 1985', '1985/08/20', '20 Aug 1985']"
1951,November,14,"['1951/11/14', '14-11-1951']"
2012,October,2,"['02/10/2012', '02-10-2012']"
2041,July,4,"['04-07-2041', '04 Jul 2041', '04/07/2041', 'July 4th, 2041', '2041/07/04']"
1977,June,14,"['06/14/1977', '14th June, 1977', '14/06/1977', '1977-06-14', '14-06-1977', '1977/06/14', 'June 14th, 1977', '14 Jun 1977']"
2009,December,29,"['12/29/2009', '2009/12/29', '29 Dec 2009', '29/12/2009', '2009-12-29', 'December 29th, 2009']"
1923,January,4,"['January 4th, 1923', '04/01/1923', '01/04/1923', '04 Jan 1923']"
2077,January,5,"['05 Jan 2077', '01/05/2077']"
1934,April,27,"['27 Apr 1934', '27/04/1934']"
2075,July,18,"['18/07/2075', 'July 18th, 2075', '07/18/2075', '2075/07/18']"
2037,December,9,"['9th December, 2037', '09-12-2037']"
1934,August,2,"['02/08/1934', '2nd August, 1934', '02-08-1934', 'August 2nd, 1934', '08/02/1934', '02 Aug 1934']"
2031,April,2,"['04/02/2031', '02 Apr 2031', '2nd April, 2031']"
1936,July,17,['17/07/1936']
2017,April,29,['2017/04/29']
2029,May,24,"['2029-05-24', '24/05/2029', '24 May 2029', '05/24/2029']"
2010,March,11,"['11th March, 2010', '2010-03-11', '03/11/2010', 'March 11th, 2010', '11 Mar 2010']"
2028,June,28,['2028-06-28']
2076,August,5,"['05/08/2076', '05 Aug 2076']"
1948,August,31,['1948-08-31']
1993,December,20,"['1993-12-20', 'December 20th, 1993', '20/12/1993', '20th December, 1993', '20 Dec 1993']"
1946,August,10,"['10 Aug 1946', '10/08/1946', '1946-08-10']"
2017,November,3,"['2017-11-03', '03/11/2017', '11/03/2017', 'November 3rd, 2017']"
1964,August,9,"['August 9th, 1964', '09-08-1964', '09 Aug 1964', '1964/08/09']"
1907,July,5,['05 Jul 1907']
1923,November,3,"['1923/11/03', 'November 3rd, 1923']"
2064,July,14,"['2064-07-14', '14th July, 2064', 'July 14th, 2064', '2064/07/14']"
2082,June,10,"['10th June, 2082', '2082/06/10']"
2014,February,16,"['16/02/2014', '2014-02-16', '2014/02/16', '16-02-2014']"
2075,August,17,"['August 17th, 2075', '17-08-2075', '17/08/2075']"
1932,August,24,['1932/08/24']
2056,February,7,"['07 Feb 2056', 'February 7th, 2056', '7th February, 2056', '02/07/2056', '07-02-2056']"
1956,August,12,"['12-08-1956', '1956/08/12']"
2040,March,16,"['16 Mar 2040', 'March 16th, 2040']"
2050,November,22,"['2050/11/22', '2050-11-22', 'November 22nd, 2050', '22 Nov 2050', '11/22/2050', '22/11/2050', '22-11-2050']"
1956,April,23,"['23rd April, 1956']"
2022,April,2,"['2nd April, 2022', 'April 2nd, 2022', '02/04/2022', '04/02/2022']"
2004,August,3,"['3rd August, 2004', 'August 3rd, 2004', '2004/08/03']"
2077,May,2,['02 May 2077']
2057,April,5,"['05-04-2057', '04/05/2057']"
2079,December,14,"['14/12/2079', '12/14/2079', '14th December, 2079', '2079-12-14', '14 Dec 2079', 'December 14th, 2079', '14-12-2079', '2079/12/14']"
2068,April,5,"['04/05/2068', '5th April, 2068']"
1932,June,5,"['1932/06/05', '5th June, 1932', 'June 5th, 1932', '05/06/1932', '06/05/1932', '05-06-1932', '05 Jun 1932', '1932-06-05']"
1917,November,7,"['November 7th, 1917', '07/11/1917', '07 Nov 1917', '1917/11/07', '7th November, 1917', '07-11-1917']"
1918,March,12,"['12 Mar 1918', '12th March, 1918', '1918-03-12', '03/12/1918', 'March 12th, 1918', '1918/03/12']"
2093,December,19,['2093-12-19']
2031,September,27,['27/09/2031']
1948,January,13,"['January 13th, 1948', '01/13/1948', '13-01-1948', '1948/01/13', '13/01/1948', '13 Jan 1948', '13th January, 1948']"
2050,September,27,"['27-09-2050', '27 Sep 2050', '2050/09/27', '27/09/2050', '2050-09-27', 'September 27th, 2050', '09/27/2050']"
1904,August,24,"['1904/08/24', '24 Aug 1904', '24th August, 1904', 'August 24th, 1904']"
2088,June,29,"['29-06-2088', '2088-06-29', '29 Jun 2088', '06/29/2088', '29/06/2088', 'June 29th, 2088', '2088/06/29', '29th June, 2088']"
2060,March,3,"['March 3rd, 2060']"
1970,May,19,"['1970/05/19', '19 May 1970', '05/19/1970', '1970-05-19', '19th May, 1970', '19/05/1970', '19-05-1970', 'May 19th, 1970']"
2002,February,16,"['16/02/2002', '16th February, 2002', '16 Feb 2002', 'February 16th, 2002', '2002/02/16', '2002-02-16', '16-02-2002']"
2089,December,11,"['11/12/2089', '11-12-2089', '12/11/2089']"
1902,February,11,"['02/11/1902', 'February 11th, 1902', '11-02-1902', '11/02/1902', '1902/02/11', '1902-02-11', '11th February, 1902', '11 Feb 1902']"
1914,February,21,"['21st February, 1914', '21/02/1914']"
1990,April,13,"['04/13/1990', '13-04-1990', 'April 13th, 1990', '1990-04-13']"
1927,September,17,"['1927-09-17', 'September 17th, 1927', '17th September, 1927', '09/17/1927', '17-09-1927', '17 Sep 1927']"
2016,September,29,"['2016/09/29', '29 Sep 2016', '29/09/2016']"
2028,September,9,"['09/09/2028', '2028/09/09', '2028-09-09', '9th September, 2028', '09 Sep 2028', '09/09/2028']"
1970,August,23,"['1970-08-23', '23rd August, 1970', '1970/08/23', 'August 23rd, 1970', '23 Aug 1970', '23/08/1970']"
1952,May,23,"['23/05/1952', '1952-05-23', '05/23/1952', '1952/05/23', '23 May 1952']"
2079,February,5,"['February 5th, 2079']"
2053,November,7,"['November 7th, 2053', '2053-11-07']"
2082,February,6,"['06/02/2082', '2082-02-06', '06 Feb 2082', '02/06/2082', '06-02-2082']"
1992,April,17,['04/17/1992']
1994,May,3,"['05/03/1994', '1994/05/03', '03/05/1994']"
2070,July,28,"['07/28/2070', '2070-07-28', '28-07-2070', '28/07/2070', '28 Jul 2070', 'July 28th, 2070', '2070/07/28']"
1984,February,3,['03-02-1984']
1994,February,6,"['6th February, 1994']"
1944,October,1,['01 Oct 1944']
2089,January,10,"['10th January, 2089', '10 Jan 2089', '2089-01-10', 'January 10th, 2089', '10/01/2089', '10-01-2089', '2089/01/10', '01/10/2089']"
2050,June,15,['15-06-2050']
1910,October,3,"['October 3rd, 1910', '10/03/1910']"
2037,May,10,"['10-05-2037', '10 May 2037', '2037-05-10', '10th May, 2037', '2037/05/10', '10/05/2037']"
1961,April,18,"['April 18th, 1961', '18/04/1961', '04/18/1961']"
2069,December,5,"['12/05/2069', '05 Dec 2069', '2069-12-05', '2069/12/05']"
2067,March,26,"['March 26th, 2067', '26th March, 2067', '03/26/2067', '2067/03/26', '2067-03-26', '26 Mar 2067', '26/03/2067']"
2057,August,5,"['2057/08/05', 'August 5th, 2057', '05/08/2057', '05-08-2057', '2057-08-05', '08/05/2057', '05 Aug 2057', '5th August, 2057']"
2080,February,3,"['2080/02/03', '3rd February, 2080', '02/03/2080', '03 Feb 2080']"
2071,May,26,"['05/26/2071', '2071/05/26']"
2028,December,24,"['24/12/2028', '24-12-2028', '24 Dec 2028']"
1917,May,29,"['May 29th, 1917', '1917-05-29', '29-05-1917', '05/29/1917', '1917/05/29', '29th May, 1917']"
2085,March,8,"['08/03/2085', '2085-03-08', '08 Mar 2085', '2085/03/08', '03/08/2085', 'March 8th, 2085']"
1979,June,18,"['1979-06-18', '18-06-1979', '18 Jun 1979', '06/18/1979', '18/06/1979', '1979/06/18']"
1918,July,5,"['05 Jul 1918', '1918/07/05', '5th July, 1918', '1918-07-05', '05/07/1918']"
1911,February,4,"['04/02/1911', '1911-02-04', '4th February, 1911', 'February 4th, 1911', '1911/02/04', '02/04/1911', '04-02-1911']"
1978,January,24,"['24th January, 1978', '1978/01/24', '24 Jan 1978']"
2065,June,19,"['06/19/2065', '19 Jun 2065']"
1904,April,5,"['1904/04/05', '5th April, 1904', '05/04/1904', '05 Apr 1904', '1904-04-05', '04/05/1904', '05-04-1904']"
1956,November,20,"['20 Nov 1956', '1956-11-20', '11/20/1956', '20th November, 1956', '20/11/1956', 'November 20th, 1956', '1956/11/20', '20-11-1956']"
1984,April,18,['18 Apr 1984']
1940,December,30,"['1940/12/30', '12/30/1940', '30th December, 1940', '30-12-1940', 'December 30th, 1940', '30/12/1940', '30 Dec 1940']"
2084,February,3,"['03/02/2084', '02/03/2084', 'February 3rd, 2084', '2084-02-03', '3rd February, 2084', '2084/02/03', '03-02-2084']"
1913,August,21,"['August 21st, 1913', '08/21/1913', '21/08/1913', '21-08-1913', '1913-08-21', '1913/08/21', '21st August, 1913']"
2002,June,16,"['2002/06/16', '2002-06-16', '16th June, 2002', '16/06/2002', '06/16/2002']"
1902,June,1,"['01 Jun 1902', '01-06-1902', '01/06/1902', 'June 1st, 1902']"
2083,December,6,"['2083-12-06', '06-12-2083', '6th December, 2083', '12/06/2083', '2083/12/06', '06 Dec 2083']"
2089,April,23,"['23/04/2089', 'April 23rd, 2089']"
1918,January,28,"['28 Jan 1918', '28-01-1918', '1918/01/28', '28th January, 1918', 'January 28th, 1918', '01/28/1918']"
2059,May,4,"['4th May, 2059', '2059-05-04', '04 May 2059', '05/04/2059', 'May 4th, 2059']"
1902,June,23,"['23 Jun 1902', '1902-06-23', '23rd June, 1902', '23-06-1902', 'June 23rd, 1902']"
2074,August,29,"['August 29th, 2074', '29 Aug 2074', '29-08-2074', '2074/08/29']"
1918,May,8,"['08/05/1918', '1918-05-08', '8th May, 1918', '05/08/1918', '08-05-1918']"
2087,January,3,"['3rd January, 2087', '03 Jan 2087', '01/03/2087', '2087/01/03']"
1997,August,30,"['August 30th, 1997', '1997/08/30', '30/08/1997', '30 Aug 1997', '1997-08-30', '30th August, 1997']"
1908,August,31,"['1908/08/31', '31st August, 1908']"
2036,July,24,"['2036-07-24', '24 Jul 2036', '24-07-2036', '2036/07/24']"
1976,November,23,"['1976/11/23', '23rd November, 1976', 'November 23rd, 1976', '23/11/1976', '23 Nov 1976', '1976-11-23']"
1966,January,17,"['January 17th, 1966', '17-01-1966', '17 Jan 1966', '17/01/1966', '1966/01/17', '1966-01-17', '17th January, 1966']"
1972,May,8,"['8th May, 1972', '08-05-1972']"
1993,February,7,"['07/02/1993', '07 Feb 1993', '1993/02/07', '07-02-1993', '7th February, 1993', '02/07/1993', 'February 7th, 1993', '1993-02-07']"
1976,June,14,"['14 Jun 1976', '1976/06/14', '14th June, 1976', '14-06-1976', '14/06/1976', '06/14/1976', '1976-06-14', 'June 14th, 1976']"
2008,October,5,['2008-10-05']
1972,April,29,"['29 Apr 1972', '1972/04/29']"
1959,November,9,"['November 9th, 1959', '09 Nov 1959', '1959-11-09', '9th November, 1959', '11/09/1959', '09/11/1959']"
2003,December,6,"['6th December, 2003', '06-12-2003', '2003/12/06', 'December 6th, 2003', '2003-12-06', '12/06/2003']"
2064,March,26,"['26/03/2064', '2064/03/26']"
1974,February,13,"['February 13th, 1974', '13 Feb 1974', '1974-02-13', '13th February, 1974']"
1930,June,27,"['1930/06/27', '1930-06-27', '27/06/1930', '27 Jun 1930', '06/27/1930', '27-06-1930', '27th June, 1930']"
1951,November,27,"['27th November, 1951', '27/11/1951', 'November 27th, 1951', '27 Nov 1951', '27-11-1951', '1951-11-27']"
1953,April,17,"['1953-04-17', '17 Apr 1953', '1953/04/17', '17/04/1953', '04/17/1953', '17th April, 1953', 'April 17th, 1953', '17-04-1953']"
1929,April,7,"['1929-04-07', '04/07/1929']"
1987,October,5,"['05/10/1987', 'October 5th, 1987', '05-10-1987', '10/05/1987']"
1975,February,21,"['February 21st, 1975', '21st February, 1975']"
1946,June,21,"['21 Jun 1946', '1946-06-21', '1946/06/21']"
1978,April,19,"['1978-04-19', '19-04-1978', '1978/04/19', '19 Apr 1978']"
2041,August,11,"['11-08-2041', '11 Aug 2041', '11th August, 2041', '11/08/2041', 'August 11th, 2041', '2041-08-11']"
1944,March,18,"['March 18th, 1944', '03/18/1944', '18 Mar 1944', '18th March, 1944', '18/03/1944', '1944/03/18']"
2089,October,18,"['2089/10/18', '18th October, 2089', '10/18/2089', '18/10/2089', 'October 18th, 2089']"
2029,December,24,"['12/24/2029', '2029-12-24', '24/12/2029', '24 Dec 2029', '2029/12/24', '24-12-2029']"
1986,December,20,"['12/20/1986', '20/12/1986', '20th December, 1986']"
2041,June,19,"['19/06/2041', '06/19/2041', '2041-06-19', '2041/06/19', 'June 19th, 2041', '19th June, 2041', '19-06-2041', '19 Jun 2041']"
1978,June,16,"['16th June, 1978', '16-06-1978', '16/06/1978', '16 Jun 1978', 'June 16th, 1978', '1978/06/16', '06/16/1978']"
1932,May,10,"['05/10/1932', '10 May 1932', '1932/05/10', '10/05/1932', '10th May, 1932', '1932-05-10', '10-05-1932']"
1972,February,1,['1972/02/01']
2025,February,28,"['2025/02/28', '02/28/2025']"
2078,November,7,"['2078/11/07', '11/07/2078', '07-11-2078', 'November 7th, 2078', '07/11/2078', '2078-11-07']"
1945,January,17,"['17/01/1945', '17th January, 1945', '01/17/1945']"
2021,May,31,"['May 31st, 2021', '2021/05/31']"
2089,November,30,"['30th November, 2089', '2089/11/30', '11/30/2089']"
2004,January,31,"['January 31st, 2004', '31st January, 2004', '2004-01-31', '31 Jan 2004', '2004/01/31']"
1984,February,5,"['5th February, 1984', '1984/02/05', '05 Feb 1984', '02/05/1984', 'February 5th, 1984']"
2025,May,23,"['23 May 2025', 'May 23rd, 2025', '05/23/2025', '2025/05/23', '23/05/2025', '2025-05-23', '23-05-2025']"
1991,July,3,"['03-07-1991', '3rd July, 1991', '03 Jul 1991']"
1957,September,10,"['10 Sep 1957', '10th September, 1957']"
1994,August,9,"['1994/08/09', 'August 9th, 1994', '09/08/1994', '1994-08-09', '09 Aug 1994']"
1909,April,5,"['April 5th, 1909', '04/05/1909', '1909/04/05', '05/04/1909']"
1920,August,7,"['07/08/1920', '08/07/1920', '07 Aug 1920', '07-08-1920', '7th August, 1920', 'August 7th, 1920']"
1942,October,16,"['October 16th, 1942']"
1971,February,19,"['19/02/1971', '1971/02/19', '19-02-1971']"
2003,April,10,"['2003-04-10', '2003/04/10', '10 Apr 2003', '04/10/2003']"
1901,April,19,"['19/04/1901', '19-04-1901', '19th April, 1901', '19 Apr 1901', '1901-04-19']"
2019,February,22,"['22 Feb 2019', '22/02/2019', '22-02-2019', 'February 22nd, 2019', '02/22/2019']"
2083,January,21,"['01/21/2083', 'January 21st, 2083', '2083/01/21', '21 Jan 2083', '2083-01-21']"
2007,March,31,"['31/03/2007', '2007-03-31', '31-03-2007', '03/31/2007', '31st March, 2007']"
1988,January,12,"['12-01-1988', '12th January, 1988', '1988/01/12', '01/12/1988', 'January 12th, 1988']"
1913,May,8,"['08/05/1913', '05/08/1913', '08 May 1913', 'May 8th, 1913']"
1954,July,19,"['19-07-1954', '1954-07-19', '19 Jul 1954', '19/07/1954']"
1930,March,24,"['24/03/1930', '24th March, 1930', '24 Mar 1930']"
2061,December,6,"['December 6th, 2061', '06-12-2061']"
1947,March,2,['03/02/1947']
2081,June,12,"['2081/06/12', 'June 12th, 2081', '12 Jun 2081']"
1968,May,10,"['1968-05-10', '10 May 1968']"
2078,June,8,"['June 8th, 2078']"
2094,April,8,"['04/08/2094', '2094-04-08', '8th April, 2094', '08-04-2094', 'April 8th, 2094', '08/04/2094', '2094/04/08', '08 Apr 2094']"
2044,February,24,"['24th February, 2044', '2044/02/24', '2044-02-24', '24-02-2044', '24 Feb 2044', 'February 24th, 2044', '24/02/2044', '02/24/2044']"
1923,March,9,"['09 Mar 1923', '09-03-1923', '9th March, 1923', '09/03/1923', '1923/03/09', 'March 9th, 1923', '03/09/1923']"
2076,August,13,"['August 13th, 2076', '13-08-2076', '2076-08-13', '08/13/2076', '13/08/2076', '2076/08/13']"
2005,June,4,"['2005-06-04', '4th June, 2005', '04-06-2005', '2005/06/04', 'June 4th, 2005', '04 Jun 2005', '04/06/2005']"
1950,May,21,"['21/05/1950', '21-05-1950']"
1953,March,5,['1953-03-05']
2021,April,22,"['April 22nd, 2021']"
1948,April,3,"['1948-04-03', 'April 3rd, 1948', '04/03/1948']"
2086,April,28,"['28 Apr 2086', '28/04/2086', '28th April, 2086', '2086/04/28', '2086-04-28']"
2084,January,24,"['2084-01-24', '2084/01/24', '01/24/2084']"
1965,February,3,"['1965-02-03', 'February 3rd, 1965', '03/02/1965', '1965/02/03', '3rd February, 1965', '02/03/1965', '03 Feb 1965']"
2043,March,16,"['16 Mar 2043', '16-03-2043', '16/03/2043']"
1938,November,2,"['02 Nov 1938', '02-11-1938', 'November 2nd, 1938', '11/02/1938', '2nd November, 1938', '1938/11/02', '1938-11-02', '02/11/1938']"
2080,April,20,"['20-04-2080', 'April 20th, 2080', '20th April, 2080', '04/20/2080']"
2012,May,17,"['17/05/2012', '17 May 2012', 'May 17th, 2012', '17-05-2012', '05/17/2012', '2012-05-17']"
1960,March,16,"['1960-03-16', 'March 16th, 1960', '16/03/1960', '16-03-1960', '16 Mar 1960', '1960/03/16']"
1989,May,6,"['6th May, 1989', 'May 6th, 1989', '1989-05-06', '1989/05/06', '06 May 1989']"
2029,August,6,"['6th August, 2029']"
2060,December,24,"['24/12/2060', '2060/12/24', '24th December, 2060', 'December 24th, 2060', '2060-12-24', '24-12-2060', '12/24/2060', '24 Dec 2060']"
1916,November,25,"['25 Nov 1916', '25th November, 1916', '1916/11/25', 'November 25th, 1916', '25/11/1916', '11/25/1916', '25-11-1916']"
2052,February,8,"['2052/02/08', '08/02/2052', 'February 8th, 2052']"
2018,September,30,"['30/09/2018', '09/30/2018', 'September 30th, 2018', '30th September, 2018', '30-09-2018', '2018-09-30']"
2037,May,2,"['2nd May, 2037', '2037/05/02', '05/02/2037', '02-05-2037']"
1911,November,13,"['1911/11/13', '13 Nov 1911', '13/11/1911', '13-11-1911']"
1962,December,12,"['December 12th, 1962', '12th December, 1962']"
2095,October,1,"['October 1st, 2095', '01/10/2095', '2095/10/01', '10/01/2095', '01-10-2095', '2095-10-01', '1st October, 2095']"
1954,January,7,"['January 7th, 1954']"
2018,April,2,"['April 2nd, 2018']"
1948,July,23,"['07/23/1948', '23-07-1948', '1948-07-23', '23rd July, 1948', '23 Jul 1948', 'July 23rd, 1948', '1948/07/23', '23/07/1948']"
1988,June,10,"['10-06-1988', '06/10/1988', 'June 10th, 1988', '1988-06-10']"
1959,June,4,"['1959-06-04', 'June 4th, 1959']"
2075,October,14,"['2075/10/14', 'October 14th, 2075', '14 Oct 2075']"
2026,October,3,"['3rd October, 2026', '10/03/2026']"
2074,August,19,"['August 19th, 2074', '19-08-2074']"
1949,March,20,['20-03-1949']
2081,January,18,"['2081/01/18', '01/18/2081', '18-01-2081', 'January 18th, 2081', '18 Jan 2081', '18/01/2081', '2081-01-18']"
2010,April,15,"['April 15th, 2010']"
2027,June,28,"['28-06-2027', '2027-06-28']"
2081,October,5,"['05 Oct 2081', '10/05/2081']"
1982,October,4,"['1982/10/04', '4th October, 1982', '04/10/1982', '04 Oct 1982', 'October 4th, 1982']"
2062,June,23,"['23 Jun 2062', '23-06-2062', '2062-06-23', 'June 23rd, 2062', '06/23/2062', '23/06/2062']"
1981,June,13,"['06/13/1981', '13 Jun 1981', '1981/06/13', '13/06/1981', '1981-06-13', '13th June, 1981', 'June 13th, 1981']"
2054,October,12,"['10/12/2054', '2054/10/12', '12th October, 2054', 'October 12th, 2054', '12 Oct 2054', '2054-10-12', '12-10-2054']"
2045,October,23,"['23/10/2045', '23 Oct 2045', '2045/10/23', '2045-10-23']"
2064,March,1,"['2064/03/01', '03/01/2064', '2064-03-01', '01 Mar 2064']"
2091,April,20,"['April 20th, 2091', '2091/04/20', '20th April, 2091', '2091-04-20', '20/04/2091', '20 Apr 2091', '20-04-2091']"
2097,September,8,['2097-09-08']
2088,May,17,"['17 May 2088', '17/05/2088', '2088-05-17', '17-05-2088', '2088/05/17', '05/17/2088', 'May 17th, 2088', '17th May, 2088']"
2085,January,18,['2085-01-18']
1907,March,18,"['18/03/1907', '1907/03/18']"
1916,May,29,['05/29/1916']
2087,March,15,"['March 15th, 2087', '2087-03-15']"
1940,January,14,"['1940-01-14', '14th January, 1940', '1940/01/14', '01/14/1940', '14/01/1940', '14 Jan 1940', 'January 14th, 1940']"
2096,July,23,"['2096-07-23', '23 Jul 2096', 'July 23rd, 2096', '23/07/2096', '23rd July, 2096', '23-07-2096', '07/23/2096']"
1905,July,1,"['1905/07/01', 'July 1st, 1905', '01 Jul 1905', '01-07-1905', '07/01/1905', '01/07/1905', '1905-07-01', '1st July, 1905']"
1915,April,17,"['17-04-1915', '17th April, 1915', '17/04/1915', '1915-04-17', '17 Apr 1915', '04/17/1915', 'April 17th, 1915', '1915/04/17']"
2097,June,22,"['22 Jun 2097', '22/06/2097', '06/22/2097', 'June 22nd, 2097', '22-06-2097']"
1927,November,3,"['1927/11/03', 'November 3rd, 1927', '03/11/1927']"
2096,September,3,['2096-09-03']
2051,July,23,"['23-07-2051', '2051-07-23', '23/07/2051']"
1986,December,21,"['12/21/1986', '21-12-1986', 'December 21st, 1986', '21st December, 1986', '1986/12/21', '21 Dec 1986', '21/12/1986']"
2065,December,21,"['21 Dec 2065', '12/21/2065', '21st December, 2065', '21-12-2065', '21/12/2065', 'December 21st, 2065']"
1996,December,21,"['1996-12-21', 'December 21st, 1996', '21st December, 1996', '1996/12/21', '21 Dec 1996']"
2000,November,7,"['11/07/2000', '7th November, 2000', '2000/11/07', '07/11/2000', '07-11-2000', 'November 7th, 2000', '2000-11-07']"
2087,May,12,"['12-05-2087', '2087-05-12', '2087/05/12', '12 May 2087']"
1916,June,20,['20/06/1916']
2045,September,15,"['15-09-2045', '15 Sep 2045']"
1926,June,13,"['13-06-1926', 'June 13th, 1926', '13/06/1926', '13th June, 1926', '1926/06/13', '13 Jun 1926', '06/13/1926']"
1935,March,31,"['31st March, 1935', '31 Mar 1935', '03/31/1935', '1935/03/31', '31/03/1935']"
1947,January,13,"['1947-01-13', '1947/01/13', 'January 13th, 1947', '13 Jan 1947', '13-01-1947']"
2031,September,13,"['September 13th, 2031']"
2028,July,17,"['17/07/2028', '17th July, 2028', '2028/07/17', '17-07-2028', '2028-07-17', '17 Jul 2028', '07/17/2028', 'July 17th, 2028']"
1969,May,21,"['May 21st, 1969', '21st May, 1969', '1969/05/21', '21/05/1969', '1969-05-21', '21-05-1969', '05/21/1969', '21 May 1969']"
1976,March,25,"['25-03-1976', '25/03/1976', '25th March, 1976', '1976-03-25']"
2056,March,29,"['29/03/2056', '29 Mar 2056', 'March 29th, 2056', '29-03-2056', '2056-03-29']"
1904,September,15,"['September 15th, 1904', '1904/09/15']"
2092,December,4,"['04 Dec 2092', '4th December, 2092', '04/12/2092']"
2094,November,6,"['November 6th, 2094', '2094-11-06', '06 Nov 2094', '6th November, 2094', '06/11/2094']"
1985,May,28,"['28-05-1985', 'May 28th, 1985']"
1908,November,14,"['11/14/1908', '14-11-1908', 'November 14th, 1908', '14 Nov 1908', '1908/11/14', '14th November, 1908']"
2005,December,7,['07 Dec 2005']
1954,May,7,"['07-05-1954', '05/07/1954']"
2069,November,4,"['04 Nov 2069', '04-11-2069']"
1912,July,3,"['1912/07/03', '03 Jul 1912', '03/07/1912']"
1993,February,14,"['14th February, 1993']"
2066,January,16,"['16/01/2066', '16th January, 2066', '2066/01/16', '2066-01-16', 'January 16th, 2066', '16 Jan 2066', '16-01-2066']"
2063,April,8,"['08 Apr 2063', '04/08/2063']"
1943,June,14,"['14-06-1943', 'June 14th, 1943', '14 Jun 1943', '14th June, 1943', '14/06/1943', '1943/06/14', '1943-06-14', '06/14/1943']"
1991,April,14,"['April 14th, 1991', '14 Apr 1991', '14-04-1991', '04/14/1991', '1991-04-14', '14/04/1991']"
2025,August,2,"['2nd August, 2025', '02-08-2025', 'August 2nd, 2025', '02/08/2025', '02 Aug 2025', '2025-08-02']"
2084,April,1,"['2084-04-01', '04/01/2084', 'April 1st, 2084']"
1997,February,23,"['23rd February, 1997', '1997-02-23', '02/23/1997', '23-02-1997', '23/02/1997']"
2097,May,27,"['27th May, 2097', '2097-05-27']"
1959,June,19,['06/19/1959']
2003,January,27,"['2003-01-27', '27-01-2003', '27/01/2003', '27 Jan 2003']"
2014,July,3,"['July 3rd, 2014', '2014-07-03', '03/07/2014', '3rd July, 2014', '07/03/2014', '2014/07/03', '03-07-2014']"
2097,July,4,"['2097/07/04', '04 Jul 2097', '2097-07-04', '4th July, 2097', '04-07-2097', '07/04/2097', '04/07/2097', 'July 4th, 2097']"
2069,October,8,"['10/08/2069', '2069/10/08', '08-10-2069', '08 Oct 2069', 'October 8th, 2069', '08/10/2069']"
1910,January,28,"['January 28th, 1910', '28th January, 1910', '01/28/1910', '28 Jan 1910', '28/01/1910', '1910/01/28']"
2025,September,17,['17 Sep 2025']
2076,July,16,"['July 16th, 2076', '16-07-2076', '16 Jul 2076']"
2027,August,1,"['August 1st, 2027', '01/08/2027', '08/01/2027', '1st August, 2027']"
1966,March,27,"['1966/03/27', '1966-03-27', '27th March, 1966', '27 Mar 1966', '03/27/1966', '27-03-1966', '27/03/1966']"
1973,June,23,"['23-06-1973', '1973-06-23', '1973/06/23', '23 Jun 1973', '23/06/1973']"
1927,February,4,"['1927/02/04', 'February 4th, 1927', '04/02/1927']"
2050,November,29,"['29 Nov 2050', '2050/11/29', '29/11/2050', 'November 29th, 2050', '2050-11-29', '29th November, 2050', '29-11-2050', '11/29/2050']"
2087,November,17,"['2087/11/17', '11/17/2087']"
1948,August,29,"['29th August, 1948', '29 Aug 1948', '1948/08/29', '08/29/1948']"
2026,October,30,"['30 Oct 2026', '30-10-2026', '30th October, 2026', '2026/10/30', '30/10/2026', '2026-10-30']"
1939,September,9,"['09/09/1939', '09/09/1939', '1939/09/09', 'September 9th, 1939', '9th September, 1939']"
1991,December,20,['20 Dec 1991']
1919,June,19,"['June 19th, 1919']"
2054,July,7,['2054-07-07']
1909,October,27,"['October 27th, 1909', '1909-10-27', '27-10-1909', '27 Oct 1909', '27/10/1909', '27th October, 1909']"
2030,October,20,"['10/20/2030', '20/10/2030', '20 Oct 2030', '20th October, 2030', '20-10-2030', '2030-10-20', '2030/10/20']"
2026,January,10,"['2026-01-10', '10 Jan 2026', '10/01/2026', '10th January, 2026', '01/10/2026', 'January 10th, 2026', '10-01-2026', '2026/01/10']"
2062,January,8,['2062/01/08']
2058,August,6,"['2058-08-06', '06-08-2058', 'August 6th, 2058', '06/08/2058']"
2081,October,27,"['27 Oct 2081', '2081/10/27', '27/10/2081', 'October 27th, 2081', '27-10-2081', '2081-10-27']"
1921,February,3,"['3rd February, 1921', '1921-02-03', '03 Feb 1921']"
2045,June,4,"['June 4th, 2045', '2045/06/04']"
2056,November,21,"['November 21st, 2056', '21/11/2056', '2056-11-21', '21st November, 2056']"
2044,April,23,"['23 Apr 2044', '2044/04/23']"
1986,March,4,"['04-03-1986', '03/04/1986', '1986/03/04', 'March 4th, 1986']"
1967,July,29,"['29/07/1967', '1967-07-29', '29th July, 1967', '29 Jul 1967']"
1974,April,26,"['1974/04/26', '04/26/1974']"
1975,January,27,"['1975-01-27', '27-01-1975', '27/01/1975', '1975/01/27', '27 Jan 1975', '27th January, 1975', '01/27/1975', 'January 27th, 1975']"
1965,December,10,"['10/12/1965', '10th December, 1965', '1965-12-10']"
2026,October,28,"['10/28/2026', '28 Oct 2026', '28-10-2026', '2026/10/28', 'October 28th, 2026']"
1965,October,15,"['15 Oct 1965', '15/10/1965', '15th October, 1965', '15-10-1965', 'October 15th, 1965', '1965/10/15']"
1924,April,15,"['15th April, 1924']"
2003,November,16,"['2003-11-16', 'November 16th, 2003', '11/16/2003', '16th November, 2003', '16 Nov 2003', '16/11/2003']"
1934,October,12,"['10/12/1934', '12/10/1934', '12th October, 1934', '1934/10/12']"
1963,August,19,"['19 Aug 1963', 'August 19th, 1963', '08/19/1963', '19-08-1963', '19th August, 1963']"
1907,April,18,"['April 18th, 1907', '18th April, 1907', '1907/04/18']"
1955,May,15,"['May 15th, 1955', '15 May 1955', '15/05/1955', '15-05-1955', '15th May, 1955']"
1958,October,12,"['1958-10-12', '12-10-1958', 'October 12th, 1958', '10/12/1958', '12th October, 1958', '1958/10/12', '12 Oct 1958', '12/10/1958']"
2081,December,23,"['23 Dec 2081', '23rd December, 2081', '23/12/2081', '12/23/2081', '2081/12/23']"
1904,January,16,"['1904/01/16', '01/16/1904', '16/01/1904']"
1916,January,30,"['01/30/1916', '30/01/1916', '1916/01/30', 'January 30th, 1916']"
1954,November,26,"['26-11-1954', '11/26/1954', '26/11/1954']"
2057,March,17,"['2057-03-17', '03/17/2057', '17/03/2057', '17-03-2057']"
1945,March,17,"['17-03-1945', '17th March, 1945']"
2075,November,15,"['2075-11-15', '11/15/2075', '15-11-2075', 'November 15th, 2075', '2075/11/15']"
1929,June,8,"['8th June, 1929', 'June 8th, 1929', '06/08/1929', '1929-06-08', '1929/06/08', '08-06-1929', '08/06/1929']"
1960,June,30,"['30-06-1960', '06/30/1960', '30th June, 1960', '1960-06-30', 'June 30th, 1960', '30/06/1960']"
1925,January,17,"['17-01-1925', '17th January, 1925', '1925/01/17', '17/01/1925', 'January 17th, 1925', '17 Jan 1925', '1925-01-17']"
2059,March,29,"['2059/03/29', '03/29/2059', '29 Mar 2059', '2059-03-29', '29-03-2059', '29th March, 2059', '29/03/2059', 'March 29th, 2059']"
1900,November,25,"['25/11/1900', '25 Nov 1900', '25th November, 1900', '25-11-1900']"
1969,September,12,"['1969-09-12', '12 Sep 1969', '12/09/1969', '12-09-1969', 'September 12th, 1969', '09/12/1969']"
2010,April,8,"['08-04-2010', '08/04/2010', '8th April, 2010', 'April 8th, 2010', '04/08/2010', '2010/04/08', '2010-04-08']"
2056,July,11,"['July 11th, 2056', '11-07-2056', '07/11/2056']"
2092,April,1,"['2092/04/01', '04/01/2092', '2092-04-01', '1st April, 2092', '01/04/2092', 'April 1st, 2092', '01-04-2092', '01 Apr 2092']"
1925,October,8,"['October 8th, 1925', '08/10/1925', '8th October, 1925', '1925/10/08']"
2003,May,5,"['2003/05/05', '5th May, 2003', '05/05/2003', '05 May 2003', '05-05-2003', '05/05/2003', '2003-05-05', 'May 5th, 2003']"
2090,November,3,"['2090-11-03', '3rd November, 2090']"
1947,November,23,"['23-11-1947', '23rd November, 1947', '23 Nov 1947', '23/11/1947', '1947-11-23']"
2012,January,2,"['02-01-2012', '02/01/2012', '01/02/2012', 'January 2nd, 2012', '2012/01/02', '2012-01-02']"
1903,July,3,"['1903-07-03', '3rd July, 1903', '03-07-1903']"
1956,November,16,"['November 16th, 1956', '16/11/1956', '16th November, 1956', '1956/11/16', '11/16/1956', '16 Nov 1956', '1956-11-16', '16-11-1956']"
2099,March,3,"['03/03/2099', '2099/03/03', 'March 3rd, 2099', '3rd March, 2099', '03-03-2099', '03 Mar 2099']"
2020,February,28,"['28 Feb 2020', '02/28/2020', '28-02-2020', '2020/02/28', 'February 28th, 2020', '2020-02-28', '28th February, 2020']"
2040,March,12,"['2040/03/12', '12-03-2040', '12th March, 2040', '12 Mar 2040', '12/03/2040', '03/12/2040', '2040-03-12', 'March 12th, 2040']"
1957,August,15,"['15/08/1957', '1957/08/15', 'August 15th, 1957', '15 Aug 1957', '08/15/1957', '1957-08-15', '15th August, 1957']"
1948,November,15,['15-11-1948']
2014,May,22,"['22-05-2014', '05/22/2014']"
1989,February,6,"['02/06/1989', '06/02/1989']"
1900,April,26,"['26-04-1900', 'April 26th, 1900', '26/04/1900', '26th April, 1900', '26 Apr 1900', '1900/04/26', '04/26/1900', '1900-04-26']"
2057,July,18,"['July 18th, 2057', '2057/07/18', '07/18/2057', '18/07/2057']"
1960,April,18,['18-04-1960']
2049,November,28,"['2049-11-28', '28 Nov 2049', 'November 28th, 2049', '28/11/2049']"
1967,December,10,"['1967/12/10', 'December 10th, 1967', '10/12/1967', '10th December, 1967', '10 Dec 1967']"
2069,July,12,"['July 12th, 2069', '12-07-2069', '07/12/2069']"
2001,March,25,"['25th March, 2001', '25 Mar 2001', '25-03-2001']"
2055,September,19,"['19/09/2055', '19-09-2055', '09/19/2055', '2055-09-19', '2055/09/19']"
1928,November,28,"['28-11-1928', '28/11/1928', '1928/11/28', '1928-11-28']"
1974,October,2,"['1974-10-02', '02 Oct 1974', '02/10/1974', '02-10-1974', 'October 2nd, 1974', '2nd October, 1974']"
2087,July,10,"['10-07-2087', '10th July, 2087', '07/10/2087', '10/07/2087']"
1990,October,15,"['15 Oct 1990', '1990-10-15', '1990/10/15', '10/15/1990']"
1975,December,22,"['12/22/1975', '1975-12-22', '22/12/1975', '22-12-1975', '1975/12/22', 'December 22nd, 1975', '22 Dec 1975', '22nd December, 1975']"
1993,July,27,"['27th July, 1993', '27-07-1993', 'July 27th, 1993', '27 Jul 1993', '27/07/1993', '07/27/1993']"
2082,April,6,['2082-04-06']
2049,April,14,"['14th April, 2049', '14-04-2049', '14 Apr 2049', '2049-04-14', 'April 14th, 2049']"
1941,November,2,"['2nd November, 1941', '1941-11-02', '02/11/1941', 'November 2nd, 1941', '02-11-1941', '02 Nov 1941', '1941/11/02', '11/02/1941']"
1976,November,18,"['18/11/1976', '18th November, 1976', '18 Nov 1976']"
2070,February,20,"['20-02-2070', '2070-02-20', 'February 20th, 2070', '02/20/2070']"
2006,October,11,"['2006/10/11', '10/11/2006', '11 Oct 2006', '11/10/2006']"
2003,November,19,"['19/11/2003', '19th November, 2003', '19 Nov 2003']"
1962,July,18,"['July 18th, 1962', '18-07-1962', '18th July, 1962', '1962-07-18', '18 Jul 1962', '18/07/1962', '1962/07/18', '07/18/1962']"
2031,March,1,"['01/03/2031', '03/01/2031']"
2087,January,18,"['18-01-2087', '18th January, 2087']"
2047,June,4,"['2047/06/04', '4th June, 2047', '04 Jun 2047', '04/06/2047', 'June 4th, 2047', '04-06-2047', '2047-06-04', '06/04/2047']"
2015,December,7,"['7th December, 2015', '2015-12-07', '07-12-2015', 'December 7th, 2015', '2015/12/07', '07/12/2015', '07 Dec 2015']"
1987,June,22,"['22-06-1987', '06/22/1987']"
2099,May,6,"['2099/05/06', '05/06/2099', '2099-05-06', '06 May 2099', 'May 6th, 2099', '6th May, 2099', '06/05/2099']"
2025,December,10,"['2025-12-10', '10th December, 2025', '2025/12/10', '12/10/2025', '10-12-2025', '10 Dec 2025']"
1965,April,8,"['08-04-1965', '8th April, 1965', '04/08/1965', '1965-04-08', '1965/04/08', '08/04/1965', 'April 8th, 1965', '08 Apr 1965']"
2074,December,21,"['2074/12/21', '12/21/2074']"
1922,October,23,"['1922-10-23', '23/10/1922', '23 Oct 1922', '23-10-1922', '10/23/1922']"
2053,December,14,"['14/12/2053', '14 Dec 2053', '2053-12-14', '12/14/2053', 'December 14th, 2053']"
2090,July,10,"['2090/07/10', '10th July, 2090', '07/10/2090', '10/07/2090', '10 Jul 2090', 'July 10th, 2090', '10-07-2090', '2090-07-10']"
1934,November,24,"['24-11-1934', '11/24/1934', '24/11/1934', '24th November, 1934', '24 Nov 1934', '1934-11-24', '1934/11/24', 'November 24th, 1934']"
2071,February,28,"['28 Feb 2071', '28/02/2071']"
2096,December,24,"['December 24th, 2096']"
1920,August,20,"['20 Aug 1920', 'August 20th, 1920', '20th August, 1920']"
1959,March,16,"['03/16/1959', '1959-03-16', '16/03/1959', '1959/03/16']"
1921,July,15,"['July 15th, 1921', '07/15/1921', '15 Jul 1921']"
2016,August,1,"['01-08-2016', 'August 1st, 2016', '2016-08-01', '1st August, 2016', '01 Aug 2016', '01/08/2016']"
2041,October,20,"['2041-10-20', '20/10/2041', '2041/10/20']"
1929,February,20,"['1929-02-20', 'February 20th, 1929', '1929/02/20', '20-02-1929', '02/20/1929']"
1991,June,24,"['24/06/1991', '1991/06/24', '24th June, 1991', '24 Jun 1991', '24-06-1991', '1991-06-24', '06/24/1991', 'June 24th, 1991']"
2046,November,4,"['2046-11-04', '04 Nov 2046', '04/11/2046', 'November 4th, 2046', '04-11-2046', '2046/11/04', '11/04/2046']"
1915,August,21,"['August 21st, 1915', '21-08-1915', '1915-08-21', '21 Aug 1915', '21/08/1915', '1915/08/21', '08/21/1915']"
1917,June,24,"['24-06-1917', '1917-06-24', '24 Jun 1917', '1917/06/24', '06/24/1917', 'June 24th, 1917']"
2057,August,17,"['17 Aug 2057', 'August 17th, 2057', '17/08/2057', '2057-08-17', '17-08-2057', '2057/08/17', '17th August, 2057', '08/17/2057']"
1997,October,21,"['21-10-1997', '10/21/1997', '21 Oct 1997', '1997/10/21', '1997-10-21', 'October 21st, 1997']"
2054,July,11,"['2054-07-11', '11 Jul 2054', '07/11/2054', '11/07/2054', 'July 11th, 2054', '11-07-2054', '2054/07/11']"
1904,July,16,"['16 Jul 1904', '1904-07-16', 'July 16th, 1904', '16-07-1904', '07/16/1904', '16/07/1904', '1904/07/16']"
2085,October,15,['15/10/2085']
2039,April,9,"['09 Apr 2039', '04/09/2039', 'April 9th, 2039']"
1945,October,24,"['24-10-1945', '10/24/1945']"
1900,August,26,"['26 Aug 1900', '26th August, 1900', '26/08/1900', 'August 26th, 1900', '1900-08-26', '08/26/1900', '1900/08/26']"
2023,August,26,"['26th August, 2023', '2023/08/26', '26/08/2023']"
1960,January,28,"['January 28th, 1960', '28-01-1960', '1960/01/28', '01/28/1960', '28/01/1960', '1960-01-28']"
1979,April,7,['1979-04-07']
2053,February,22,"['22nd February, 2053', '2053-02-22', 'February 22nd, 2053', '22-02-2053', '2053/02/22', '22 Feb 2053', '22/02/2053', '02/22/2053']"
1999,September,2,['1999-09-02']
2024,June,11,"['June 11th, 2024', '06/11/2024', '2024/06/11', '2024-06-11', '11/06/2024']"
2077,December,15,"['15-12-2077', 'December 15th, 2077', '12/15/2077', '2077-12-15', '15th December, 2077']"
2033,October,30,"['2033/10/30', '2033-10-30', '30th October, 2033', 'October 30th, 2033', '30/10/2033', '30-10-2033', '30 Oct 2033']"
2091,August,5,"['August 5th, 2091', '05 Aug 2091', '2091/08/05', '08/05/2091', '05/08/2091', '2091-08-05']"
2057,September,25,"['09/25/2057', '25 Sep 2057', '2057-09-25']"
1954,December,26,"['12/26/1954', '1954/12/26']"
2030,December,20,"['December 20th, 2030', '2030/12/20', '20-12-2030']"
1948,January,31,"['January 31st, 1948', '31/01/1948', '01/31/1948', '31-01-1948', '31 Jan 1948', '1948/01/31', '31st January, 1948']"
1910,June,1,"['1910/06/01', '01 Jun 1910']"
1917,June,13,"['13th June, 1917', '13 Jun 1917', 'June 13th, 1917', '06/13/1917', '13-06-1917', '1917-06-13']"
2099,July,29,"['29-07-2099', '29/07/2099', '07/29/2099', '2099-07-29', '29 Jul 2099', 'July 29th, 2099', '29th July, 2099']"
2047,October,11,"['11th October, 2047', '2047-10-11', '11-10-2047', '11/10/2047', '11 Oct 2047']"
2096,November,26,"['26th November, 2096', '11/26/2096', '26/11/2096', '2096/11/26']"
2003,July,18,"['07/18/2003', 'July 18th, 2003', '2003-07-18', '18-07-2003', '18/07/2003', '18 Jul 2003', '2003/07/18']"
1950,August,26,"['1950/08/26', '26 Aug 1950', '1950-08-26']"
2057,April,8,"['8th April, 2057', '08 Apr 2057', '2057-04-08', '04/08/2057', '08-04-2057', '08/04/2057']"
1923,June,24,"['24 Jun 1923', '1923-06-24', '1923/06/24', '06/24/1923', '24-06-1923']"
2085,January,15,"['01/15/2085', '15 Jan 2085', '15th January, 2085', '15-01-2085', 'January 15th, 2085', '15/01/2085', '2085-01-15']"
2095,February,18,"['2095/02/18', '18-02-2095', '02/18/2095']"
2075,June,3,"['06/03/2075', '2075-06-03', '03 Jun 2075', '2075/06/03']"
2011,August,2,"['02-08-2011', '2nd August, 2011', '02/08/2011', 'August 2nd, 2011', '2011/08/02', '02 Aug 2011', '08/02/2011']"
2004,June,3,['03 Jun 2004']
1940,January,18,"['18-01-1940', 'January 18th, 1940', '01/18/1940', '18/01/1940', '18th January, 1940', '1940-01-18']"
1940,October,29,['1940/10/29']
1951,November,22,"['22 Nov 1951', '22/11/1951', '22nd November, 1951', '22-11-1951']"
2039,June,15,"['2039/06/15', '15 Jun 2039', '2039-06-15', '15/06/2039', '15-06-2039', '06/15/2039', 'June 15th, 2039']"
2065,June,11,"['06/11/2065', '2065/06/11', 'June 11th, 2065', '11th June, 2065', '11-06-2065', '11 Jun 2065', '2065-06-11', '11/06/2065']"
1925,March,24,"['March 24th, 1925', '24th March, 1925', '1925-03-24', '03/24/1925', '1925/03/24', '24-03-1925']"
1956,May,19,['1956-05-19']
2017,May,7,"['07 May 2017', '2017/05/07', 'May 7th, 2017', '07/05/2017', '2017-05-07', '05/07/2017', '07-05-2017', '7th May, 2017']"
1931,August,24,['1931/08/24']
1940,February,2,"['02/02/1940', '02/02/1940', '1940/02/02', '2nd February, 1940', 'February 2nd, 1940']"
2003,December,21,"['December 21st, 2003']"
2037,June,5,"['June 5th, 2037', '05 Jun 2037', '06/05/2037', '2037/06/05']"
2045,May,31,"['31st May, 2045', '05/31/2045', '31 May 2045', '2045-05-31', '31-05-2045', '2045/05/31', 'May 31st, 2045', '31/05/2045']"
2000,July,18,"['18-07-2000', '07/18/2000', '18/07/2000', 'July 18th, 2000', '2000/07/18', '2000-07-18', '18 Jul 2000', '18th July, 2000']"
2079,January,26,"['26-01-2079', '2079/01/26', 'January 26th, 2079', '26 Jan 2079', '26/01/2079', '01/26/2079', '2079-01-26']"
2043,July,4,"['4th July, 2043', '2043-07-04', '2043/07/04', '04/07/2043', '07/04/2043']"
1920,November,2,"['02/11/1920', 'November 2nd, 1920', '11/02/1920', '02-11-1920', '02 Nov 1920', '1920-11-02']"
1983,August,4,"['1983/08/04', '04/08/1983', 'August 4th, 1983', '04-08-1983', '4th August, 1983']"
2073,March,24,"['24 Mar 2073', '2073/03/24', '03/24/2073', '2073-03-24', '24th March, 2073']"
1930,September,15,"['September 15th, 1930']"
2039,May,1,"['01 May 2039', '2039-05-01', '1st May, 2039', '05/01/2039']"
1955,March,6,"['1955-03-06', '6th March, 1955', '06-03-1955', '1955/03/06', '06/03/1955', 'March 6th, 1955', '03/06/1955', '06 Mar 1955']"
2026,February,25,"['February 25th, 2026', '2026/02/25', '25 Feb 2026', '25/02/2026', '25th February, 2026']"
1933,October,15,['1933-10-15']
2060,April,10,"['10/04/2060', '10th April, 2060']"
2033,October,3,"['03 Oct 2033', 'October 3rd, 2033', '2033-10-03', '03/10/2033', '03-10-2033', '3rd October, 2033']"
1963,December,1,['1963-12-01']
1997,September,28,['28/09/1997']
2046,January,13,"['January 13th, 2046', '2046/01/13', '01/13/2046']"
2029,April,27,"['27th April, 2029', '27 Apr 2029']"
2030,August,22,"['22nd August, 2030']"
2071,October,28,"['28-10-2071', '28th October, 2071', '28/10/2071', '2071/10/28', '10/28/2071', 'October 28th, 2071', '28 Oct 2071']"
1910,February,24,"['February 24th, 1910']"
2059,June,22,"['22nd June, 2059', '2059/06/22', '2059-06-22', '06/22/2059', '22-06-2059', '22 Jun 2059', '22/06/2059', 'June 22nd, 2059']"
2046,July,22,"['2046-07-22', '22 Jul 2046', '22nd July, 2046', '22/07/2046', 'July 22nd, 2046']"
1919,July,29,['29/07/1919']
1916,February,17,['17/02/1916']
1985,August,22,"['22nd August, 1985', '08/22/1985']"
2005,July,16,"['16 Jul 2005', '16-07-2005', '07/16/2005', '2005/07/16']"
1969,December,4,['1969/12/04']
2091,January,22,"['2091-01-22', '22 Jan 2091', '22-01-2091']"
1997,March,25,"['25th March, 1997', '03/25/1997', '25/03/1997', '25-03-1997']"
1973,September,11,"['11/09/1973', '1973-09-11', '11th September, 1973', '11-09-1973', 'September 11th, 1973', '1973/09/11', '11 Sep 1973']"
1945,July,13,"['1945/07/13', '13th July, 1945', '1945-07-13', '07/13/1945', 'July 13th, 1945']"
1943,February,15,"['15th February, 1943', '02/15/1943', '1943-02-15', '1943/02/15', '15-02-1943', 'February 15th, 1943', '15/02/1943', '15 Feb 1943']"
2053,June,7,"['06/07/2053', '07/06/2053', 'June 7th, 2053', '07 Jun 2053', '2053-06-07', '2053/06/07', '07-06-2053']"
2073,March,5,"['05 Mar 2073', '2073-03-05']"
2082,March,4,"['04 Mar 2082', '03/04/2082', '04-03-2082', 'March 4th, 2082', '2082-03-04', '04/03/2082', '4th March, 2082', '2082/03/04']"
1989,January,19,"['1989/01/19', '01/19/1989', 'January 19th, 1989', '1989-01-19', '19-01-1989', '19/01/1989']"
1905,July,17,['07/17/1905']
2001,December,26,"['December 26th, 2001', '2001-12-26', '26 Dec 2001', '2001/12/26', '12/26/2001', '26-12-2001', '26/12/2001', '26th December, 2001']"
1997,March,9,"['1997/03/09', '09 Mar 1997', '1997-03-09', '9th March, 1997', '09/03/1997', '03/09/1997', 'March 9th, 1997', '09-03-1997']"
1922,March,10,"['03/10/1922', '1922-03-10', '1922/03/10', '10/03/1922', 'March 10th, 1922']"
1965,May,12,"['12/05/1965', '1965-05-12', '12th May, 1965']"
1932,April,19,"['19th April, 1932', '1932/04/19', '19-04-1932', '1932-04-19', '19/04/1932', 'April 19th, 1932']"
1987,December,28,['1987-12-28']
2071,June,15,"['15-06-2071', '15 Jun 2071', '2071-06-15', '15/06/2071', 'June 15th, 2071']"
2093,October,16,"['10/16/2093', '16th October, 2093', '2093/10/16', '16-10-2093']"
2071,October,11,"['2071-10-11', '11 Oct 2071', '2071/10/11']"
2096,January,29,"['2096/01/29', '29-01-2096', '29/01/2096']"
1901,March,4,"['04-03-1901', '1901-03-04', '1901/03/04', '03/04/1901', '4th March, 1901', '04/03/1901', '04 Mar 1901', 'March 4th, 1901']"
2045,February,2,"['2045/02/02', '02-02-2045', '02/02/2045', '2nd February, 2045', '02 Feb 2045']"
2018,September,19,"['19/09/2018', 'September 19th, 2018']"
2000,January,13,['13/01/2000']
2043,July,29,['29/07/2043']
1980,July,7,['07 Jul 1980']
2000,June,26,"['June 26th, 2000', '26/06/2000', '26 Jun 2000', '26th June, 2000', '2000/06/26']"
2010,February,2,"['2010-02-02', '02-02-2010', '02/02/2010', '2010/02/02', 'February 2nd, 2010', '02 Feb 2010']"
1989,July,15,"['15-07-1989', '1989-07-15', 'July 15th, 1989', '07/15/1989', '1989/07/15', '15/07/1989', '15th July, 1989', '15 Jul 1989']"
1959,September,4,['09/04/1959']
1989,February,3,"['February 3rd, 1989', '1989-02-03', '3rd February, 1989', '1989/02/03', '02/03/1989', '03/02/1989', '03 Feb 1989']"
1928,June,9,['1928/06/09']
1985,April,11,"['11th April, 1985', '11-04-1985', '1985/04/11']"
1959,February,27,"['1959/02/27', '27 Feb 1959', '27th February, 1959', '02/27/1959', '27-02-1959', 'February 27th, 1959', '1959-02-27', '27/02/1959']"
2074,September,19,"['19th September, 2074', '19-09-2074', '2074-09-19']"
2069,December,18,"['18 Dec 2069', 'December 18th, 2069', '18th December, 2069', '2069-12-18', '2069/12/18', '18/12/2069', '12/18/2069', '18-12-2069']"
2008,November,25,"['2008-11-25', '11/25/2008', '2008/11/25', 'November 25th, 2008', '25-11-2008', '25/11/2008', '25 Nov 2008']"
2071,August,14,"['14-08-2071', '14/08/2071', 'August 14th, 2071', '2071-08-14', '2071/08/14']"
1918,October,15,"['October 15th, 1918']"
2021,September,21,"['21st September, 2021']"
1900,August,18,"['1900-08-18', '18 Aug 1900', '08/18/1900', '1900/08/18']"
2084,September,16,"['2084/09/16', '09/16/2084', '2084-09-16']"
2051,September,9,"['09-09-2051', '2051/09/09']"
1901,August,19,"['19/08/1901', '1901/08/19', '19-08-1901', '19th August, 1901', '19 Aug 1901', '08/19/1901', '1901-08-19']"
2080,February,29,"['29/02/2080', '29-02-2080', '2080-02-29', '02/29/2080', '29 Feb 2080', '29th February, 2080', '2080/02/29']"
1954,September,26,"['26-09-1954', '1954-09-26', '09/26/1954', '26th September, 1954']"
1992,August,5,"['05-08-1992', '1992/08/05', '05 Aug 1992', '08/05/1992', '1992-08-05', '5th August, 1992', 'August 5th, 1992', '05/08/1992']"
1924,March,26,"['1924/03/26', '26th March, 1924', '26/03/1924', '03/26/1924', 'March 26th, 1924', '26 Mar 1924', '26-03-1924', '1924-03-26']"
2052,March,10,"['March 10th, 2052', '10/03/2052', '10 Mar 2052', '03/10/2052', '10th March, 2052', '2052-03-10', '2052/03/10']"
2098,March,11,"['11-03-2098', '03/11/2098', '2098/03/11', '2098-03-11']"
2045,April,2,"['02-04-2045', '02/04/2045']"
1930,April,6,['1930/04/06']
2011,July,28,['28 Jul 2011']
2058,April,10,"['10 Apr 2058', 'April 10th, 2058', '04/10/2058', '10th April, 2058', '2058-04-10', '10-04-2058', '2058/04/10', '10/04/2058']"
2031,December,29,"['29-12-2031', 'December 29th, 2031', '29th December, 2031', '2031-12-29', '29/12/2031']"
1926,November,15,"['15-11-1926', 'November 15th, 1926', '1926/11/15']"
2071,January,15,"['15 Jan 2071', '01/15/2071', '15-01-2071', '2071/01/15']"
1901,December,15,"['December 15th, 1901', '15-12-1901', '12/15/1901', '15 Dec 1901', '1901/12/15']"
1960,May,20,['1960/05/20']
2061,February,21,"['2061/02/21', '21-02-2061', '02/21/2061', '21 Feb 2061', '2061-02-21', '21st February, 2061']"
2051,March,10,"['2051/03/10', 'March 10th, 2051', '10th March, 2051']"
2085,August,29,"['2085/08/29', '29 Aug 2085', '08/29/2085', 'August 29th, 2085', '29-08-2085']"
1955,January,2,"['2nd January, 1955', 'January 2nd, 1955']"
2068,November,14,"['November 14th, 2068', '14/11/2068', '11/14/2068']"
2097,July,21,"['21 Jul 2097', '2097-07-21', '2097/07/21', 'July 21st, 2097']"
1971,October,26,"['October 26th, 1971', '26/10/1971', '26th October, 1971', '26-10-1971', '10/26/1971']"
1915,February,7,"['1915/02/07', '07 Feb 1915', '1915-02-07', 'February 7th, 1915', '02/07/1915', '07/02/1915']"
2087,August,1,"['1st August, 2087', '01-08-2087', '08/01/2087', '2087/08/01', '01 Aug 2087', 'August 1st, 2087']"
1985,June,23,['23-06-1985']
2042,November,17,"['November 17th, 2042', '17th November, 2042', '2042-11-17', '17-11-2042', '2042/11/17', '17 Nov 2042', '11/17/2042', '17/11/2042']"
1963,October,25,"['1963-10-25', '25/10/1963', '25th October, 1963']"
1975,August,9,"['08/09/1975', '09-08-1975', '09 Aug 1975', 'August 9th, 1975', '1975/08/09', '1975-08-09']"
1936,October,21,['1936/10/21']
1930,November,16,"['1930-11-16', '1930/11/16']"
2009,September,29,"['29-09-2009', '29th September, 2009', '29/09/2009', '29 Sep 2009']"
2092,October,10,"['October 10th, 2092', '10-10-2092', '10/10/2092', '2092-10-10', '10 Oct 2092', '10/10/2092', '10th October, 2092']"
2041,February,27,"['2041-02-27', '27/02/2041']"
1995,November,25,"['1995/11/25', '25/11/1995', '11/25/1995', '1995-11-25']"
1953,February,6,"['06/02/1953', '1953/02/06', 'February 6th, 1953', '02/06/1953', '6th February, 1953', '06-02-1953']"
2043,March,12,['12 Mar 2043']
2044,December,30,"['30-12-2044', '2044/12/30', '30 Dec 2044']"
2053,December,20,"['20 Dec 2053', '2053-12-20', '20/12/2053']"
1987,November,26,"['November 26th, 1987', '11/26/1987', '26-11-1987', '26th November, 1987', '1987-11-26', '26 Nov 1987', '26/11/1987']"
1968,December,5,"['05-12-1968', 'December 5th, 1968', '12/05/1968', '05 Dec 1968']"
2059,July,14,"['2059-07-14', '14 Jul 2059', '2059/07/14']"
1918,February,1,['01 Feb 1918']
1907,April,21,"['21/04/1907', '1907-04-21', '21-04-1907', 'April 21st, 1907', '21st April, 1907', '1907/04/21', '04/21/1907', '21 Apr 1907']"
2028,July,28,"['2028-07-28', '2028/07/28', '07/28/2028', '28-07-2028']"
1974,June,9,"['9th June, 1974', '1974/06/09', '09-06-1974', 'June 9th, 1974', '06/09/1974']"
1940,May,21,"['1940/05/21', '1940-05-21', '21-05-1940', 'May 21st, 1940']"
1913,July,27,"['27-07-1913', 'July 27th, 1913', '27th July, 1913', '1913/07/27', '07/27/1913', '27/07/1913']"
2066,February,16,['16-02-2066']
2053,June,27,"['27 Jun 2053', '2053/06/27', 'June 27th, 2053', '06/27/2053', '2053-06-27', '27/06/2053']"
1928,December,23,"['23-12-1928', '23 Dec 1928', '1928-12-23']"
2068,February,21,"['2068-02-21', '21st February, 2068', '21-02-2068', '02/21/2068', 'February 21st, 2068', '2068/02/21']"
2027,November,4,"['04-11-2027', '11/04/2027', '2027/11/04', 'November 4th, 2027', '2027-11-04']"
2056,November,16,"['16-11-2056', '16th November, 2056']"
2034,August,28,"['28-08-2034', '2034/08/28', '28 Aug 2034', '08/28/2034', '28th August, 2034', '2034-08-28', 'August 28th, 2034']"
2005,April,13,"['2005-04-13', '13th April, 2005', '2005/04/13', '13/04/2005', 'April 13th, 2005', '13-04-2005', '13 Apr 2005']"
2057,June,7,"['07-06-2057', '06/07/2057', '07 Jun 2057', '7th June, 2057', '2057/06/07']"
2072,February,2,['2072-02-02']
1940,September,1,"['01-09-1940', '1st September, 1940']"
2010,July,3,"['2010-07-03', '03/07/2010', '07/03/2010', '03 Jul 2010', '03-07-2010', '2010/07/03']"
1967,July,9,"['07/09/1967', '9th July, 1967', 'July 9th, 1967', '09-07-1967', '1967/07/09', '09/07/1967', '09 Jul 1967']"
2059,July,31,"['2059/07/31', '31-07-2059', '2059-07-31', '31st July, 2059', '31 Jul 2059']"
1900,October,27,"['27th October, 1900', '1900-10-27', '27 Oct 1900', '27/10/1900']"
2023,December,20,"['20/12/2023', '20th December, 2023']"
2062,July,16,"['16 Jul 2062', '16th July, 2062', '07/16/2062', '16/07/2062', '2062/07/16', '2062-07-16', '16-07-2062']"
2034,August,6,"['August 6th, 2034', '2034/08/06', '2034-08-06', '6th August, 2034', '08/06/2034', '06/08/2034', '06-08-2034']"
1964,February,16,"['16 Feb 1964', '16-02-1964', '16/02/1964', '1964-02-16']"
2094,October,22,"['22nd October, 2094', '22-10-2094', '22/10/2094']"
1970,March,5,"['1970-03-05', '5th March, 1970', '03/05/1970', 'March 5th, 1970', '05-03-1970']"
2095,June,18,['2095-06-18']
2022,November,5,"['2022/11/05', '2022-11-05', '5th November, 2022']"
1947,October,26,"['26th October, 1947', 'October 26th, 1947', '1947/10/26', '26-10-1947', '10/26/1947', '26 Oct 1947', '26/10/1947']"
1979,March,12,"['12 Mar 1979', '12-03-1979', 'March 12th, 1979', '12th March, 1979', '1979-03-12', '1979/03/12']"
1903,July,28,"['1903-07-28', '28-07-1903', '28/07/1903', '28 Jul 1903', '1903/07/28', '28th July, 1903', 'July 28th, 1903']"
1951,September,26,"['26th September, 1951', '26-09-1951', 'September 26th, 1951', '26/09/1951', '26 Sep 1951']"
2082,September,2,"['02-09-2082', '02 Sep 2082']"
2096,February,4,"['4th February, 2096', '04/02/2096', 'February 4th, 2096', '04 Feb 2096', '2096-02-04', '04-02-2096']"
2075,October,8,"['08-10-2075', 'October 8th, 2075', '8th October, 2075', '08 Oct 2075', '2075-10-08', '08/10/2075', '2075/10/08']"
1900,April,24,"['April 24th, 1900', '24 Apr 1900']"
1917,July,20,"['20 Jul 1917', '1917/07/20', '1917-07-20', 'July 20th, 1917', '07/20/1917', '20th July, 1917']"
1900,June,6,"['1900/06/06', '06-06-1900']"
1982,June,10,"['June 10th, 1982', '10-06-1982', '06/10/1982', '10/06/1982', '1982/06/10', '1982-06-10']"
1990,December,12,"['1990/12/12', '12/12/1990', '12-12-1990', 'December 12th, 1990', '12 Dec 1990']"
1901,July,6,['06/07/1901']
1920,March,22,"['1920/03/22', '1920-03-22', 'March 22nd, 1920', '22-03-1920']"
1906,November,29,"['29/11/1906', 'November 29th, 1906', '29 Nov 1906', '29th November, 1906', '1906-11-29', '11/29/1906', '29-11-1906', '1906/11/29']"
1995,September,5,"['1995-09-05', '09/05/1995', '5th September, 1995']"
1956,June,29,"['29 Jun 1956', '1956/06/29']"
1903,May,2,"['May 2nd, 1903', '02/05/1903', '2nd May, 1903']"
2079,April,16,"['04/16/2079', '16th April, 2079', '16-04-2079', '16/04/2079', '2079-04-16', 'April 16th, 2079', '2079/04/16']"
2026,December,6,"['06-12-2026', '6th December, 2026', 'December 6th, 2026', '12/06/2026']"
2096,October,24,"['10/24/2096', '24-10-2096', '2096/10/24']"
1974,December,14,"['14th December, 1974', '14-12-1974', 'December 14th, 1974', '1974-12-14', '12/14/1974']"
2063,November,15,"['15th November, 2063', '15-11-2063', '2063-11-15', '15 Nov 2063', '15/11/2063']"
1961,April,8,"['08/04/1961', '1961-04-08', '04/08/1961']"
2033,March,14,"['14 Mar 2033', '03/14/2033', '14th March, 2033']"
2036,October,18,"['2036/10/18', '18th October, 2036', '18/10/2036', 'October 18th, 2036', '2036-10-18', '18-10-2036', '10/18/2036', '18 Oct 2036']"
2080,September,26,"['09/26/2080', '2080/09/26']"
1944,December,24,"['24/12/1944', '24-12-1944']"
2089,March,12,"['2089/03/12', '03/12/2089', '12/03/2089', 'March 12th, 2089']"
2060,December,21,"['21-12-2060', '21 Dec 2060', '21st December, 2060', '2060/12/21', '12/21/2060', 'December 21st, 2060', '2060-12-21', '21/12/2060']"
1961,March,22,"['March 22nd, 1961']"
2082,November,8,"['2082/11/08', '8th November, 2082']"
1902,August,29,"['29th August, 1902', '29/08/1902', '08/29/1902', '1902-08-29', '1902/08/29', '29 Aug 1902']"
2054,March,13,"['13th March, 2054', 'March 13th, 2054', '2054-03-13', '13-03-2054', '2054/03/13', '13 Mar 2054', '13/03/2054']"
2042,June,1,"['1st June, 2042', '01-06-2042', '06/01/2042', 'June 1st, 2042']"
1950,February,14,"['1950-02-14', '1950/02/14', '14/02/1950', '02/14/1950', '14 Feb 1950', '14th February, 1950', '14-02-1950', 'February 14th, 1950']"
1922,May,17,"['17 May 1922', '1922-05-17', 'May 17th, 1922', '1922/05/17', '17/05/1922', '05/17/1922', '17th May, 1922', '17-05-1922']"
1924,February,19,"['1924-02-19', '19 Feb 1924', '19th February, 1924', '19-02-1924', '1924/02/19', '19/02/1924', 'February 19th, 1924', '02/19/1924']"
2085,February,19,"['02/19/2085', '19-02-2085', '19th February, 2085', '2085/02/19', '19/02/2085', 'February 19th, 2085', '19 Feb 2085', '2085-02-19']"
2033,April,7,"['07-04-2033', '07/04/2033', 'April 7th, 2033', '04/07/2033', '2033/04/07', '7th April, 2033', '07 Apr 2033']"
1979,December,31,"['December 31st, 1979', '31st December, 1979', '31/12/1979', '12/31/1979', '1979/12/31']"
2041,June,16,"['2041-06-16', '16 Jun 2041', 'June 16th, 2041', '16th June, 2041', '16-06-2041']"
2012,September,22,"['22/09/2012', '22 Sep 2012', 'September 22nd, 2012', '2012-09-22']"
1983,September,20,"['1983/09/20', '20th September, 1983', '20 Sep 1983', '20-09-1983', '1983-09-20', '09/20/1983', 'September 20th, 1983', '20/09/1983']"
1925,August,30,"['30th August, 1925', '08/30/1925', '30-08-1925', '1925/08/30', '30 Aug 1925', 'August 30th, 1925', '1925-08-30', '30/08/1925']"
2012,November,30,"['30th November, 2012', '30-11-2012', 'November 30th, 2012', '30 Nov 2012', '11/30/2012', '2012-11-30', '30/11/2012']"
1964,May,7,"['05/07/1964', '07 May 1964', '1964-05-07', '7th May, 1964', '07/05/1964', '07-05-1964', '1964/05/07', 'May 7th, 1964']"
2047,January,24,"['01/24/2047', '24-01-2047', '24 Jan 2047', '24/01/2047', 'January 24th, 2047']"
1996,October,22,"['1996-10-22', '22 Oct 1996']"
2012,June,11,"['2012/06/11', '11th June, 2012', '11/06/2012']"
2044,December,11,"['11/12/2044', '2044-12-11', '2044/12/11', '11 Dec 2044', '11-12-2044']"
2070,September,29,"['29 Sep 2070', '29th September, 2070', '2070-09-29']"
2031,February,23,['23 Feb 2031']
2080,February,1,"['01 Feb 2080', '2080-02-01', 'February 1st, 2080']"
1929,October,23,"['23/10/1929', 'October 23rd, 1929', '23-10-1929', '1929/10/23', '23rd October, 1929', '1929-10-23', '10/23/1929']"
1956,October,26,"['26-10-1956', '10/26/1956', 'October 26th, 1956', '1956/10/26', '1956-10-26']"
2026,June,17,['2026/06/17']
2074,October,21,"['2074-10-21', 'October 21st, 2074', '21/10/2074', '21st October, 2074', '10/21/2074', '2074/10/21', '21-10-2074']"
2053,October,10,"['2053/10/10', '10 Oct 2053', '2053-10-10', 'October 10th, 2053', '10/10/2053', '10th October, 2053', '10/10/2053', '10-10-2053']"
2039,April,28,"['28-04-2039', '2039-04-28']"
2060,August,9,"['08/09/2060', '09 Aug 2060', '2060-08-09', '9th August, 2060']"
2006,July,4,"['07/04/2006', 'July 4th, 2006']"
1994,November,23,"['1994-11-23', '23 Nov 1994', '1994/11/23', '23-11-1994', 'November 23rd, 1994', '23/11/1994']"
2043,March,27,"['2043/03/27', '03/27/2043', '27/03/2043', '2043-03-27', '27 Mar 2043', 'March 27th, 2043']"
2032,January,12,"['January 12th, 2032', '12-01-2032', '12th January, 2032', '12/01/2032', '2032/01/12']"
1968,July,1,"['1968/07/01', '01/07/1968', '1st July, 1968', '1968-07-01', 'July 1st, 1968', '01 Jul 1968']"
2062,April,22,"['2062/04/22', '22-04-2062']"
1940,August,9,"['08/09/1940', '9th August, 1940', '09 Aug 1940', '1940-08-09', 'August 9th, 1940', '09-08-1940']"
1950,October,2,"['02/10/1950', 'October 2nd, 1950', '2nd October, 1950', '10/02/1950']"
2095,January,15,"['15/01/2095', '2095-01-15', '15-01-2095']"
1900,May,16,"['05/16/1900', 'May 16th, 1900', '16/05/1900', '16 May 1900', '16th May, 1900', '1900/05/16', '16-05-1900']"
1939,October,17,"['1939-10-17', '17-10-1939', '17/10/1939', '17th October, 1939', '1939/10/17']"
1916,May,7,"['07/05/1916', 'May 7th, 1916', '05/07/1916', '7th May, 1916', '07 May 1916', '1916-05-07']"
1987,July,27,"['27-07-1987', '27/07/1987']"
1998,March,13,"['1998-03-13', '13/03/1998', '13 Mar 1998', '13th March, 1998', '03/13/1998', 'March 13th, 1998', '13-03-1998']"
2064,April,2,"['02-04-2064', '2064/04/02', 'April 2nd, 2064', '04/02/2064', '2nd April, 2064', '02/04/2064', '02 Apr 2064']"
2073,January,5,"['05-01-2073', '5th January, 2073']"
1971,December,29,"['12/29/1971', '29-12-1971', '29/12/1971', '29th December, 1971', 'December 29th, 1971']"
1970,October,2,['10/02/1970']
2049,July,2,"['2049-07-02', '2nd July, 2049', '02 Jul 2049', '02-07-2049', '07/02/2049', '02/07/2049', 'July 2nd, 2049']"
2002,June,8,"['8th June, 2002', '08-06-2002']"
1990,January,18,"['18-01-1990', '01/18/1990', '1990-01-18']"
1992,August,23,"['August 23rd, 1992', '23-08-1992', '1992/08/23']"
2035,July,11,"['11th July, 2035', '11/07/2035', '11 Jul 2035', '2035-07-11', '11-07-2035']"
1976,March,10,"['10/03/1976', 'March 10th, 1976', '10 Mar 1976']"
2049,August,30,"['08/30/2049', '30-08-2049', '2049/08/30', '30 Aug 2049', '2049-08-30', '30th August, 2049', 'August 30th, 2049', '30/08/2049']"
1980,September,5,"['September 5th, 1980', '09/05/1980', '1980-09-05', '1980/09/05', '5th September, 1980']"
1999,September,13,['13/09/1999']
2046,March,10,"['10/03/2046', '10 Mar 2046']"
1963,September,17,"['17 Sep 1963', '1963/09/17', '17-09-1963', '09/17/1963', '17/09/1963', '1963-09-17']"
2049,April,17,"['2049-04-17', 'April 17th, 2049', '17/04/2049', '04/17/2049', '17th April, 2049', '17-04-2049', '17 Apr 2049', '2049/04/17']"
1918,July,6,"['1918-07-06', '06/07/1918']"
1952,April,14,"['14th April, 1952', '04/14/1952', '14/04/1952', '1952-04-14', '14 Apr 1952', 'April 14th, 1952', '14-04-1952', '1952/04/14']"
2002,July,6,"['07/06/2002', '06 Jul 2002', '2002-07-06']"
2033,December,26,"['26th December, 2033', '26/12/2033']"
1907,April,14,"['14 Apr 1907', '04/14/1907', 'April 14th, 1907', '14/04/1907', '14-04-1907', '14th April, 1907', '1907/04/14']"
2034,February,24,"['24th February, 2034', '24/02/2034']"
2088,January,13,"['January 13th, 2088', '2088-01-13', '01/13/2088', '13/01/2088', '13 Jan 2088']"
1958,December,5,"['05/12/1958', '1958/12/05', '05 Dec 1958', '5th December, 1958', '05-12-1958', '12/05/1958', 'December 5th, 1958']"
1998,March,17,"['1998/03/17', '03/17/1998', '17/03/1998', '1998-03-17', '17-03-1998', '17th March, 1998']"
2043,August,3,['2043/08/03']
1991,September,5,"['05 Sep 1991', '1991/09/05', 'September 5th, 1991', '1991-09-05', '5th September, 1991', '05/09/1991', '09/05/1991', '05-09-1991']"
1960,March,19,"['19/03/1960', '19-03-1960', '19th March, 1960', 'March 19th, 1960', '03/19/1960', '1960/03/19', '19 Mar 1960', '1960-03-19']"
2089,September,18,"['2089/09/18', '09/18/2089']"
1962,February,14,"['1962/02/14', '14 Feb 1962', '14th February, 1962', '14/02/1962', '02/14/1962', 'February 14th, 1962', '1962-02-14']"
1980,November,29,"['November 29th, 1980']"
1958,August,27,"['27 Aug 1958', '08/27/1958', '27/08/1958', 'August 27th, 1958', '1958-08-27', '27-08-1958', '1958/08/27']"
2083,August,13,"['13th August, 2083', '13/08/2083', '2083-08-13', 'August 13th, 2083', '2083/08/13', '13 Aug 2083']"
1984,October,18,"['October 18th, 1984', '1984-10-18']"
1988,February,17,"['17/02/1988', '02/17/1988', '1988/02/17', '17-02-1988', '17 Feb 1988', 'February 17th, 1988', '17th February, 1988', '1988-02-17']"
1961,May,5,"['05-05-1961', '1961/05/05', '5th May, 1961', 'May 5th, 1961', '05/05/1961', '1961-05-05', '05/05/1961', '05 May 1961']"
2090,March,27,['03/27/2090']
1922,October,3,"['1922/10/03', 'October 3rd, 1922']"
1900,June,28,"['28/06/1900', '28th June, 1900', '28-06-1900']"
1944,April,30,"['30/04/1944', '1944/04/30']"
1910,May,10,"['10 May 1910', 'May 10th, 1910', '1910/05/10', '10-05-1910']"
2096,December,10,"['10-12-2096', '2096-12-10', 'December 10th, 2096', '10th December, 2096']"
2037,October,17,"['October 17th, 2037', '17 Oct 2037']"
2047,July,23,['07/23/2047']
2082,November,30,"['30-11-2082', '30 Nov 2082', '30th November, 2082', '2082-11-30', '2082/11/30', '30/11/2082', 'November 30th, 2082']"
2091,June,21,['2091-06-21']
1942,October,12,"['12/10/1942', '1942/10/12', 'October 12th, 1942', '1942-10-12', '10/12/1942']"
1926,January,13,"['13 Jan 1926', '1926-01-13', '13/01/1926', '1926/01/13', '13-01-1926', '13th January, 1926', 'January 13th, 1926', '01/13/1926']"
2002,August,2,"['2002/08/02', 'August 2nd, 2002', '02/08/2002', '08/02/2002', '02 Aug 2002', '2002-08-02', '02-08-2002']"
2073,November,17,"['2073/11/17', 'November 17th, 2073', '17-11-2073', '11/17/2073']"
1958,October,24,"['October 24th, 1958', '1958/10/24']"
2058,September,1,"['2058-09-01', '01-09-2058', 'September 1st, 2058']"
2070,August,16,"['2070-08-16', '16/08/2070', 'August 16th, 2070', '08/16/2070']"
1917,November,27,"['27th November, 1917', '27 Nov 1917', '27/11/1917']"
2086,September,12,"['2086/09/12', '2086-09-12']"
1908,November,26,"['26/11/1908', '26 Nov 1908', '1908/11/26']"
2017,November,16,"['2017-11-16', '16/11/2017', '11/16/2017', 'November 16th, 2017', '2017/11/16']"
1985,November,28,"['28th November, 1985', 'November 28th, 1985', '11/28/1985', '28/11/1985']"
2000,November,16,"['2000-11-16', '16/11/2000']"
2016,November,2,"['02 Nov 2016', '02-11-2016']"
2081,November,17,"['November 17th, 2081']"
1980,December,6,"['6th December, 1980', '06/12/1980', '06-12-1980', '06 Dec 1980']"
1973,July,9,"['9th July, 1973', '1973/07/09', '1973-07-09', '09-07-1973']"
2086,March,26,"['26/03/2086', '26th March, 2086', '2086-03-26']"
1902,September,3,"['03 Sep 1902', '1902/09/03', '03-09-1902', '3rd September, 1902', 'September 3rd, 1902', '09/03/1902', '03/09/1902']"
1956,February,21,"['1956-02-21', '21 Feb 1956', 'February 21st, 1956', '21/02/1956', '1956/02/21', '21-02-1956', '21st February, 1956']"
1913,April,27,['27-04-1913']
2023,September,21,"['2023-09-21', '2023/09/21', '21/09/2023', '21st September, 2023', '21-09-2023', '09/21/2023', 'September 21st, 2023']"
1963,September,9,"['09/09/1963', '09 Sep 1963', '1963-09-09', '09/09/1963', '09-09-1963', '1963/09/09', '9th September, 1963', 'September 9th, 1963']"
2031,November,21,"['November 21st, 2031', '21 Nov 2031', '2031/11/21', '11/21/2031', '21st November, 2031', '2031-11-21']"
2066,September,1,"['01 Sep 2066', '2066-09-01', '09/01/2066', '01/09/2066', '01-09-2066', '1st September, 2066', 'September 1st, 2066']"
1944,May,1,"['01/05/1944', 'May 1st, 1944', '1944-05-01', '01-05-1944', '1944/05/01']"
1961,March,31,"['31/03/1961', '03/31/1961', '1961/03/31', '31 Mar 1961', '31st March, 1961', 'March 31st, 1961', '1961-03-31']"
2094,February,21,"['2094-02-21', '21-02-2094', '21 Feb 2094', 'February 21st, 2094', '02/21/2094', '21/02/2094', '2094/02/21']"
1976,September,18,"['18-09-1976', '18 Sep 1976', 'September 18th, 1976', '1976-09-18']"
2019,September,7,"['07 Sep 2019', '07-09-2019', '09/07/2019', '7th September, 2019', 'September 7th, 2019', '2019/09/07']"
2091,August,28,"['August 28th, 2091', '08/28/2091', '28 Aug 2091', '28-08-2091', '2091/08/28']"
2008,October,26,"['October 26th, 2008']"
2055,March,29,"['2055/03/29', '29th March, 2055', '29-03-2055', '2055-03-29', '03/29/2055', '29/03/2055', '29 Mar 2055']"
1928,May,25,"['05/25/1928', '1928/05/25', '25th May, 1928', '25 May 1928', '1928-05-25', '25/05/1928', '25-05-1928', 'May 25th, 1928']"
2011,April,21,['04/21/2011']
2069,November,27,"['27/11/2069', '2069/11/27']"
2078,March,30,"['2078/03/30', '30 Mar 2078', '30-03-2078', '2078-03-30', '30/03/2078']"
2012,January,24,"['2012/01/24', '24-01-2012', 'January 24th, 2012', '24/01/2012', '24 Jan 2012']"
2066,November,16,['16 Nov 2066']
1936,April,11,"['11-04-1936', 'April 11th, 1936', '11 Apr 1936']"
2049,November,15,"['2049/11/15', 'November 15th, 2049', '15/11/2049']"
1902,June,13,"['13/06/1902', '1902/06/13', '13th June, 1902', '1902-06-13', '13 Jun 1902', '06/13/1902']"
1950,June,5,"['05-06-1950', '05 Jun 1950', '06/05/1950', '5th June, 1950']"
1905,August,11,"['11 Aug 1905', '11-08-1905', '11th August, 1905', '1905/08/11', '1905-08-11', '11/08/1905', '08/11/1905']"
2014,November,7,"['07/11/2014', '11/07/2014', '2014/11/07']"
2040,March,7,"['March 7th, 2040', '7th March, 2040', '2040-03-07']"
2064,April,29,"['29/04/2064', '29 Apr 2064', '2064/04/29', '2064-04-29']"
2035,February,6,['06-02-2035']
1933,November,5,"['5th November, 1933', '05/11/1933', '05 Nov 1933', '1933/11/05', '11/05/1933']"
1949,June,8,['08/06/1949']
1962,April,16,"['16 Apr 1962', '16-04-1962', '16th April, 1962', 'April 16th, 1962']"
1983,January,28,"['1983/01/28', '01/28/1983']"
2001,December,25,"['25 Dec 2001', '12/25/2001', '25th December, 2001', '2001/12/25']"
2051,April,25,"['April 25th, 2051', '25 Apr 2051', '04/25/2051', '25-04-2051', '25/04/2051']"
1910,November,2,"['November 2nd, 1910', '1910-11-02', '11/02/1910', '02/11/1910', '1910/11/02', '02 Nov 1910', '2nd November, 1910']"
2070,January,13,"['2070/01/13', '13th January, 2070', 'January 13th, 2070', '2070-01-13', '13 Jan 2070', '13-01-2070']"
2020,September,4,"['4th September, 2020', '2020/09/04', '04/09/2020', '04 Sep 2020', '09/04/2020']"
1982,March,29,"['29/03/1982', '1982-03-29']"
2060,August,27,"['27-08-2060', '27 Aug 2060', '27/08/2060']"
2082,February,15,"['2082/02/15', '15/02/2082', '02/15/2082', '15-02-2082', '2082-02-15', '15 Feb 2082', 'February 15th, 2082', '15th February, 2082']"
2089,March,22,"['2089/03/22', '22/03/2089', '2089-03-22', 'March 22nd, 2089']"
1949,May,10,['10 May 1949']
1914,March,22,"['03/22/1914', '22-03-1914', '1914-03-22', 'March 22nd, 1914']"
1947,September,18,"['18-09-1947', '18/09/1947', '1947-09-18', '18th September, 1947', '1947/09/18', 'September 18th, 1947', '18 Sep 1947', '09/18/1947']"
1983,May,23,"['05/23/1983', '23 May 1983', 'May 23rd, 1983']"
2037,April,24,"['24th April, 2037']"
2086,May,2,"['2086-05-02', '05/02/2086', 'May 2nd, 2086', '02/05/2086', '02 May 2086']"
1914,September,2,"['02/09/1914', '09/02/1914', '2nd September, 1914']"
1928,October,27,"['October 27th, 1928', '27-10-1928', '27 Oct 1928', '1928-10-27', '10/27/1928', '27/10/1928', '1928/10/27', '27th October, 1928']"
1902,July,4,"['July 4th, 1902', '4th July, 1902', '04 Jul 1902', '1902-07-04']"
1969,November,28,"['1969/11/28', '28th November, 1969', 'November 28th, 1969', '11/28/1969', '28 Nov 1969']"
2060,May,13,"['May 13th, 2060', '13th May, 2060', '05/13/2060', '2060/05/13', '2060-05-13', '13/05/2060', '13 May 2060', '13-05-2060']"
2084,July,24,['2084/07/24']
2090,February,26,"['2090-02-26', '26/02/2090', '26 Feb 2090', '26-02-2090', '02/26/2090', '2090/02/26', 'February 26th, 2090']"
2026,January,9,"['09-01-2026', '09 Jan 2026', '01/09/2026', '2026/01/09']"
2015,February,5,"['05 Feb 2015', '5th February, 2015', '2015-02-05', '05/02/2015', '2015/02/05']"
1909,January,21,"['01/21/1909', '21st January, 1909', 'January 21st, 1909', '1909/01/21', '1909-01-21']"
2011,December,21,"['21/12/2011', 'December 21st, 2011', '21 Dec 2011', '12/21/2011', '21-12-2011', '2011/12/21', '2011-12-21', '21st December, 2011']"
2096,February,17,"['17-02-2096', 'February 17th, 2096', '17 Feb 2096', '17th February, 2096', '17/02/2096', '02/17/2096']"
1933,October,30,"['30 Oct 1933', '10/30/1933', '30th October, 1933', 'October 30th, 1933', '1933/10/30', '30/10/1933', '1933-10-30']"
2046,June,12,"['06/12/2046', '2046/06/12', '12th June, 2046', '2046-06-12', '12-06-2046', 'June 12th, 2046', '12 Jun 2046']"
1997,December,28,"['28-12-1997', '12/28/1997']"
1959,May,17,"['05/17/1959', '17-05-1959', 'May 17th, 1959', '1959-05-17']"
2087,January,31,"['31-01-2087', '31/01/2087', '2087-01-31', '01/31/2087']"
1923,May,5,"['1923-05-05', '05/05/1923', 'May 5th, 1923', '05/05/1923']"
2013,October,23,"['October 23rd, 2013', '23-10-2013', '10/23/2013', '23/10/2013']"
2042,February,2,"['2nd February, 2042', '2042/02/02']"
1918,November,17,"['November 17th, 1918', '1918/11/17', '17 Nov 1918', '1918-11-17', '17-11-1918', '11/17/1918']"
1905,December,12,"['12 Dec 1905', '12/12/1905', '1905-12-12', '12/12/1905', '12-12-1905', '1905/12/12', '12th December, 1905']"
2078,November,15,"['2078/11/15', '15 Nov 2078', '11/15/2078', '15/11/2078', 'November 15th, 2078', '2078-11-15', '15th November, 2078', '15-11-2078']"
1919,November,11,"['11/11/1919', '11-11-1919', '11 Nov 1919', '1919-11-11']"
2035,March,30,"['March 30th, 2035', '30th March, 2035', '30 Mar 2035', '30-03-2035', '2035-03-30', '30/03/2035', '2035/03/30']"
1914,July,16,"['1914-07-16', '16/07/1914', '16 Jul 1914', '07/16/1914', '1914/07/16', '16th July, 1914', '16-07-1914', 'July 16th, 1914']"
2013,June,6,"['June 6th, 2013', '2013/06/06', '06 Jun 2013', '2013-06-06']"
2059,January,25,"['25 Jan 2059', '25th January, 2059', '01/25/2059']"
2083,June,2,"['02-06-2083', '02/06/2083', 'June 2nd, 2083', '2nd June, 2083', '2083/06/02', '06/02/2083', '02 Jun 2083']"
2041,September,30,"['September 30th, 2041']"
1969,February,25,"['February 25th, 1969', '25/02/1969', '25-02-1969', '1969/02/25', '1969-02-25', '25th February, 1969']"
1997,October,20,"['1997-10-20', '20th October, 1997', '1997/10/20', '20-10-1997', '20/10/1997']"
2025,December,7,"['07-12-2025', '07/12/2025', 'December 7th, 2025', '2025-12-07', '2025/12/07', '07 Dec 2025']"
2034,December,2,"['2nd December, 2034', '02-12-2034', 'December 2nd, 2034', '2034-12-02', '02/12/2034', '02 Dec 2034', '12/02/2034', '2034/12/02']"
1978,August,20,"['20-08-1978', '1978-08-20', '08/20/1978', '20 Aug 1978', '1978/08/20', 'August 20th, 1978', '20th August, 1978', '20/08/1978']"
2023,October,3,"['3rd October, 2023', '2023/10/03', '03/10/2023', '10/03/2023', '2023-10-03', 'October 3rd, 2023']"
2089,August,1,"['2089-08-01', '2089/08/01', '01 Aug 2089', '08/01/2089', '1st August, 2089', '01/08/2089', '01-08-2089', 'August 1st, 2089']"
2080,January,26,"['26th January, 2080', '26 Jan 2080', '2080/01/26', '2080-01-26', 'January 26th, 2080', '26/01/2080', '26-01-2080', '01/26/2080']"
1995,August,17,['17/08/1995']
2084,September,5,"['2084-09-05', '5th September, 2084', '2084/09/05', '09/05/2084', '05-09-2084', '05 Sep 2084', 'September 5th, 2084', '05/09/2084']"
2098,May,23,"['23-05-2098', '23 May 2098', '23/05/2098', 'May 23rd, 2098']"
1929,December,16,"['16th December, 1929', '16-12-1929', '1929-12-16', '12/16/1929', '16/12/1929']"
2047,May,28,"['28/05/2047', 'May 28th, 2047', '2047/05/28', '28 May 2047', '28-05-2047', '2047-05-28', '28th May, 2047']"
1998,March,19,"['19 Mar 1998', '19/03/1998', '03/19/1998']"
1966,May,30,"['1966-05-30', '30-05-1966', '1966/05/30', '30/05/1966']"
2098,May,20,"['20 May 2098', '2098-05-20', '20/05/2098', '20th May, 2098', 'May 20th, 2098', '2098/05/20']"
2022,July,2,"['02-07-2022', '02/07/2022', 'July 2nd, 2022', '2022/07/02', '02 Jul 2022', '2nd July, 2022', '07/02/2022', '2022-07-02']"
1935,August,23,"['1935/08/23', '23 Aug 1935', '23rd August, 1935']"
1981,February,18,"['February 18th, 1981', '18/02/1981']"
1999,December,25,"['1999-12-25', '25/12/1999', 'December 25th, 1999']"
1993,October,25,"['25 Oct 1993', '1993/10/25', '25th October, 1993', '25-10-1993']"
1939,March,6,"['06 Mar 1939', '06-03-1939', '03/06/1939']"
2060,March,12,"['March 12th, 2060', '2060/03/12', '12-03-2060', '12 Mar 2060', '12th March, 2060', '12/03/2060', '03/12/2060', '2060-03-12']"
1980,May,1,"['1980-05-01', '01 May 1980', '1st May, 1980', 'May 1st, 1980', '05/01/1980', '01/05/1980', '1980/05/01', '01-05-1980']"
1962,January,28,['28/01/1962']
2015,October,6,"['06/10/2015', '10/06/2015']"
1921,November,30,['30 Nov 1921']
1956,June,22,"['22-06-1956', '22 Jun 1956']"
2050,December,22,"['2050-12-22', '22 Dec 2050']"
1988,November,9,"['9th November, 1988', '09 Nov 1988', '11/09/1988', '09/11/1988', 'November 9th, 1988', '1988-11-09']"
1995,August,15,"['1995/08/15', '08/15/1995', '15-08-1995', '1995-08-15', '15th August, 1995', '15 Aug 1995']"
2026,October,27,['2026-10-27']
2030,September,6,['2030-09-06']
1954,August,7,"['1954-08-07', '1954/08/07', '07 Aug 1954', 'August 7th, 1954']"
2014,December,18,"['18-12-2014', '2014/12/18', '2014-12-18', 'December 18th, 2014', '18 Dec 2014', '18/12/2014']"
1946,March,14,['14 Mar 1946']
1953,July,29,"['1953/07/29', '29-07-1953', 'July 29th, 1953']"
2061,June,30,"['30-06-2061', '30th June, 2061', '2061/06/30', 'June 30th, 2061', '30 Jun 2061', '30/06/2061', '2061-06-30']"
2044,February,17,"['2044/02/17', '2044-02-17', '17/02/2044', '17 Feb 2044', '02/17/2044']"
2023,February,12,['12/02/2023']
1941,January,3,['03 Jan 1941']
2012,December,23,"['12/23/2012', '23rd December, 2012']"
1940,May,2,"['1940-05-02', '02-05-1940', '02 May 1940', '02/05/1940', '1940/05/02', '05/02/1940', 'May 2nd, 1940', '2nd May, 1940']"
1911,April,5,"['1911/04/05', '5th April, 1911', '05/04/1911', '1911-04-05', '04/05/1911', '05-04-1911', 'April 5th, 1911']"
1951,March,1,"['01/03/1951', '01 Mar 1951', '1951/03/01', '1951-03-01', '1st March, 1951', '01-03-1951']"
1907,January,8,"['08-01-1907', '1907-01-08', '1907/01/08', '01/08/1907']"
1948,May,14,"['14-05-1948', '1948-05-14', '14 May 1948', '1948/05/14', '05/14/1948']"
1986,August,14,"['14/08/1986', '14-08-1986', '14 Aug 1986', '08/14/1986', '14th August, 1986']"
2009,December,2,"['02/12/2009', 'December 2nd, 2009', '2009/12/02', '2nd December, 2009', '2009-12-02']"
1911,February,17,"['1911/02/17', '1911-02-17', '17/02/1911', '17-02-1911']"
1930,December,1,"['1930-12-01', 'December 1st, 1930', '01/12/1930', '1930/12/01']"
1949,March,10,"['10/03/1949', '1949/03/10', '10 Mar 1949', 'March 10th, 1949', '10th March, 1949', '1949-03-10', '03/10/1949', '10-03-1949']"
2095,October,14,['2095-10-14']
1999,January,10,"['01/10/1999', '10-01-1999', '1999/01/10', 'January 10th, 1999', '1999-01-10', '10/01/1999']"
2030,December,14,"['12/14/2030', '14-12-2030', '2030/12/14', '14th December, 2030', '2030-12-14']"
2046,October,23,"['2046/10/23', '23-10-2046', '23 Oct 2046', '10/23/2046', '23/10/2046', '23rd October, 2046', '2046-10-23']"
1954,November,1,"['11/01/1954', '01/11/1954', '1954-11-01', 'November 1st, 1954', '01 Nov 1954', '1954/11/01', '1st November, 1954']"
2056,July,12,"['12 Jul 2056', '2056-07-12']"
1902,October,25,"['25/10/1902', '1902-10-25']"
1976,June,16,"['16/06/1976', '1976-06-16', '1976/06/16', 'June 16th, 1976', '16 Jun 1976']"
1911,May,7,"['7th May, 1911', '1911-05-07', '07-05-1911', '07 May 1911', '07/05/1911', '1911/05/07', 'May 7th, 1911']"
1945,August,11,"['11/08/1945', '1945-08-11', '11-08-1945', '11 Aug 1945', '08/11/1945', '1945/08/11', 'August 11th, 1945', '11th August, 1945']"
2019,April,22,"['22 Apr 2019', 'April 22nd, 2019', '22-04-2019', '22nd April, 2019', '04/22/2019', '2019-04-22']"
2057,March,11,"['11 Mar 2057', '2057/03/11', '11-03-2057']"
2010,November,17,"['11/17/2010', '17 Nov 2010', '17/11/2010', 'November 17th, 2010', '2010-11-17']"
2028,May,14,"['2028-05-14', '14th May, 2028', '14 May 2028', '2028/05/14', '05/14/2028', '14-05-2028', 'May 14th, 2028']"
1946,January,1,"['1946/01/01', '01/01/1946', 'January 1st, 1946', '1946-01-01', '01-01-1946', '1st January, 1946', '01/01/1946', '01 Jan 1946']"
2004,August,28,"['2004-08-28', '28 Aug 2004', '28/08/2004', '28th August, 2004', 'August 28th, 2004', '28-08-2004', '08/28/2004']"
2074,March,30,"['03/30/2074', '30th March, 2074', '30-03-2074', '30/03/2074']"
2078,May,11,"['11-05-2078', '2078/05/11', '11 May 2078']"
1932,April,28,"['28 Apr 1932', '28/04/1932', '04/28/1932', '28th April, 1932']"
1977,March,10,"['10/03/1977', '10th March, 1977', '1977-03-10', '10-03-1977', '03/10/1977', '10 Mar 1977']"
1951,February,25,"['February 25th, 1951', '1951/02/25', '25/02/1951', '1951-02-25', '25 Feb 1951']"
1944,December,4,"['1944-12-04', '04 Dec 1944', '04/12/1944', '4th December, 1944']"
1944,August,7,"['07-08-1944', '1944-08-07', '07 Aug 1944', '07/08/1944', '7th August, 1944', '08/07/1944', 'August 7th, 1944', '1944/08/07']"
1985,November,23,"['23rd November, 1985', '1985-11-23']"
1917,December,23,"['23 Dec 1917', '23-12-1917', '1917/12/23', 'December 23rd, 1917', '12/23/1917', '1917-12-23', '23rd December, 1917', '23/12/1917']"
1970,January,31,"['January 31st, 1970', '31-01-1970', '1970/01/31', '31st January, 1970', '31 Jan 1970', '01/31/1970', '31/01/1970']"
2014,July,15,"['15th July, 2014', '15-07-2014', '15/07/2014', '2014/07/15', '2014-07-15']"
1960,August,1,"['August 1st, 1960', '08/01/1960', '1st August, 1960']"
1997,December,27,"['27 Dec 1997', '27/12/1997']"
2021,August,27,"['27 Aug 2021', '08/27/2021', 'August 27th, 2021', '2021/08/27', '2021-08-27', '27th August, 2021', '27/08/2021', '27-08-2021']"
2066,April,29,"['2066/04/29', '29 Apr 2066']"
1927,January,26,"['26/01/1927', '26th January, 1927', '01/26/1927', '26 Jan 1927']"
1971,April,11,"['April 11th, 1971', '11/04/1971', '1971-04-11', '11th April, 1971', '1971/04/11', '11-04-1971']"
2008,June,16,"['June 16th, 2008', '16-06-2008', '06/16/2008', '16th June, 2008', '2008-06-16', '2008/06/16', '16 Jun 2008']"
2022,May,20,"['05/20/2022', 'May 20th, 2022', '2022/05/20', '20th May, 2022', '2022-05-20', '20-05-2022', '20 May 2022', '20/05/2022']"
1936,September,20,"['1936/09/20', '20-09-1936', '20/09/1936']"
2027,April,26,"['04/26/2027', '2027-04-26', '26-04-2027', '26th April, 2027', '2027/04/26']"
2083,June,23,"['23rd June, 2083', '23-06-2083']"
2022,September,22,"['22nd September, 2022']"
2065,October,18,"['18th October, 2065', 'October 18th, 2065', '2065/10/18', '2065-10-18']"
1904,August,7,"['07/08/1904', '1904-08-07', '08/07/1904']"
2094,February,12,"['12th February, 2094', '12-02-2094', '12/02/2094']"
1994,May,28,"['28/05/1994', '05/28/1994', '1994-05-28', '28 May 1994', '28-05-1994', '1994/05/28', 'May 28th, 1994', '28th May, 1994']"
1921,September,9,"['09/09/1921', '1921-09-09', '09 Sep 1921', '1921/09/09', 'September 9th, 1921', '9th September, 1921']"
2075,December,21,"['21/12/2075', '21 Dec 2075', '2075-12-21', '12/21/2075', '21-12-2075']"
2027,September,30,"['2027-09-30', 'September 30th, 2027', '30-09-2027', '30th September, 2027', '09/30/2027', '2027/09/30', '30/09/2027', '30 Sep 2027']"
1999,November,6,"['1999/11/06', '06-11-1999', '06/11/1999', '06 Nov 1999', 'November 6th, 1999', '6th November, 1999', '1999-11-06', '11/06/1999']"
1939,November,17,"['17th November, 1939', '17-11-1939', '17/11/1939']"
2032,January,24,"['24 Jan 2032', '24-01-2032', '24th January, 2032', '24/01/2032', 'January 24th, 2032', '01/24/2032', '2032/01/24']"
1936,August,26,"['26-08-1936', 'August 26th, 1936', '26th August, 1936', '08/26/1936', '26 Aug 1936', '1936-08-26', '26/08/1936']"
2090,October,14,"['10/14/2090', '2090/10/14']"
1955,January,4,"['04-01-1955', '01/04/1955']"
1952,June,12,"['1952/06/12', '1952-06-12', '06/12/1952']"
1937,January,16,"['16th January, 1937', '16 Jan 1937', '16/01/1937', '1937-01-16']"
1990,June,18,"['18/06/1990', '1990/06/18', '18th June, 1990', 'June 18th, 1990', '18-06-1990', '06/18/1990', '18 Jun 1990']"
1962,September,22,"['1962-09-22', '22 Sep 1962', '1962/09/22', 'September 22nd, 1962', '22nd September, 1962', '22/09/1962']"
2098,November,17,"['17 Nov 2098', '2098/11/17', '17-11-2098', '17th November, 2098', '11/17/2098', 'November 17th, 2098']"
2052,January,10,"['2052-01-10', '10/01/2052', 'January 10th, 2052', '01/10/2052', '10-01-2052', '2052/01/10', '10th January, 2052', '10 Jan 2052']"
1990,April,21,"['04/21/1990', '21/04/1990']"
2058,January,20,"['2058-01-20', '20/01/2058', '01/20/2058', '20 Jan 2058', 'January 20th, 2058']"
1978,March,21,"['21/03/1978', '21st March, 1978', 'March 21st, 1978', '1978-03-21']"
2054,January,12,"['12 Jan 2054', '01/12/2054', '12/01/2054', '12th January, 2054', 'January 12th, 2054']"
2018,June,14,"['2018-06-14', 'June 14th, 2018', '14/06/2018']"
2017,June,21,['21/06/2017']
2043,September,26,"['26th September, 2043', '26/09/2043', '26 Sep 2043']"
2065,June,12,"['12/06/2065', 'June 12th, 2065', '2065-06-12', '12-06-2065', '2065/06/12', '06/12/2065', '12th June, 2065', '12 Jun 2065']"
2034,April,24,['24/04/2034']
2049,October,28,"['28th October, 2049', 'October 28th, 2049', '28-10-2049']"
2084,November,8,"['08 Nov 2084', 'November 8th, 2084', '8th November, 2084', '08-11-2084', '08/11/2084']"
2028,February,23,"['23 Feb 2028', '2028/02/23', '2028-02-23', 'February 23rd, 2028', '02/23/2028', '23-02-2028', '23/02/2028', '23rd February, 2028']"
1970,May,12,['1970/05/12']
2079,September,27,"['27/09/2079', '27-09-2079', '09/27/2079', '27th September, 2079', '2079-09-27', '27 Sep 2079']"
1998,June,29,"['29 Jun 1998', '1998/06/29', '29th June, 1998', '29-06-1998', 'June 29th, 1998', '1998-06-29', '29/06/1998', '06/29/1998']"
1979,March,4,"['04-03-1979', '03/04/1979', '1979/03/04', '04 Mar 1979', '1979-03-04', 'March 4th, 1979']"
2054,April,20,"['2054/04/20', '04/20/2054', '20-04-2054', 'April 20th, 2054', '2054-04-20', '20th April, 2054']"
2075,February,18,"['2075/02/18', '18 Feb 2075', '18-02-2075', '02/18/2075', '18th February, 2075', 'February 18th, 2075', '2075-02-18', '18/02/2075']"
2004,February,13,"['13/02/2004', '2004-02-13', '13-02-2004', '13th February, 2004']"
1982,August,10,"['10 Aug 1982', '08/10/1982', '1982-08-10', '1982/08/10', '10-08-1982']"
2047,November,29,"['11/29/2047', '29 Nov 2047', '2047-11-29', '29/11/2047', '2047/11/29', 'November 29th, 2047', '29-11-2047', '29th November, 2047']"
1921,August,25,"['25/08/1921', '1921-08-25', '25th August, 1921', '25-08-1921', 'August 25th, 1921', '1921/08/25', '25 Aug 1921']"
1977,September,7,"['07/09/1977', '7th September, 1977', '07-09-1977', '1977/09/07', '09/07/1977', '07 Sep 1977']"
2084,December,16,['12/16/2084']
1999,July,1,"['1st July, 1999', 'July 1st, 1999', '01/07/1999', '1999/07/01', '07/01/1999', '01 Jul 1999']"
2071,April,2,"['2nd April, 2071', '02/04/2071', '2071/04/02', '2071-04-02', '02-04-2071', '02 Apr 2071', '04/02/2071']"
1964,October,25,['25/10/1964']
2047,August,14,"['2047-08-14', '14-08-2047', '2047/08/14', 'August 14th, 2047', '14 Aug 2047', '14th August, 2047', '08/14/2047', '14/08/2047']"
2055,June,30,"['June 30th, 2055', '30th June, 2055', '30 Jun 2055', '30-06-2055', '30/06/2055', '06/30/2055', '2055-06-30']"
2076,July,25,"['July 25th, 2076', '07/25/2076', '25th July, 2076', '25-07-2076', '25/07/2076']"
2055,April,13,"['13/04/2055', '2055/04/13', '13-04-2055', '2055-04-13', '13th April, 2055', '04/13/2055', 'April 13th, 2055']"
2013,July,3,"['2013/07/03', '07/03/2013', '03/07/2013', '03-07-2013', 'July 3rd, 2013']"
1998,November,17,"['17th November, 1998', '17/11/1998', 'November 17th, 1998']"
1989,November,1,"['1989/11/01', '11/01/1989', '01/11/1989', '1989-11-01']"
2090,April,13,"['April 13th, 2090', '2090/04/13']"
1997,March,24,['24/03/1997']
2004,July,7,"['07 Jul 2004', '2004-07-07', '07-07-2004', '7th July, 2004', 'July 7th, 2004', '2004/07/07', '07/07/2004', '07/07/2004']"
2020,June,13,"['06/13/2020', '2020/06/13', '13/06/2020', '13 Jun 2020']"
2080,September,11,"['2080-09-11', '11th September, 2080', '11 Sep 2080']"
1994,May,8,"['8th May, 1994', 'May 8th, 1994', '08/05/1994', '05/08/1994', '08-05-1994', '1994/05/08', '1994-05-08']"
1941,June,6,['06/06/1941']
1912,December,5,"['05-12-1912', '12/05/1912', '5th December, 1912', '1912-12-05', '1912/12/05', 'December 5th, 1912']"
2015,April,13,"['2015/04/13', 'April 13th, 2015', '13 Apr 2015', '2015-04-13', '04/13/2015']"
2093,July,4,"['2093-07-04', '04/07/2093', '04 Jul 2093', '04-07-2093', '2093/07/04', '4th July, 2093', '07/04/2093', 'July 4th, 2093']"
2060,May,27,"['27-05-2060', '27th May, 2060', 'May 27th, 2060']"
2030,September,26,"['2030/09/26', '26-09-2030', 'September 26th, 2030', '26 Sep 2030']"
1949,April,4,"['1949/04/04', '04-04-1949']"
1955,November,19,"['19/11/1955', 'November 19th, 1955', '19th November, 1955', '1955/11/19', '1955-11-19', '19 Nov 1955', '19-11-1955']"
2056,December,11,"['11 Dec 2056', '2056/12/11', '12/11/2056', '11th December, 2056', '11-12-2056', '11/12/2056', '2056-12-11', 'December 11th, 2056']"
2038,February,1,"['1st February, 2038', 'February 1st, 2038']"
2029,September,8,"['2029/09/08', '08-09-2029', 'September 8th, 2029', '8th September, 2029', '08/09/2029', '2029-09-08', '09/08/2029']"
1901,August,28,"['28 Aug 1901', '28th August, 1901', '28/08/1901', '1901/08/28', 'August 28th, 1901', '1901-08-28', '08/28/1901']"
2053,September,26,"['26/09/2053', '2053-09-26', '26-09-2053', 'September 26th, 2053', '2053/09/26']"
2016,June,6,"['06-06-2016', '2016/06/06', 'June 6th, 2016', '2016-06-06', '6th June, 2016', '06/06/2016']"
2016,June,19,"['19-06-2016', '19 Jun 2016', '19/06/2016', '2016/06/19', '06/19/2016', '19th June, 2016', 'June 19th, 2016', '2016-06-19']"
2049,December,19,"['2049-12-19', '2049/12/19', '19-12-2049', '19 Dec 2049', '19th December, 2049']"
2020,May,9,"['09-05-2020', 'May 9th, 2020', '2020-05-09', '09/05/2020', '9th May, 2020', '09 May 2020', '05/09/2020']"
1926,April,5,"['5th April, 1926', '04/05/1926', '1926-04-05']"
1927,October,19,"['19/10/1927', '1927-10-19', '1927/10/19', '19th October, 1927', '19 Oct 1927', '19-10-1927', '10/19/1927', 'October 19th, 1927']"
1955,May,19,"['05/19/1955', '19/05/1955', '19 May 1955', '19th May, 1955', 'May 19th, 1955', '1955/05/19']"
2071,January,27,"['2071/01/27', '27 Jan 2071', 'January 27th, 2071', '27th January, 2071', '27-01-2071', '2071-01-27']"
2016,February,19,"['2016-02-19', '19 Feb 2016']"
1928,March,24,"['1928-03-24', '24 Mar 1928']"
2008,March,10,"['10th March, 2008']"
1972,September,20,"['20th September, 1972', '1972/09/20', '20-09-1972']"
2093,March,3,"['2093/03/03', 'March 3rd, 2093', '03 Mar 2093', '03/03/2093', '3rd March, 2093', '2093-03-03', '03/03/2093']"
2015,January,30,"['01/30/2015', '2015-01-30']"
1973,April,7,"['April 7th, 1973']"
2095,March,31,"['March 31st, 2095', '31st March, 2095', '2095-03-31', '31 Mar 2095', '2095/03/31', '31/03/2095']"
1951,September,13,"['13 Sep 1951', '13-09-1951', '13th September, 1951', 'September 13th, 1951', '1951-09-13']"
2082,April,25,"['April 25th, 2082', '25-04-2082', '25/04/2082', '2082/04/25']"
2003,November,25,"['25/11/2003', '25-11-2003', '2003-11-25', '25 Nov 2003']"
2052,October,26,"['26/10/2052', '2052/10/26', '10/26/2052']"
1908,December,20,"['1908/12/20', '12/20/1908', '20th December, 1908', '20-12-1908', '1908-12-20', '20/12/1908']"
2017,October,19,"['19-10-2017', '10/19/2017', '19/10/2017', '19 Oct 2017', 'October 19th, 2017', '19th October, 2017', '2017/10/19']"
2081,August,2,"['August 2nd, 2081', '08/02/2081', '02 Aug 2081', '02/08/2081']"
1931,March,30,"['03/30/1931', '30/03/1931', '1931/03/30']"
2035,November,21,"['November 21st, 2035', '2035/11/21', '21/11/2035', '21st November, 2035']"
2095,October,7,"['10/07/2095', '7th October, 2095', '07/10/2095', 'October 7th, 2095', '2095/10/07', '07-10-2095']"
2003,June,26,['26 Jun 2003']
2049,January,24,"['24 Jan 2049', '24th January, 2049', '2049/01/24', 'January 24th, 2049', '24/01/2049', '24-01-2049', '01/24/2049', '2049-01-24']"
1934,September,23,"['23 Sep 1934', '23rd September, 1934']"
1935,April,19,"['19/04/1935', '04/19/1935', '19th April, 1935', '1935-04-19', '19 Apr 1935', 'April 19th, 1935']"
2031,September,18,"['18-09-2031', '2031/09/18', '18th September, 2031', '18 Sep 2031', '18/09/2031', '09/18/2031', '2031-09-18']"
2073,January,9,"['9th January, 2073', '01/09/2073', '2073-01-09']"
2066,August,17,"['2066/08/17', '17-08-2066', '08/17/2066', '17th August, 2066']"
1997,March,30,"['1997-03-30', '30th March, 1997']"
1977,April,25,"['25th April, 1977']"
1961,June,21,"['1961-06-21', '21/06/1961', 'June 21st, 1961', '21 Jun 1961', '21st June, 1961', '06/21/1961']"
2011,April,27,"['April 27th, 2011', '27 Apr 2011', '2011/04/27', '2011-04-27']"
1927,November,29,"['1927/11/29', '29 Nov 1927']"
2053,October,9,"['2053-10-09', '09/10/2053', '09-10-2053']"
1979,October,20,"['October 20th, 1979', '20 Oct 1979', '20-10-1979', '20/10/1979', '1979-10-20']"
1950,June,22,"['1950/06/22', '22/06/1950', '22 Jun 1950', 'June 22nd, 1950', '06/22/1950']"
1902,March,1,"['01-03-1902', '1902-03-01', 'March 1st, 1902', '1st March, 1902']"
2050,August,11,"['11/08/2050', '2050/08/11', '11-08-2050']"
1957,June,9,"['09 Jun 1957', 'June 9th, 1957', '1957-06-09', '09/06/1957', '06/09/1957', '09-06-1957']"
2004,January,29,['29/01/2004']
1941,September,8,"['09/08/1941', '1941-09-08', '08 Sep 1941', '8th September, 1941', '08/09/1941', 'September 8th, 1941', '1941/09/08']"
1961,September,24,"['24-09-1961', 'September 24th, 1961', '1961/09/24', '24/09/1961', '1961-09-24']"
1980,March,8,"['March 8th, 1980', '08-03-1980', '03/08/1980']"
1944,December,16,"['16 Dec 1944', '16th December, 1944', '12/16/1944', '16/12/1944', '16-12-1944', '1944-12-16', '1944/12/16', 'December 16th, 1944']"
2022,February,17,"['17th February, 2022', '17-02-2022', '02/17/2022', '17/02/2022', '17 Feb 2022']"
1998,November,21,"['21 Nov 1998', '21/11/1998', 'November 21st, 1998', '1998/11/21', '21-11-1998', '21st November, 1998', '11/21/1998', '1998-11-21']"
2012,September,21,"['21/09/2012', '21st September, 2012', '2012-09-21']"
2047,May,8,"['05/08/2047', '08/05/2047', '2047-05-08', '08 May 2047', '2047/05/08', 'May 8th, 2047', '8th May, 2047']"
1960,September,25,"['25-09-1960', '25/09/1960', '25th September, 1960', 'September 25th, 1960', '25 Sep 1960']"
1931,May,14,"['14 May 1931', '05/14/1931', '14th May, 1931', '14-05-1931', '1931/05/14', '1931-05-14', 'May 14th, 1931']"
1974,September,11,"['1974-09-11', '11 Sep 1974']"
2038,January,31,"['31st January, 2038']"
1982,September,14,"['1982-09-14', '1982/09/14']"
2071,July,15,"['15th July, 2071', '07/15/2071']"
2093,October,15,"['15 Oct 2093', '2093-10-15', '2093/10/15', '15/10/2093']"
2096,July,22,"['22-07-2096', '2096-07-22', '22 Jul 2096', '22/07/2096', 'July 22nd, 2096', '22nd July, 2096', '2096/07/22']"
1900,August,13,"['1900-08-13', '08/13/1900', '1900/08/13', '13 Aug 1900', '13/08/1900', 'August 13th, 1900']"
1968,August,29,"['29/08/1968', '29-08-1968', '29th August, 1968', '29 Aug 1968', 'August 29th, 1968', '1968/08/29', '08/29/1968', '1968-08-29']"
2065,April,11,"['04/11/2065', '11/04/2065', '2065/04/11', 'April 11th, 2065', '11th April, 2065', '2065-04-11']"
1938,October,6,"['6th October, 1938', '10/06/1938', '06/10/1938', 'October 6th, 1938']"
2062,September,26,"['26 Sep 2062', '26-09-2062', '26/09/2062', '2062-09-26', '09/26/2062', '2062/09/26', 'September 26th, 2062']"
2033,March,29,"['2033/03/29', '29 Mar 2033']"
2057,April,25,"['25th April, 2057', '25 Apr 2057', 'April 25th, 2057', '04/25/2057', '25-04-2057', '25/04/2057', '2057-04-25']"
1991,December,29,"['December 29th, 1991', '29 Dec 1991', '1991-12-29']"
1984,June,30,"['1984-06-30', '30th June, 1984', '30 Jun 1984', '06/30/1984', '30/06/1984', '30-06-1984', '1984/06/30', 'June 30th, 1984']"
2053,April,28,"['April 28th, 2053', '28/04/2053']"
1923,June,16,"['16 Jun 1923', '16-06-1923']"
2002,July,27,"['July 27th, 2002', '2002-07-27', '27 Jul 2002']"
1952,September,8,"['08/09/1952', '1952/09/08', '08 Sep 1952', 'September 8th, 1952', '1952-09-08', '8th September, 1952']"
1987,October,18,"['1987-10-18', '18-10-1987', '18/10/1987', '18th October, 1987', '10/18/1987', '18 Oct 1987', '1987/10/18']"
1937,July,18,"['1937/07/18', '18-07-1937', '18 Jul 1937', '18th July, 1937', '18/07/1937', 'July 18th, 1937']"
2078,April,18,"['2078-04-18', '18 Apr 2078', '18/04/2078', '18th April, 2078', '04/18/2078', '2078/04/18']"
1985,November,27,"['1985/11/27', '27/11/1985', '27th November, 1985', '11/27/1985', '1985-11-27', '27 Nov 1985', '27-11-1985']"
2017,April,28,"['28 Apr 2017', '2017-04-28', '28-04-2017', '28/04/2017', '28th April, 2017', 'April 28th, 2017', '2017/04/28']"
2034,October,23,"['23 Oct 2034', 'October 23rd, 2034', '10/23/2034']"
1966,January,23,"['23rd January, 1966', '01/23/1966', 'January 23rd, 1966', '1966-01-23', '23/01/1966', '23-01-1966', '1966/01/23']"
2081,April,11,"['11-04-2081', '11/04/2081', '11 Apr 2081']"
2016,February,10,['2016/02/10']
2024,October,21,"['21 Oct 2024', '21/10/2024', '2024/10/21', 'October 21st, 2024', '10/21/2024']"
2098,March,29,"['03/29/2098', '29-03-2098', 'March 29th, 2098', '29 Mar 2098', '2098-03-29', '29th March, 2098']"
2045,August,28,"['August 28th, 2045']"
1929,January,21,"['21/01/1929', '21 Jan 1929', 'January 21st, 1929', '1929/01/21', '21st January, 1929', '21-01-1929', '01/21/1929', '1929-01-21']"
2002,November,12,['11/12/2002']
2067,June,23,"['23 Jun 2067', 'June 23rd, 2067', '06/23/2067']"
2073,January,17,"['01/17/2073', '17 Jan 2073', '17/01/2073', '2073/01/17', '17-01-2073', '2073-01-17', '17th January, 2073', 'January 17th, 2073']"
1998,October,8,"['8th October, 1998', '1998/10/08', '08 Oct 1998', '08-10-1998', '1998-10-08', '08/10/1998', 'October 8th, 1998']"
2026,June,3,"['2026/06/03', '03-06-2026', 'June 3rd, 2026', '03 Jun 2026']"
2022,December,19,"['19/12/2022', '2022/12/19', '2022-12-19', '19th December, 2022', '19 Dec 2022', 'December 19th, 2022', '19-12-2022']"
2060,December,29,"['12/29/2060', '29/12/2060', '29th December, 2060', '29 Dec 2060']"
2083,September,8,"['09/08/2083', '2083-09-08', '08/09/2083', '2083/09/08', '8th September, 2083', '08-09-2083', '08 Sep 2083']"
1991,September,3,"['03-09-1991', '1991-09-03', '03/09/1991']"
1914,April,4,"['04/04/1914', '1914-04-04', '04 Apr 1914', '1914/04/04', '04/04/1914', 'April 4th, 1914', '4th April, 1914', '04-04-1914']"
2017,June,4,"['2017/06/04', '04-06-2017', '4th June, 2017', '04/06/2017']"
2006,August,30,"['2006/08/30', 'August 30th, 2006', '30 Aug 2006']"
2002,January,26,"['26 Jan 2002', '26th January, 2002', '26-01-2002', '2002/01/26', 'January 26th, 2002', '01/26/2002', '2002-01-26']"
1910,July,9,"['1910/07/09', '09/07/1910', 'July 9th, 1910', '09 Jul 1910', '09-07-1910', '1910-07-09', '07/09/1910', '9th July, 1910']"
1936,April,10,"['10/04/1936', '1936/04/10', '10-04-1936', '10th April, 1936', '10 Apr 1936', '04/10/1936', 'April 10th, 1936']"
1970,January,19,"['1970/01/19', '19 Jan 1970']"
2063,March,1,"['01/03/2063', '1st March, 2063', 'March 1st, 2063', '01-03-2063']"
1940,December,14,"['14/12/1940', '14 Dec 1940', '1940/12/14', '14th December, 1940', '14-12-1940', '1940-12-14']"
2041,May,10,"['2041/05/10', '10/05/2041', '10th May, 2041', '05/10/2041', '2041-05-10', 'May 10th, 2041', '10 May 2041', '10-05-2041']"
2025,January,27,"['01/27/2025', '27 Jan 2025', '27/01/2025', '2025-01-27', '27-01-2025', '2025/01/27']"
2032,January,23,"['2032-01-23', '23rd January, 2032', '2032/01/23', '23 Jan 2032', '01/23/2032']"
2097,February,23,"['02/23/2097', '23rd February, 2097', '2097-02-23']"
1991,February,16,"['16th February, 1991', '16-02-1991']"
2063,June,23,"['06/23/2063', '23-06-2063']"
2037,August,29,"['August 29th, 2037', '29th August, 2037', '29/08/2037', '2037/08/29', '29 Aug 2037', '08/29/2037']"
2056,March,5,"['05-03-2056', '2056/03/05', '2056-03-05', 'March 5th, 2056', '05 Mar 2056', '03/05/2056']"
1998,January,30,"['30th January, 1998', '30 Jan 1998']"
1925,June,7,"['07/06/1925', 'June 7th, 1925', '1925-06-07', '06/07/1925']"
1971,October,30,"['1971-10-30', '30-10-1971']"
2028,May,10,"['05/10/2028', '10th May, 2028', '10 May 2028', '10-05-2028', '2028/05/10', '10/05/2028']"
1993,May,28,"['1993-05-28', '05/28/1993', '1993/05/28', '28 May 1993', '28/05/1993']"
2051,January,8,"['January 8th, 2051', '2051-01-08', '01/08/2051', '08 Jan 2051', '8th January, 2051']"
2049,December,4,"['2049-12-04', '2049/12/04']"
1927,January,27,"['January 27th, 1927', '1927-01-27', '27 Jan 1927']"
1973,April,26,"['April 26th, 1973']"
2078,December,20,"['20-12-2078', '20/12/2078']"
2016,July,31,['2016-07-31']
1997,June,12,"['June 12th, 1997']"
1935,August,27,"['27-08-1935', '08/27/1935']"
2029,September,3,"['3rd September, 2029', 'September 3rd, 2029', '03 Sep 2029', '2029-09-03', '03-09-2029', '2029/09/03', '03/09/2029', '09/03/2029']"
1939,October,4,"['4th October, 1939', '10/04/1939', 'October 4th, 1939', '1939-10-04', '04-10-1939']"
2050,November,12,"['2050-11-12', '12th November, 2050', '11/12/2050', '12/11/2050', '2050/11/12', '12 Nov 2050', '12-11-2050']"
2083,January,31,"['2083-01-31', '2083/01/31', '31/01/2083', '31-01-2083', '01/31/2083', 'January 31st, 2083']"
2094,July,9,"['09/07/2094', '2094-07-09']"
2073,April,10,['10/04/2073']
2055,July,10,"['10-07-2055', '2055-07-10', '10/07/2055', '10th July, 2055', '07/10/2055']"
1954,November,30,"['11/30/1954', '30-11-1954', '30/11/1954', 'November 30th, 1954', '30 Nov 1954', '30th November, 1954', '1954/11/30']"
2030,March,20,"['03/20/2030', '20th March, 2030', '20-03-2030', '2030/03/20']"
2001,December,13,"['12/13/2001', '13th December, 2001']"
1919,September,6,"['06 Sep 1919', '1919/09/06', 'September 6th, 1919']"
1946,July,23,"['23/07/1946', '1946/07/23', '23-07-1946']"
1947,July,28,['28-07-1947']
1928,July,26,"['26 Jul 1928', '26-07-1928']"
2086,July,5,"['05/07/2086', '2086-07-05', '05 Jul 2086', '07/05/2086', 'July 5th, 2086', '05-07-2086']"
2030,October,19,"['19th October, 2030', '2030/10/19', '19 Oct 2030', 'October 19th, 2030', '2030-10-19', '10/19/2030', '19/10/2030']"
2069,November,22,"['22-11-2069', '22 Nov 2069', '22nd November, 2069', 'November 22nd, 2069', '2069/11/22', '2069-11-22']"
2050,October,21,"['21st October, 2050', '21 Oct 2050', '21/10/2050', '2050-10-21']"
2061,July,22,"['22nd July, 2061', '2061/07/22', '07/22/2061', '22 Jul 2061', '22/07/2061', '22-07-2061', 'July 22nd, 2061']"
2093,October,28,"['28 Oct 2093', 'October 28th, 2093']"
1935,October,25,"['10/25/1935', '25-10-1935', '1935-10-25', '25 Oct 1935']"
1910,December,14,"['14th December, 1910', '1910-12-14', '14-12-1910']"
2077,December,7,"['7th December, 2077', 'December 7th, 2077', '2077-12-07', '07/12/2077', '07-12-2077']"
2071,June,24,"['2071-06-24', '24th June, 2071']"
2088,November,7,"['11/07/2088', '2088-11-07']"
1920,February,1,"['1920-02-01', '01/02/1920', '01 Feb 1920', '02/01/1920', '1920/02/01']"
1974,May,12,"['May 12th, 1974', '12 May 1974']"
1960,February,27,"['27-02-1960', '1960-02-27', '27th February, 1960', '02/27/1960']"
1904,April,14,"['14 Apr 1904', '04/14/1904', '14-04-1904', '1904/04/14', '1904-04-14']"
1963,December,10,"['1963/12/10', '1963-12-10']"
1923,April,21,"['21st April, 1923', 'April 21st, 1923', '21/04/1923', '21 Apr 1923', '04/21/1923', '21-04-1923']"
2071,September,1,"['09/01/2071', 'September 1st, 2071', '2071-09-01', '01/09/2071']"
1910,May,11,"['11/05/1910', '11 May 1910', '1910-05-11', '11th May, 1910', '05/11/1910', '11-05-1910', '1910/05/11', 'May 11th, 1910']"
2059,April,9,"['9th April, 2059']"
1956,April,13,"['04/13/1956', '13-04-1956', '13/04/1956', 'April 13th, 1956', '1956/04/13', '13th April, 1956', '13 Apr 1956', '1956-04-13']"
1961,November,3,"['1961/11/03', '11/03/1961', '1961-11-03', '03 Nov 1961', '03/11/1961', '03-11-1961']"
2059,May,21,"['2059/05/21', '21/05/2059', '2059-05-21']"
2041,January,20,"['01/20/2041', '20 Jan 2041', 'January 20th, 2041', '2041/01/20', '20th January, 2041', '2041-01-20', '20-01-2041', '20/01/2041']"
2039,January,14,"['14 Jan 2039', '14th January, 2039', '2039/01/14', '01/14/2039', '14/01/2039']"
1964,November,7,"['07 Nov 1964', '07/11/1964', '7th November, 1964']"
2041,January,29,"['29/01/2041', '29 Jan 2041', '2041-01-29']"
1916,February,24,"['24 Feb 1916', '24th February, 1916', '24/02/1916', '24-02-1916', 'February 24th, 1916', '1916/02/24', '02/24/1916', '1916-02-24']"
2074,February,2,"['2074/02/02', '02/02/2074', 'February 2nd, 2074', '02/02/2074', '02 Feb 2074', '2nd February, 2074', '2074-02-02']"
1934,July,4,"['07/04/1934', 'July 4th, 1934', '1934-07-04', '04 Jul 1934', '04-07-1934', '4th July, 1934']"
2023,December,15,"['12/15/2023', '2023/12/15', '15-12-2023']"
2029,March,3,['03/03/2029']
2011,January,20,"['January 20th, 2011', '2011/01/20', '20-01-2011', '20 Jan 2011']"
2085,February,23,"['23-02-2085', '23rd February, 2085', 'February 23rd, 2085', '2085-02-23']"
1953,February,15,"['15-02-1953', '15th February, 1953']"
1928,December,25,"['December 25th, 1928', '25 Dec 1928', '25th December, 1928', '25/12/1928']"
2039,August,19,"['19-08-2039', '08/19/2039', '2039-08-19', '19th August, 2039', '2039/08/19', '19/08/2039', '19 Aug 2039']"
2009,February,20,"['20-02-2009', '20/02/2009', 'February 20th, 2009', '2009-02-20', '2009/02/20']"
1972,June,18,['06/18/1972']
1944,December,2,"['1944/12/02', '12/02/1944', '02 Dec 1944', '2nd December, 1944', '02-12-1944', 'December 2nd, 1944', '1944-12-02']"
1949,November,5,"['November 5th, 1949', '5th November, 1949', '05-11-1949', '1949-11-05', '1949/11/05']"
2082,July,11,"['2082-07-11', '2082/07/11', '11/07/2082', '11th July, 2082', 'July 11th, 2082']"
1957,July,26,"['26th July, 1957', 'July 26th, 1957', '1957/07/26', '26/07/1957', '1957-07-26', '26-07-1957', '26 Jul 1957', '07/26/1957']"
2045,August,11,['11/08/2045']
1934,April,28,"['1934/04/28', '28-04-1934', '1934-04-28', 'April 28th, 1934', '28th April, 1934', '04/28/1934', '28 Apr 1934', '28/04/1934']"
1915,January,11,"['11-01-1915', '1915-01-11', 'January 11th, 1915', '11 Jan 1915', '11th January, 1915', '11/01/1915', '01/11/1915']"
1984,May,9,"['09-05-1984', '09/05/1984', '9th May, 1984']"
2048,May,6,"['2048/05/06', '6th May, 2048', '06-05-2048', 'May 6th, 2048', '05/06/2048', '06/05/2048']"
1947,May,23,"['1947/05/23', '1947-05-23', '23-05-1947', '23 May 1947', 'May 23rd, 1947', '23/05/1947', '23rd May, 1947']"
1949,May,20,['1949-05-20']
2063,August,23,['08/23/2063']
2010,May,23,"['23rd May, 2010', '23-05-2010', '23/05/2010']"
1976,September,25,"['25th September, 1976', '25 Sep 1976', '25-09-1976', '25/09/1976', '09/25/1976', '1976-09-25', '1976/09/25']"
2019,February,15,"['2019/02/15', '02/15/2019', 'February 15th, 2019', '15 Feb 2019']"
1909,October,30,"['30th October, 1909', 'October 30th, 1909', '30 Oct 1909', '30/10/1909']"
1958,December,9,"['09/12/1958', '09-12-1958', 'December 9th, 1958', '1958-12-09', '09 Dec 1958', '9th December, 1958', '12/09/1958']"
2016,June,27,"['27-06-2016', '2016-06-27', '06/27/2016', '27/06/2016', '2016/06/27']"
2004,May,26,"['2004/05/26', 'May 26th, 2004', '2004-05-26', '26-05-2004']"
1979,April,6,"['April 6th, 1979', '06 Apr 1979', '1979-04-06', '6th April, 1979', '06/04/1979', '1979/04/06', '06-04-1979']"
1903,May,21,"['21st May, 1903', '21 May 1903', '21/05/1903', '05/21/1903', 'May 21st, 1903', '21-05-1903', '1903/05/21', '1903-05-21']"
1942,December,12,['1942-12-12']
1910,February,26,"['02/26/1910', 'February 26th, 1910']"
1962,December,26,"['26/12/1962', '26th December, 1962', '26-12-1962', '1962/12/26', '1962-12-26', 'December 26th, 1962', '26 Dec 1962']"
2014,August,24,"['24-08-2014', '24/08/2014', '24 Aug 2014', '24th August, 2014', '08/24/2014', 'August 24th, 2014', '2014/08/24', '2014-08-24']"
1945,May,14,"['14-05-1945', '14th May, 1945', '1945/05/14', '05/14/1945', '14/05/1945', '1945-05-14', '14 May 1945']"
2042,July,24,"['07/24/2042', '24-07-2042', 'July 24th, 2042', '2042/07/24', '24/07/2042', '2042-07-24', '24th July, 2042']"
2038,August,11,"['11th August, 2038', '08/11/2038', '2038-08-11', '11 Aug 2038', '11/08/2038']"
2000,August,12,"['12/08/2000', 'August 12th, 2000', '2000/08/12', '12-08-2000', '2000-08-12']"
1942,June,12,"['06/12/1942', '12/06/1942', 'June 12th, 1942', '1942/06/12', '1942-06-12', '12 Jun 1942']"
2040,May,3,"['03/05/2040', '3rd May, 2040', '03 May 2040', '05/03/2040', '2040-05-03', 'May 3rd, 2040', '03-05-2040', '2040/05/03']"
1934,November,17,"['1934/11/17', '17th November, 1934', '17/11/1934', 'November 17th, 1934', '11/17/1934', '17-11-1934']"
2037,April,18,"['18/04/2037', '2037-04-18', '18th April, 2037', '18-04-2037', '2037/04/18', '04/18/2037', '18 Apr 2037']"
2045,May,23,"['23/05/2045', 'May 23rd, 2045', '23rd May, 2045', '23-05-2045', '23 May 2045', '2045-05-23']"
1911,June,13,"['06/13/1911', '13 Jun 1911', 'June 13th, 1911', '13th June, 1911']"
2017,July,10,"['10/07/2017', '10-07-2017', '07/10/2017', 'July 10th, 2017', '2017/07/10', '2017-07-10', '10th July, 2017', '10 Jul 2017']"
2056,May,5,"['05/05/2056', '05-05-2056', '05/05/2056', '5th May, 2056']"
1956,November,6,"['November 6th, 1956', '06-11-1956']"
2089,April,6,"['06-04-2089', '6th April, 2089', '2089/04/06', 'April 6th, 2089']"
2013,May,30,['05/30/2013']
2022,October,15,['15 Oct 2022']
1991,March,17,['17 Mar 1991']
2062,April,18,"['April 18th, 2062', '18 Apr 2062', '18/04/2062']"
1916,August,11,"['August 11th, 1916', '08/11/1916']"
1957,January,23,"['23rd January, 1957', '01/23/1957', '23/01/1957', '1957/01/23', '23 Jan 1957', '1957-01-23', '23-01-1957']"
2059,December,6,"['06 Dec 2059', 'December 6th, 2059', '06/12/2059', '2059-12-06', '6th December, 2059', '2059/12/06']"
2036,June,18,"['18/06/2036', '2036-06-18', '18th June, 2036', 'June 18th, 2036', '06/18/2036', '18 Jun 2036', '2036/06/18', '18-06-2036']"
2018,April,4,"['04/04/2018', '04 Apr 2018', 'April 4th, 2018', '04-04-2018', '4th April, 2018']"
2065,November,15,['11/15/2065']
1994,August,7,"['07 Aug 1994', 'August 7th, 1994', '08/07/1994', '1994-08-07', '1994/08/07', '07/08/1994', '7th August, 1994', '07-08-1994']"
2061,January,4,"['January 4th, 2061', '04-01-2061', '2061/01/04', '4th January, 2061', '2061-01-04', '01/04/2061', '04 Jan 2061', '04/01/2061']"
2097,April,25,"['2097-04-25', '25/04/2097']"
1944,November,25,"['1944/11/25', 'November 25th, 1944', '25-11-1944', '25 Nov 1944', '25th November, 1944', '25/11/1944', '11/25/1944']"
2067,January,20,"['20 Jan 2067', '20th January, 2067', '20-01-2067', '2067-01-20', 'January 20th, 2067', '2067/01/20', '20/01/2067']"
2002,October,25,"['25-10-2002', '10/25/2002']"
2012,August,2,"['2012-08-02', '02/08/2012', '08/02/2012', '2012/08/02', 'August 2nd, 2012', '02 Aug 2012', '02-08-2012', '2nd August, 2012']"
1953,December,29,"['December 29th, 1953', '29th December, 1953', '29-12-1953']"
1993,October,17,"['17/10/1993', '1993/10/17', '17-10-1993', 'October 17th, 1993', '10/17/1993', '1993-10-17', '17th October, 1993']"
1974,May,29,"['1974/05/29', '29-05-1974', '29/05/1974', '1974-05-29']"
2091,April,23,['04/23/2091']
2089,November,10,"['11/10/2089', '10-11-2089', '10/11/2089', '2089-11-10', '10 Nov 2089', 'November 10th, 2089']"
2021,March,12,"['12-03-2021', '12 Mar 2021', '2021/03/12', '12/03/2021', '2021-03-12', '12th March, 2021']"
2063,October,12,['12-10-2063']
2049,January,4,"['2049-01-04', 'January 4th, 2049', '04/01/2049', '01/04/2049', '2049/01/04', '4th January, 2049']"
1918,December,2,"['1918-12-02', 'December 2nd, 1918', '02/12/1918', '2nd December, 1918']"
1918,August,2,"['08/02/1918', '2nd August, 1918', '1918/08/02']"
1938,September,11,"['1938/09/11', '1938-09-11', '09/11/1938', '11 Sep 1938']"
2057,November,19,"['19th November, 2057', '2057/11/19', 'November 19th, 2057', '11/19/2057', '19/11/2057', '19-11-2057']"
1974,May,20,"['1974/05/20', '20/05/1974', '05/20/1974', 'May 20th, 1974', '1974-05-20', '20th May, 1974', '20-05-1974']"
1964,April,25,"['1964/04/25', 'April 25th, 1964', '25/04/1964', '25-04-1964']"
2020,September,12,"['September 12th, 2020', '09/12/2020', '12/09/2020', '12-09-2020', '2020-09-12']"
2036,February,14,"['14/02/2036', '2036/02/14', '2036-02-14', '02/14/2036', '14 Feb 2036', 'February 14th, 2036', '14-02-2036', '14th February, 2036']"
1916,July,11,"['1916-07-11', '11-07-1916', 'July 11th, 1916', '11th July, 1916', '11/07/1916', '1916/07/11', '11 Jul 1916']"
2071,August,7,"['07-08-2071', '7th August, 2071', '2071-08-07', '07 Aug 2071']"
1904,August,19,"['1904/08/19', '1904-08-19', '19 Aug 1904', '19th August, 1904', 'August 19th, 1904']"
1907,August,10,"['10th August, 1907', '1907-08-10', '10/08/1907', '1907/08/10', '10 Aug 1907', 'August 10th, 1907', '10-08-1907']"
2080,January,25,"['January 25th, 2080', '25 Jan 2080', '2080/01/25', '25th January, 2080', '25/01/2080', '25-01-2080']"
1938,March,3,"['03 Mar 1938', '1938-03-03', '3rd March, 1938', '03/03/1938', '03/03/1938', '03-03-1938', '1938/03/03']"
2040,August,27,"['2040-08-27', '08/27/2040']"
2059,October,22,"['22/10/2059', '22 Oct 2059', 'October 22nd, 2059', '2059-10-22']"
2041,May,6,"['6th May, 2041', '06/05/2041', '06-05-2041', '2041/05/06']"
2098,December,23,"['2098/12/23', '2098-12-23', '23 Dec 2098', '23rd December, 2098', '23/12/2098', 'December 23rd, 2098', '12/23/2098', '23-12-2098']"
1902,May,24,"['1902/05/24', '24th May, 1902', '05/24/1902', '1902-05-24', '24-05-1902', 'May 24th, 1902', '24/05/1902']"
1933,October,29,"['10/29/1933', 'October 29th, 1933']"
1942,November,27,['1942/11/27']
2003,August,5,"['05/08/2003', '05-08-2003', '5th August, 2003', 'August 5th, 2003']"
2031,May,11,"['11th May, 2031']"
1941,October,18,"['18/10/1941', 'October 18th, 1941', '1941/10/18', '10/18/1941', '1941-10-18', '18-10-1941', '18 Oct 1941', '18th October, 1941']"
2017,August,10,"['2017-08-10', '10th August, 2017']"
1904,January,21,"['21st January, 1904', '21-01-1904', '21 Jan 1904', '21/01/1904', 'January 21st, 1904', '1904/01/21', '1904-01-21', '01/21/1904']"
2040,July,18,"['July 18th, 2040']"
1994,January,31,"['January 31st, 1994', '31-01-1994']"
1911,May,15,"['05/15/1911', '15th May, 1911', '1911/05/15', '15 May 1911', '1911-05-15', '15/05/1911']"
2078,December,1,"['2078/12/01', '1st December, 2078', '2078-12-01', '01-12-2078', '12/01/2078', 'December 1st, 2078', '01 Dec 2078']"
2061,September,12,"['2061/09/12', '09/12/2061', '12th September, 2061', '12-09-2061', '2061-09-12', '12 Sep 2061', '12/09/2061']"
2056,February,1,"['01 Feb 2056', '02/01/2056', '2056-02-01', '2056/02/01', '01/02/2056', '1st February, 2056', 'February 1st, 2056', '01-02-2056']"
1976,June,15,"['1976/06/15', '15/06/1976', '06/15/1976', '1976-06-15', '15 Jun 1976', '15-06-1976']"
2061,November,7,"['November 7th, 2061', '07 Nov 2061', '2061/11/07', '2061-11-07', '11/07/2061', '07/11/2061', '07-11-2061', '7th November, 2061']"
2049,December,5,"['05 Dec 2049', '5th December, 2049', '2049/12/05', 'December 5th, 2049', '12/05/2049', '05/12/2049', '2049-12-05', '05-12-2049']"
1925,October,25,"['25-10-1925', '1925/10/25', '1925-10-25']"
1902,January,9,"['01/09/1902', '9th January, 1902', '1902-01-09', '09-01-1902']"
1939,March,5,"['05/03/1939', '1939-03-05', 'March 5th, 1939', '05-03-1939', '03/05/1939', '5th March, 1939', '1939/03/05']"
2045,August,22,['22 Aug 2045']
2085,September,25,"['25th September, 2085', '09/25/2085', 'September 25th, 2085', '25/09/2085', '25-09-2085', '25 Sep 2085', '2085/09/25', '2085-09-25']"
1974,July,10,"['10th July, 1974', '1974-07-10', '10 Jul 1974', '1974/07/10', '10/07/1974']"
2087,July,29,"['2087-07-29', 'July 29th, 2087', '29th July, 2087', '29-07-2087', '29/07/2087']"
1961,February,11,"['11/02/1961', '11 Feb 1961', '1961-02-11', '1961/02/11', '11th February, 1961', '02/11/1961']"
2033,February,16,"['16-02-2033', '2033-02-16']"
1921,September,24,"['September 24th, 1921', '1921/09/24', '09/24/1921']"
1903,November,17,"['17 Nov 1903', '1903/11/17']"
1903,November,14,"['1903/11/14', '14-11-1903']"
2066,May,14,"['14 May 2066', 'May 14th, 2066', '14th May, 2066', '05/14/2066', '14/05/2066', '2066/05/14']"
2090,June,19,"['2090/06/19', '19th June, 2090', '19 Jun 2090', '19-06-2090', '06/19/2090', '2090-06-19', '19/06/2090', 'June 19th, 2090']"
2028,October,7,"['07 Oct 2028', '07/10/2028', '2028-10-07', '2028/10/07', '07-10-2028']"
2018,May,1,"['01-05-2018', '1st May, 2018']"
1942,February,18,"['02/18/1942', '18/02/1942', 'February 18th, 1942', '18-02-1942', '18 Feb 1942']"
1987,September,2,"['1987-09-02', '02 Sep 1987', 'September 2nd, 1987', '09/02/1987', '1987/09/02', '02-09-1987']"
2049,June,27,"['27 Jun 2049', '27th June, 2049', '2049-06-27', 'June 27th, 2049', '06/27/2049', '2049/06/27', '27/06/2049']"
2020,June,4,"['04 Jun 2020', '06/04/2020', '4th June, 2020', '2020-06-04']"
1981,April,14,"['14-04-1981', '14/04/1981']"
2044,August,8,"['08-08-2044', '2044-08-08', '08/08/2044', '2044/08/08', 'August 8th, 2044', '8th August, 2044']"
1973,March,3,"['3rd March, 1973', 'March 3rd, 1973', '03 Mar 1973', '03/03/1973', '03/03/1973', '1973/03/03', '03-03-1973']"
1973,December,2,"['2nd December, 1973', '02 Dec 1973', '02-12-1973', '1973-12-02', '02/12/1973']"
1929,January,23,"['1929-01-23', '23/01/1929', 'January 23rd, 1929', '23 Jan 1929', '1929/01/23']"
2034,May,10,"['May 10th, 2034', '2034/05/10']"
1978,March,25,"['25th March, 1978', '03/25/1978', '25 Mar 1978', '1978-03-25', '25-03-1978', 'March 25th, 1978']"
1914,June,29,"['29th June, 1914', '06/29/1914', '1914/06/29', '29-06-1914']"
2088,June,9,['09 Jun 2088']
2041,May,7,"['07/05/2041', '07-05-2041', '05/07/2041', '7th May, 2041', '2041/05/07', '2041-05-07', 'May 7th, 2041', '07 May 2041']"
1968,January,19,"['01/19/1968', '19-01-1968']"
2061,October,30,"['30th October, 2061', '30-10-2061', '2061-10-30', '10/30/2061', 'October 30th, 2061', '30/10/2061', '2061/10/30']"
2093,March,8,['03/08/2093']
2050,February,17,"['2050-02-17', '17 Feb 2050', '17th February, 2050', '2050/02/17', '02/17/2050']"
2061,July,3,"['07/03/2061', '03 Jul 2061']"
1971,May,22,"['1971/05/22', 'May 22nd, 1971', '1971-05-22', '22-05-1971', '22nd May, 1971', '05/22/1971', '22/05/1971', '22 May 1971']"
2022,July,24,"['July 24th, 2022', '07/24/2022', '24 Jul 2022', '2022/07/24', '2022-07-24']"
2051,June,20,['2051/06/20']
2030,February,2,"['02-02-2030', '2030/02/02', '2nd February, 2030', '02/02/2030', '02 Feb 2030', '2030-02-02']"
2072,July,31,['31/07/2072']
1924,September,7,"['7th September, 1924', '1924/09/07', 'September 7th, 1924', '07/09/1924', '07 Sep 1924']"
2088,January,4,"['4th January, 2088']"
1977,October,3,"['1977/10/03', '1977-10-03', '10/03/1977', '03 Oct 1977', '3rd October, 1977', 'October 3rd, 1977']"
2058,January,30,"['30/01/2058', '2058/01/30', '30-01-2058', '30th January, 2058']"
1936,August,29,"['29-08-1936', '1936/08/29', 'August 29th, 1936', '29th August, 1936']"
2004,November,16,"['16/11/2004', 'November 16th, 2004', '2004-11-16', '16th November, 2004', '16 Nov 2004']"
2097,November,1,"['2097-11-01', 'November 1st, 2097']"
1926,February,4,"['1926-02-04', '4th February, 1926', 'February 4th, 1926', '04/02/1926', '04-02-1926', '04 Feb 1926', '1926/02/04', '02/04/1926']"
1900,November,20,"['1900-11-20', '20-11-1900', '11/20/1900', '20 Nov 1900']"
2065,April,27,['2065-04-27']
1988,January,5,"['January 5th, 1988', '1988-01-05', '1988/01/05', '01/05/1988', '05-01-1988', '05/01/1988', '5th January, 1988', '05 Jan 1988']"
1976,March,9,"['03/09/1976', '09/03/1976', '1976-03-09', '09 Mar 1976', '9th March, 1976', '09-03-1976']"
1916,March,10,"['1916/03/10', '10th March, 1916', '03/10/1916']"
2036,August,12,"['12/08/2036', '12 Aug 2036']"
1911,December,15,"['12/15/1911', '1911-12-15', '15th December, 1911']"
2099,July,26,"['July 26th, 2099', '26 Jul 2099']"
2059,September,1,"['01 Sep 2059', '2059/09/01', 'September 1st, 2059', '2059-09-01', '01-09-2059', '09/01/2059']"
1962,December,4,"['04-12-1962', '04/12/1962', '1962/12/04', 'December 4th, 1962']"
2029,August,5,['05/08/2029']
2080,April,7,"['07 Apr 2080', '7th April, 2080', '07-04-2080', '07/04/2080', '04/07/2080', '2080-04-07', 'April 7th, 2080', '2080/04/07']"
2067,February,22,"['22nd February, 2067', '22-02-2067', '02/22/2067']"
1993,February,5,"['05 Feb 1993', '1993/02/05', '05-02-1993', '5th February, 1993', '05/02/1993', '02/05/1993', '1993-02-05']"
1976,August,11,"['11 Aug 1976', '11-08-1976']"
1976,November,19,"['19 Nov 1976', '11/19/1976', 'November 19th, 1976', '19th November, 1976', '1976/11/19', '1976-11-19', '19/11/1976', '19-11-1976']"
1980,January,20,"['20th January, 1980', '01/20/1980', '20/01/1980', '20-01-1980', '1980/01/20', '1980-01-20', 'January 20th, 1980']"
1936,October,12,['1936-10-12']
1966,March,25,"['25/03/1966', '1966/03/25', 'March 25th, 1966', '25-03-1966', '25th March, 1966']"
1917,November,26,"['26/11/1917', '1917-11-26', '26 Nov 1917', '11/26/1917', 'November 26th, 1917', '26-11-1917', '26th November, 1917', '1917/11/26']"
1986,February,15,"['15-02-1986', '15/02/1986', '15th February, 1986', '1986/02/15', '02/15/1986', '1986-02-15', '15 Feb 1986', 'February 15th, 1986']"
1969,September,1,"['September 1st, 1969', '01/09/1969', '01 Sep 1969', '1969/09/01', '1969-09-01']"
2025,April,22,"['22-04-2025', 'April 22nd, 2025', '2025-04-22', '22nd April, 2025', '2025/04/22']"
2095,March,11,"['March 11th, 2095', '11 Mar 2095', '11-03-2095', '2095/03/11', '11th March, 2095']"
1984,January,20,"['20 Jan 1984', '20th January, 1984', '20/01/1984', '20-01-1984', '01/20/1984', '1984/01/20', 'January 20th, 1984', '1984-01-20']"
2013,March,6,"['06/03/2013', '06-03-2013', '2013/03/06', 'March 6th, 2013', '2013-03-06', '03/06/2013', '06 Mar 2013']"
2056,September,17,"['September 17th, 2056', '2056/09/17', '17/09/2056', '17-09-2056', '2056-09-17', '09/17/2056']"
1973,January,5,"['1973-01-05', '05/01/1973', '01/05/1973', 'January 5th, 1973', '1973/01/05', '05-01-1973', '05 Jan 1973']"
2080,August,13,"['13/08/2080', '2080/08/13', '08/13/2080', '13-08-2080', '13th August, 2080', 'August 13th, 2080', '13 Aug 2080', '2080-08-13']"
2042,December,11,"['11th December, 2042']"
1944,July,14,['14/07/1944']
1949,January,9,"['09 Jan 1949', '01/09/1949']"
1955,February,12,"['02/12/1955', '1955-02-12', '12-02-1955']"
1936,July,28,"['07/28/1936', '28-07-1936', 'July 28th, 1936', '28th July, 1936']"
1954,October,10,"['1954-10-10', '10/10/1954']"
2037,September,27,"['27 Sep 2037', '27-09-2037', '2037/09/27', '2037-09-27', '09/27/2037']"
1985,April,20,"['20 Apr 1985', 'April 20th, 1985', '04/20/1985', '1985-04-20', '1985/04/20', '20/04/1985', '20th April, 1985', '20-04-1985']"
2064,January,15,"['15-01-2064', '15 Jan 2064', 'January 15th, 2064', '2064/01/15', '15th January, 2064', '2064-01-15', '01/15/2064']"
1915,October,24,"['24-10-1915', '24 Oct 1915', '1915/10/24']"
2060,May,22,"['05/22/2060', 'May 22nd, 2060', '2060/05/22', '2060-05-22', '22nd May, 2060', '22-05-2060', '22/05/2060', '22 May 2060']"
1965,June,2,"['02 Jun 1965', '1965/06/02', '2nd June, 1965']"
1932,August,8,"['08 Aug 1932', '8th August, 1932', 'August 8th, 1932', '08/08/1932', '08/08/1932', '1932-08-08']"
2087,April,9,"['2087/04/09', '04/09/2087', '09/04/2087', 'April 9th, 2087', '2087-04-09', '09 Apr 2087']"
1923,April,29,"['April 29th, 1923', '29/04/1923', '1923/04/29']"
1975,November,10,"['November 10th, 1975', '10th November, 1975', '1975-11-10', '10/11/1975', '1975/11/10', '10-11-1975', '11/10/1975', '10 Nov 1975']"
2004,January,13,"['2004/01/13', '13/01/2004', '13 Jan 2004', 'January 13th, 2004', '13-01-2004', '2004-01-13', '01/13/2004', '13th January, 2004']"
1946,October,27,"['27th October, 1946', '1946/10/27', 'October 27th, 1946', '10/27/1946', '27-10-1946']"
1945,December,9,"['1945-12-09', '09/12/1945', '09 Dec 1945']"
1922,November,20,"['20 Nov 1922', '1922/11/20', '20/11/1922', '20th November, 1922']"
2007,July,13,"['July 13th, 2007', '13 Jul 2007', '13/07/2007', '07/13/2007']"
2057,June,27,"['2057-06-27', '27-06-2057', '06/27/2057', 'June 27th, 2057', '27th June, 2057', '27 Jun 2057', '2057/06/27']"
2043,January,2,"['02/01/2043', '01/02/2043', 'January 2nd, 2043', '02 Jan 2043', '2nd January, 2043', '2043/01/02', '02-01-2043', '2043-01-02']"
1944,May,30,"['May 30th, 1944', '30-05-1944', '30th May, 1944', '30/05/1944', '1944/05/30']"
1934,November,5,['1934-11-05']
1942,June,14,"['14/06/1942', '14 Jun 1942', '1942/06/14']"
2000,November,21,"['11/21/2000', '21/11/2000', '2000-11-21', '21 Nov 2000', '21-11-2000']"
2018,September,16,"['16 Sep 2018', '16/09/2018', '16-09-2018']"
1972,March,16,"['16 Mar 1972', '16th March, 1972', 'March 16th, 1972', '03/16/1972', '16/03/1972']"
1987,January,24,"['1987-01-24', '24th January, 1987', 'January 24th, 1987', '24 Jan 1987']"
2036,September,20,"['September 20th, 2036', '20 Sep 2036', '09/20/2036']"
1992,November,7,"['November 7th, 1992', '7th November, 1992', '11/07/1992', '1992-11-07', '07/11/1992', '07-11-1992', '1992/11/07']"
1966,April,1,"['01/04/1966', '04/01/1966', '01 Apr 1966', 'April 1st, 1966', '1966/04/01', '1966-04-01']"
2006,July,5,"['5th July, 2006', 'July 5th, 2006', '05/07/2006', '07/05/2006']"
2082,May,17,"['17/05/2082', '17th May, 2082']"
2038,July,22,"['22 Jul 2038', '22-07-2038', 'July 22nd, 2038', '22nd July, 2038', '22/07/2038', '2038-07-22', '2038/07/22']"
2023,October,8,"['October 8th, 2023', '08-10-2023', '08 Oct 2023']"
1967,July,4,"['04-07-1967', '04/07/1967', 'July 4th, 1967', '07/04/1967', '1967-07-04', '04 Jul 1967']"
1963,September,22,"['1963-09-22', '1963/09/22', '22 Sep 1963', '22nd September, 1963']"
2093,August,19,"['19th August, 2093', '08/19/2093']"
1988,May,9,"['09/05/1988', '1988-05-09', '05/09/1988', 'May 9th, 1988', '09-05-1988', '1988/05/09']"
1900,September,24,"['1900-09-24', '24th September, 1900', 'September 24th, 1900', '24 Sep 1900', '24/09/1900', '24-09-1900', '09/24/1900', '1900/09/24']"
1974,May,5,"['05/05/1974', '5th May, 1974', '1974-05-05', 'May 5th, 1974', '1974/05/05', '05-05-1974']"
1954,September,18,"['1954-09-18', '18th September, 1954', '18-09-1954', '1954/09/18', '18/09/1954', 'September 18th, 1954', '09/18/1954']"
1991,November,12,['12-11-1991']
2057,October,1,"['01 Oct 2057', 'October 1st, 2057', '01-10-2057']"
1911,February,13,"['13th February, 1911']"
1918,February,17,"['1918/02/17', '17 Feb 1918', '17/02/1918']"
2014,August,10,"['10/08/2014', '10-08-2014', 'August 10th, 2014', '2014/08/10', '10 Aug 2014', '08/10/2014']"
1942,September,29,"['29 Sep 1942', '29/09/1942', '1942-09-29', '29th September, 1942', '29-09-1942', 'September 29th, 1942', '09/29/1942']"
2080,November,15,"['2080-11-15', '15/11/2080', '15 Nov 2080', '15th November, 2080']"
1967,October,11,"['October 11th, 1967']"
1988,November,29,"['29 Nov 1988', '1988/11/29', '29-11-1988', 'November 29th, 1988', '11/29/1988', '1988-11-29', '29/11/1988']"
1989,May,20,['20/05/1989']
2045,November,28,"['11/28/2045', '28-11-2045']"
1986,January,31,"['1986/01/31', '31st January, 1986', '01/31/1986', '31/01/1986', 'January 31st, 1986', '31 Jan 1986']"
2059,March,31,"['31-03-2059', '2059-03-31', '31st March, 2059', '03/31/2059', '2059/03/31', 'March 31st, 2059', '31/03/2059']"
1939,June,26,['06/26/1939']
1999,March,7,"['07/03/1999', 'March 7th, 1999', '7th March, 1999', '1999-03-07', '1999/03/07', '07-03-1999', '03/07/1999']"
2079,May,5,"['05/05/2079', 'May 5th, 2079', '5th May, 2079']"
2033,October,29,"['29-10-2033', '2033/10/29']"
1944,November,3,"['03-11-1944', '03/11/1944', '1944/11/03', 'November 3rd, 1944', '03 Nov 1944']"
2038,October,5,"['05/10/2038', '2038/10/05']"
1983,December,4,"['04/12/1983', 'December 4th, 1983', '1983/12/04', '4th December, 1983', '1983-12-04', '04-12-1983', '12/04/1983', '04 Dec 1983']"
2078,July,7,"['2078-07-07', '7th July, 2078', '2078/07/07', 'July 7th, 2078', '07/07/2078', '07/07/2078']"
2058,January,2,"['02-01-2058', '02 Jan 2058', '01/02/2058', 'January 2nd, 2058', '02/01/2058', '2058-01-02']"
2087,April,19,"['April 19th, 2087', '19th April, 2087', '2087-04-19', '04/19/2087', '19 Apr 2087', '2087/04/19']"
1904,November,30,"['1904-11-30', '30-11-1904', '30th November, 1904', '11/30/1904', '30/11/1904']"
2015,October,10,['10 Oct 2015']
1937,May,15,"['15-05-1937', '1937/05/15', '15/05/1937']"
1944,August,21,['08/21/1944']
2061,December,31,"['2061/12/31', '2061-12-31', '31-12-2061', '31 Dec 2061', 'December 31st, 2061', '31/12/2061', '31st December, 2061', '12/31/2061']"
1983,September,23,"['23-09-1983', '23 Sep 1983', '1983/09/23', '23rd September, 1983', '1983-09-23', 'September 23rd, 1983', '09/23/1983']"
1925,October,3,['1925-10-03']
2095,November,23,"['November 23rd, 2095']"
1952,January,13,"['January 13th, 1952', '1952/01/13', '01/13/1952', '13-01-1952', '13th January, 1952', '1952-01-13', '13 Jan 1952', '13/01/1952']"
2001,March,16,"['16/03/2001', '16 Mar 2001', '16th March, 2001']"
2007,June,14,"['2007-06-14', '14-06-2007', '06/14/2007', '14th June, 2007', '14/06/2007', '2007/06/14', 'June 14th, 2007']"
1906,February,7,"['07-02-1906', '7th February, 1906', 'February 7th, 1906']"
1991,February,1,"['1st February, 1991', '01/02/1991']"
1919,August,24,"['24 Aug 1919', '24-08-1919']"
2092,March,24,"['24 Mar 2092', 'March 24th, 2092', '24/03/2092', '03/24/2092']"
2053,August,15,"['15-08-2053', '2053-08-15', '2053/08/15']"
2011,September,7,"['2011-09-07', '2011/09/07']"
2005,November,25,"['2005-11-25', 'November 25th, 2005', '11/25/2005', '25-11-2005', '25/11/2005', '2005/11/25', '25th November, 2005']"
1908,April,14,"['1908-04-14', '04/14/1908', '14 Apr 1908']"
2050,May,8,"['May 8th, 2050', '2050-05-08', '08 May 2050']"
1916,July,6,"['6th July, 1916', '06/07/1916', '07/06/1916', '1916-07-06', '06 Jul 1916']"
2053,April,9,"['9th April, 2053', 'April 9th, 2053', '09/04/2053', '2053/04/09', '09 Apr 2053', '04/09/2053', '09-04-2053', '2053-04-09']"
2065,June,2,"['2065/06/02', '06/02/2065']"
2060,February,21,"['21/02/2060', '21st February, 2060', '2060-02-21', '2060/02/21', '02/21/2060', 'February 21st, 2060', '21 Feb 2060', '21-02-2060']"
2007,February,17,"['February 17th, 2007', '2007/02/17', '02/17/2007']"
1959,June,11,"['1959/06/11', '11 Jun 1959']"
1907,December,21,"['1907/12/21', '12/21/1907', '1907-12-21', '21st December, 1907']"
2013,September,16,"['September 16th, 2013']"
1903,July,14,"['14-07-1903', '14/07/1903', '1903/07/14', '07/14/1903', '14 Jul 1903', '14th July, 1903', '1903-07-14']"
2004,November,26,"['26-11-2004', '11/26/2004', 'November 26th, 2004', '2004/11/26', '2004-11-26']"
1988,August,25,"['1988/08/25', '25 Aug 1988', 'August 25th, 1988', '25th August, 1988', '1988-08-25', '25-08-1988', '08/25/1988', '25/08/1988']"
1964,April,30,"['30th April, 1964', '30/04/1964']"
1938,October,31,"['31/10/1938', '31 Oct 1938', '31-10-1938', '1938/10/31']"
1947,August,3,"['3rd August, 1947', '03/08/1947']"
2034,December,9,"['09 Dec 2034', '2034-12-09', '12/09/2034']"
2058,April,23,"['04/23/2058', '2058/04/23', '2058-04-23', '23/04/2058', 'April 23rd, 2058']"
2029,June,28,"['28 Jun 2029', '28-06-2029', '28th June, 2029']"
1970,November,15,"['1970/11/15', '15 Nov 1970', 'November 15th, 1970']"
1956,June,19,"['19/06/1956', '19-06-1956', '06/19/1956']"
1986,February,3,"['3rd February, 1986']"
2084,July,5,"['05/07/2084', '5th July, 2084', 'July 5th, 2084']"
1926,October,5,"['05-10-1926', 'October 5th, 1926', '10/05/1926', '1926-10-05', '05/10/1926']"
2020,July,1,"['2020/07/01', '07/01/2020', '2020-07-01', '1st July, 2020']"
1931,March,26,"['1931-03-26', '03/26/1931', '26/03/1931']"
2072,January,29,"['29th January, 2072', '2072-01-29', '2072/01/29', '29-01-2072', '29 Jan 2072', '01/29/2072', 'January 29th, 2072', '29/01/2072']"
1903,December,12,"['1903/12/12', '12th December, 1903', '12 Dec 1903', '12/12/1903']"
2041,December,28,"['28 Dec 2041', '28/12/2041', 'December 28th, 2041', '12/28/2041']"
1968,January,10,['1968-01-10']
1949,January,21,"['21st January, 1949', '1949/01/21', '21/01/1949', '21 Jan 1949', '21-01-1949', 'January 21st, 1949']"
2064,August,30,['2064/08/30']
2083,December,25,"['25-12-2083', '25th December, 2083', '2083/12/25', '2083-12-25']"
1926,July,29,"['July 29th, 1926', '07/29/1926', '1926-07-29', '1926/07/29', '29-07-1926', '29/07/1926', '29 Jul 1926', '29th July, 1926']"
2051,December,16,"['2051-12-16', '16 Dec 2051', '16-12-2051', '12/16/2051', '16th December, 2051']"
2078,May,27,"['27 May 2078', '27th May, 2078', '2078/05/27', '2078-05-27']"
1936,October,11,"['1936-10-11', 'October 11th, 1936']"
2044,October,27,"['2044/10/27', '10/27/2044', '27-10-2044']"
1951,August,23,"['1951-08-23', '1951/08/23', '23-08-1951', '08/23/1951', 'August 23rd, 1951', '23/08/1951', '23rd August, 1951']"
2002,June,27,"['27th June, 2002', '27 Jun 2002', '06/27/2002', '27-06-2002', 'June 27th, 2002', '27/06/2002', '2002-06-27', '2002/06/27']"
2016,May,12,"['2016-05-12', '05/12/2016', 'May 12th, 2016', '12-05-2016', '12/05/2016']"
1938,November,24,"['11/24/1938', '24 Nov 1938']"
1982,February,6,"['1982/02/06', '1982-02-06', '06 Feb 1982', 'February 6th, 1982']"
1956,February,19,"['19-02-1956', 'February 19th, 1956']"
2052,August,27,"['27th August, 2052', '08/27/2052', '27 Aug 2052']"
1906,June,14,"['06/14/1906', '1906-06-14', '14-06-1906', 'June 14th, 1906', '14/06/1906']"
1916,June,26,['26/06/1916']
2060,June,27,"['06/27/2060', '27/06/2060', '27 Jun 2060', '2060-06-27', '27th June, 2060', 'June 27th, 2060', '27-06-2060', '2060/06/27']"
2027,April,20,"['April 20th, 2027', '2027-04-20']"
2045,October,12,"['12 Oct 2045', '12-10-2045', '10/12/2045', '12th October, 2045', '2045-10-12', 'October 12th, 2045', '2045/10/12']"
2014,March,30,"['March 30th, 2014', '30 Mar 2014', '30/03/2014', '2014/03/30']"
1915,September,6,['06 Sep 1915']
1998,June,14,"['14th June, 1998']"
1920,October,28,"['28th October, 1920']"
1915,September,18,"['09/18/1915', '18 Sep 1915', '18-09-1915', '18/09/1915', '18th September, 1915', 'September 18th, 1915', '1915-09-18', '1915/09/18']"
2095,November,24,['24/11/2095']
1963,May,19,"['19-05-1963', '19th May, 1963', '1963-05-19', '1963/05/19']"
2019,December,25,"['2019-12-25', '25 Dec 2019', '12/25/2019', '25/12/2019', '25th December, 2019', '25-12-2019']"
1934,September,4,"['04-09-1934', '09/04/1934', '4th September, 1934', '1934/09/04', '1934-09-04']"
1957,June,4,"['June 4th, 1957', '1957/06/04', '06/04/1957', '04-06-1957', '04 Jun 1957']"
2003,April,21,"['21/04/2003', '2003-04-21', '21st April, 2003', '21-04-2003']"
2015,November,1,['01-11-2015']
2045,November,1,"['1st November, 2045', '2045/11/01', '01/11/2045', '11/01/2045', '2045-11-01']"
2011,March,10,"['10/03/2011', '03/10/2011', '10-03-2011', 'March 10th, 2011', '10th March, 2011', '2011-03-10', '2011/03/10', '10 Mar 2011']"
1939,December,17,['1939-12-17']
2042,January,9,"['09 Jan 2042', '2042/01/09', '2042-01-09', '09/01/2042', 'January 9th, 2042', '9th January, 2042', '01/09/2042', '09-01-2042']"
1904,January,30,"['30th January, 1904', 'January 30th, 1904', '30 Jan 1904', '30-01-1904', '30/01/1904', '1904-01-30', '1904/01/30']"
1964,December,18,"['18-12-1964', '18th December, 1964', '1964-12-18', 'December 18th, 1964']"
1927,January,30,"['30 Jan 1927', '30-01-1927', '01/30/1927', '30/01/1927', '1927/01/30']"
1971,August,20,"['20/08/1971', '08/20/1971', '1971-08-20', '20 Aug 1971']"
1904,November,23,"['11/23/1904', '1904-11-23', '23rd November, 1904', '1904/11/23', '23 Nov 1904', 'November 23rd, 1904']"
2084,April,10,"['10th April, 2084', '2084/04/10', '10/04/2084', '2084-04-10']"
2008,July,22,"['22-07-2008', '22/07/2008', 'July 22nd, 2008', '07/22/2008', '22 Jul 2008', '2008-07-22', '22nd July, 2008', '2008/07/22']"
1916,November,24,"['11/24/1916', '1916-11-24', '24 Nov 1916', '24/11/1916', 'November 24th, 1916', '24th November, 1916', '24-11-1916']"
2014,October,6,"['October 6th, 2014', '2014-10-06']"
1979,March,22,"['22nd March, 1979', '22-03-1979']"
2024,November,10,"['10 Nov 2024', '11/10/2024']"
1922,July,9,"['09 Jul 1922', '09/07/1922', '9th July, 1922', '1922/07/09']"
2077,January,10,"['2077/01/10', '10th January, 2077', '2077-01-10', '10 Jan 2077', '10/01/2077', '01/10/2077']"
2074,June,2,['2074/06/02']
1937,August,24,"['24th August, 1937', '24-08-1937', '24/08/1937', 'August 24th, 1937', '1937/08/24', '24 Aug 1937', '1937-08-24']"
2085,September,4,"['04-09-2085', 'September 4th, 2085']"
2037,October,5,"['2037-10-05', '05 Oct 2037', '2037/10/05']"
2025,January,29,"['29th January, 2025', 'January 29th, 2025', '01/29/2025']"
2067,August,15,"['15th August, 2067', '2067/08/15']"
1985,September,3,"['September 3rd, 1985', '1985/09/03', '03 Sep 1985']"
1997,April,29,"['29-04-1997', '29th April, 1997', '1997-04-29', '29 Apr 1997', '29/04/1997', '1997/04/29']"
2035,November,12,"['12th November, 2035', 'November 12th, 2035', '11/12/2035', '2035-11-12']"
1957,June,12,"['1957-06-12', '12 Jun 1957', 'June 12th, 1957']"
2021,December,24,"['December 24th, 2021', '24-12-2021', '2021/12/24']"
1939,January,30,['30-01-1939']
1938,September,27,"['27-09-1938', '1938/09/27']"
2098,April,10,"['04/10/2098', '10th April, 2098', '2098-04-10', '2098/04/10', '10-04-2098']"
1954,December,15,"['1954-12-15', '15 Dec 1954', 'December 15th, 1954', '15-12-1954', '15/12/1954', '1954/12/15']"
2053,April,29,"['29th April, 2053', '2053/04/29', '29-04-2053', '29 Apr 2053', 'April 29th, 2053', '04/29/2053', '29/04/2053', '2053-04-29']"
1990,June,17,"['17 Jun 1990', '1990/06/17', '1990-06-17', '06/17/1990', '17/06/1990']"
2050,July,8,"['8th July, 2050']"
2007,April,20,"['April 20th, 2007', '20th April, 2007', '20-04-2007', '2007-04-20']"
2065,September,29,"['09/29/2065', '29th September, 2065', '29-09-2065', 'September 29th, 2065']"
2050,April,8,"['2050-04-08', '08-04-2050', '04/08/2050', '8th April, 2050', '08 Apr 2050', '08/04/2050']"
1913,October,16,['10/16/1913']
2090,November,29,"['2090/11/29', '29 Nov 2090', '29th November, 2090', '29-11-2090', '11/29/2090', 'November 29th, 2090', '29/11/2090']"
1968,January,2,"['02 Jan 1968', '02-01-1968', '1968/01/02', 'January 2nd, 1968', '1968-01-02', '02/01/1968', '2nd January, 1968']"
1974,June,4,"['04/06/1974', '04 Jun 1974', '04-06-1974', '06/04/1974']"
1964,February,21,"['21-02-1964', 'February 21st, 1964']"
2023,February,28,"['28th February, 2023']"
2006,July,10,"['2006-07-10', '10 Jul 2006', '10-07-2006', 'July 10th, 2006', '07/10/2006', '10/07/2006']"
2085,May,28,"['05/28/2085', '28-05-2085', '28 May 2085', '28/05/2085', '2085-05-28', '28th May, 2085', '2085/05/28', 'May 28th, 2085']"
2020,April,25,"['2020/04/25', '25 Apr 2020', '25-04-2020']"
2078,May,18,"['18/05/2078', '05/18/2078', '18-05-2078', 'May 18th, 2078', '2078-05-18', '18 May 2078']"
1959,March,12,"['12-03-1959', '12/03/1959']"
2044,September,20,"['2044/09/20', 'September 20th, 2044']"
1971,August,13,"['August 13th, 1971', '13/08/1971', '1971/08/13', '13-08-1971']"
2084,June,28,"['06/28/2084', '28 Jun 2084', '2084/06/28', '28/06/2084']"
2053,October,17,"['17/10/2053', '2053/10/17', '10/17/2053', '2053-10-17', '17 Oct 2053']"
1945,January,13,"['1945/01/13', '13/01/1945', 'January 13th, 1945', '01/13/1945', '13th January, 1945', '13-01-1945', '13 Jan 1945', '1945-01-13']"
2048,April,2,"['02 Apr 2048', 'April 2nd, 2048', '2nd April, 2048', '2048-04-02', '02-04-2048', '2048/04/02', '02/04/2048', '04/02/2048']"
1979,June,10,"['June 10th, 1979', '10th June, 1979', '10-06-1979', '10 Jun 1979']"
2074,December,10,"['10/12/2074', '10-12-2074', '2074/12/10']"
1974,December,12,"['12/12/1974', '12 Dec 1974', '12/12/1974', '1974-12-12']"
2050,October,26,"['26/10/2050', '2050/10/26', 'October 26th, 2050', '26-10-2050', '2050-10-26', '26th October, 2050']"
2062,August,9,"['2062-08-09', '09/08/2062', '9th August, 2062', '2062/08/09', '08/09/2062', '09-08-2062', '09 Aug 2062', 'August 9th, 2062']"
2013,September,10,"['2013-09-10', '2013/09/10', '10/09/2013', '09/10/2013', '10th September, 2013', '10 Sep 2013']"
2028,March,16,"['16 Mar 2028', '16th March, 2028']"
2020,November,30,"['30th November, 2020', '2020/11/30', '30 Nov 2020', '30-11-2020', '11/30/2020']"
1966,September,23,"['23/09/1966', '23rd September, 1966', '23 Sep 1966', '1966/09/23', '09/23/1966', '23-09-1966', '1966-09-23', 'September 23rd, 1966']"
2001,May,12,['2001-05-12']
2081,March,13,"['03/13/2081', 'March 13th, 2081', '13/03/2081', '13-03-2081', '13 Mar 2081', '2081/03/13', '13th March, 2081', '2081-03-13']"
2055,June,20,"['June 20th, 2055', '2055-06-20', '20 Jun 2055']"
1949,August,22,"['August 22nd, 1949', '22-08-1949', '1949-08-22', '22nd August, 1949', '22/08/1949']"
2053,August,6,"['08/06/2053', 'August 6th, 2053', '06 Aug 2053']"
2020,July,31,"['July 31st, 2020', '2020-07-31']"
1923,November,28,"['28 Nov 1923', '11/28/1923']"
1951,February,26,"['26-02-1951', '26/02/1951', '1951-02-26', '1951/02/26', '02/26/1951']"
2016,December,16,"['December 16th, 2016', '16 Dec 2016', '16-12-2016', '2016-12-16', '16/12/2016', '12/16/2016', '2016/12/16']"
2012,June,3,"['06/03/2012', '2012-06-03', '2012/06/03', '03/06/2012', 'June 3rd, 2012']"
2050,September,29,"['29-09-2050', '2050/09/29', '29 Sep 2050']"
1944,May,4,"['04-05-1944', '1944/05/04', '1944-05-04', 'May 4th, 1944', '04/05/1944', '4th May, 1944', '04 May 1944', '05/04/1944']"
2014,April,15,['15-04-2014']
1975,January,19,"['01/19/1975', '19-01-1975', '19 Jan 1975', '1975/01/19', '1975-01-19', '19th January, 1975', '19/01/1975', 'January 19th, 1975']"
1985,January,8,['08 Jan 1985']
2082,April,14,"['14-04-2082', '14/04/2082', '14 Apr 2082']"
2092,May,26,"['26th May, 2092', '2092-05-26', 'May 26th, 2092', '26-05-2092']"
1921,June,28,['28/06/1921']
1976,November,20,"['20/11/1976', 'November 20th, 1976', '11/20/1976', '1976-11-20', '20th November, 1976', '20-11-1976']"
2005,June,9,"['09 Jun 2005', '09-06-2005', '09/06/2005', '2005-06-09', '9th June, 2005', '06/09/2005', 'June 9th, 2005', '2005/06/09']"
2079,January,29,"['29th January, 2079', '29/01/2079', '2079-01-29']"
1929,August,4,['04/08/1929']
1992,July,20,"['07/20/1992', '1992-07-20', '20-07-1992', '20 Jul 1992', '20th July, 1992', 'July 20th, 1992', '1992/07/20']"
2045,January,13,"['01/13/2045', '13 Jan 2045']"
2047,May,1,"['2047/05/01', '1st May, 2047', '01/05/2047', '2047-05-01', '05/01/2047', 'May 1st, 2047', '01 May 2047']"
1955,May,24,"['24/05/1955', 'May 24th, 1955', '24 May 1955', '05/24/1955', '24th May, 1955', '1955-05-24', '24-05-1955', '1955/05/24']"
1987,December,15,['15-12-1987']
2057,May,31,"['31st May, 2057', '31 May 2057', '31-05-2057', '31/05/2057', '05/31/2057']"
1921,November,4,"['11/04/1921', '04-11-1921', '4th November, 1921', '1921-11-04', '1921/11/04']"
2051,February,6,"['06/02/2051', '2051/02/06', '2051-02-06', '6th February, 2051']"
1985,January,3,"['3rd January, 1985', '01/03/1985']"
2043,May,24,"['24th May, 2043', '2043-05-24', '24-05-2043', '24 May 2043', '05/24/2043', 'May 24th, 2043', '2043/05/24']"
1900,May,29,"['29-05-1900', '1900-05-29', '29th May, 1900', '29 May 1900', 'May 29th, 1900', '05/29/1900', '1900/05/29', '29/05/1900']"
2041,November,4,"['November 4th, 2041', '2041-11-04', '04-11-2041', '2041/11/04']"
2006,July,20,"['2006/07/20', '20/07/2006']"
1996,March,10,"['10th March, 1996', '10 Mar 1996', '1996/03/10', '10/03/1996', '03/10/1996', 'March 10th, 1996']"
1954,October,19,"['1954/10/19', '19-10-1954', '19/10/1954', '19th October, 1954', '19 Oct 1954', 'October 19th, 1954', '10/19/1954', '1954-10-19']"
1944,May,5,"['05 May 1944', '5th May, 1944', '1944-05-05', '05/05/1944']"
1966,April,21,"['21-04-1966', '21 Apr 1966', '04/21/1966', '1966-04-21', '21/04/1966', '21st April, 1966', 'April 21st, 1966', '1966/04/21']"
2090,April,8,"['8th April, 2090', '08 Apr 2090', '08-04-2090', '08/04/2090', '04/08/2090']"
1941,August,25,"['25 Aug 1941', '25th August, 1941', '1941-08-25', '25-08-1941', '08/25/1941', '1941/08/25', 'August 25th, 1941']"
2091,August,21,"['21st August, 2091', '2091/08/21', '08/21/2091', '21 Aug 2091', '21-08-2091', 'August 21st, 2091']"
2033,June,20,"['20th June, 2033', '20 Jun 2033', '20-06-2033', '2033/06/20', '20/06/2033', 'June 20th, 2033', '06/20/2033']"
1966,July,29,"['29 Jul 1966', '29/07/1966']"
1973,June,29,"['06/29/1973', '1973/06/29', '29 Jun 1973', '29-06-1973', '29th June, 1973', 'June 29th, 1973']"
2011,September,30,"['2011-09-30', '09/30/2011', '30/09/2011', '30-09-2011', 'September 30th, 2011', '2011/09/30', '30 Sep 2011', '30th September, 2011']"
2026,February,20,"['February 20th, 2026', '20 Feb 2026', '20-02-2026']"
1935,January,15,"['January 15th, 1935', '01/15/1935', '15/01/1935', '1935/01/15', '15th January, 1935', '15-01-1935', '1935-01-15', '15 Jan 1935']"
1970,November,17,"['November 17th, 1970', '17th November, 1970', '17/11/1970', '1970-11-17', '17-11-1970', '1970/11/17']"
1913,May,9,"['09/05/1913', '09 May 1913']"
1961,December,12,"['12th December, 1961', '12/12/1961', 'December 12th, 1961', '1961/12/12', '1961-12-12']"
2049,January,18,"['2049/01/18', '01/18/2049', '18th January, 2049', '18-01-2049', '18 Jan 2049', '2049-01-18', '18/01/2049']"
2004,September,12,"['2004/09/12', '2004-09-12', '09/12/2004', '12th September, 2004', 'September 12th, 2004', '12 Sep 2004', '12/09/2004', '12-09-2004']"
2091,July,11,"['2091/07/11', '11 Jul 2091', '11/07/2091', '11-07-2091']"
2036,January,4,"['04 Jan 2036', '4th January, 2036', '2036-01-04', 'January 4th, 2036', '04/01/2036', '2036/01/04', '04-01-2036']"
2012,March,5,"['03/05/2012', '05-03-2012', 'March 5th, 2012', '05/03/2012', '5th March, 2012', '2012-03-05', '05 Mar 2012', '2012/03/05']"
2063,January,8,"['8th January, 2063', '08/01/2063', '08-01-2063', '08 Jan 2063', 'January 8th, 2063', '01/08/2063', '2063-01-08']"
2088,October,24,"['October 24th, 2088', '24 Oct 2088', '2088-10-24', '24th October, 2088', '24-10-2088', '24/10/2088', '10/24/2088', '2088/10/24']"
1952,February,10,"['February 10th, 1952', '10th February, 1952', '1952/02/10', '02/10/1952', '10-02-1952', '1952-02-10']"
2017,September,11,"['11-09-2017', 'September 11th, 2017', '11/09/2017', '09/11/2017', '11th September, 2017', '11 Sep 2017', '2017/09/11']"
1957,January,11,"['11/01/1957', '1957/01/11', 'January 11th, 1957', '11 Jan 1957']"
1948,October,23,"['1948/10/23', '10/23/1948', '23/10/1948', '1948-10-23', '23 Oct 1948', 'October 23rd, 1948', '23-10-1948']"
2008,February,6,['2008/02/06']
1996,December,16,"['1996/12/16', '16-12-1996', '16th December, 1996', '16/12/1996', '16 Dec 1996']"
2043,May,3,"['05/03/2043', 'May 3rd, 2043', '2043-05-03', '2043/05/03', '03-05-2043']"
1970,August,15,"['15-08-1970', '15 Aug 1970', '1970/08/15']"
1998,November,23,"['23/11/1998', 'November 23rd, 1998']"
2028,September,28,"['September 28th, 2028', '2028/09/28', '28 Sep 2028', '28-09-2028', '09/28/2028', '28th September, 2028', '28/09/2028', '2028-09-28']"
2011,January,15,"['15th January, 2011', '01/15/2011']"
2062,July,25,['25 Jul 2062']
2046,November,28,"['2046/11/28', '28/11/2046', '28 Nov 2046', '11/28/2046', 'November 28th, 2046', '2046-11-28', '28th November, 2046', '28-11-2046']"
2083,April,4,"['4th April, 2083', '04/04/2083', '04 Apr 2083', '04-04-2083', '04/04/2083', '2083-04-04', '2083/04/04', 'April 4th, 2083']"
2021,March,26,"['26 Mar 2021', '2021-03-26']"
2046,July,6,['06 Jul 2046']
1973,February,24,"['1973/02/24', '1973-02-24', 'February 24th, 1973']"
1912,December,3,"['1912/12/03', '03-12-1912', '03/12/1912', '1912-12-03', 'December 3rd, 1912', '3rd December, 1912', '03 Dec 1912', '12/03/1912']"
1949,June,2,"['02 Jun 1949', '2nd June, 1949']"
1939,December,31,"['1939-12-31', '12/31/1939', '31 Dec 1939', '31st December, 1939', 'December 31st, 1939', '1939/12/31']"
2061,November,8,"['08 Nov 2061', '08/11/2061', '2061/11/08', '8th November, 2061', '11/08/2061', '08-11-2061']"
1927,June,28,"['June 28th, 1927', '28 Jun 1927', '1927/06/28', '06/28/1927', '28-06-1927', '1927-06-28', '28th June, 1927', '28/06/1927']"
1933,November,20,"['20 Nov 1933', '1933-11-20', 'November 20th, 1933', '20/11/1933', '11/20/1933', '20th November, 1933', '20-11-1933', '1933/11/20']"
1944,October,21,"['21 Oct 1944', '21st October, 1944', '1944-10-21', '21-10-1944', '1944/10/21', 'October 21st, 1944']"
1976,December,20,"['December 20th, 1976']"
2008,October,21,"['October 21st, 2008', '10/21/2008', '2008/10/21', '21 Oct 2008', '21/10/2008', '21-10-2008']"
1934,May,1,"['01-05-1934', '1934/05/01', '1934-05-01', '1st May, 1934', '05/01/1934', 'May 1st, 1934', '01 May 1934']"
2038,September,21,"['21 Sep 2038', '2038/09/21', 'September 21st, 2038']"
1970,December,30,"['30 Dec 1970', '1970/12/30', '30/12/1970', '1970-12-30', '30th December, 1970', 'December 30th, 1970']"
1926,December,14,"['1926-12-14', '14/12/1926', '1926/12/14', 'December 14th, 1926']"
2014,December,3,"['03-12-2014', '3rd December, 2014', '2014/12/03', 'December 3rd, 2014']"
1926,January,25,"['January 25th, 1926', '25-01-1926', '1926-01-25', '25 Jan 1926', '1926/01/25']"
2067,May,5,"['5th May, 2067', '05-05-2067', '05 May 2067', '05/05/2067', '05/05/2067', '2067-05-05', '2067/05/05']"
2085,April,23,"['2085-04-23', '23 Apr 2085', '23rd April, 2085', 'April 23rd, 2085', '2085/04/23']"
1982,January,14,"['14th January, 1982', '1982-01-14', '14 Jan 1982', '14-01-1982', '1982/01/14', 'January 14th, 1982']"
2026,February,5,"['05 Feb 2026', 'February 5th, 2026', '05-02-2026', '5th February, 2026']"
1937,June,29,"['June 29th, 1937', '29-06-1937', '06/29/1937']"
1993,March,9,"['March 9th, 1993', '09 Mar 1993', '03/09/1993', '1993/03/09', '9th March, 1993', '1993-03-09']"
1979,April,26,['1979/04/26']
2019,November,7,"['07 Nov 2019', '2019/11/07', '7th November, 2019', '07-11-2019', '07/11/2019', '11/07/2019', '2019-11-07', 'November 7th, 2019']"
1966,June,10,['10 Jun 1966']
2044,August,17,"['17-08-2044', '17/08/2044', '17th August, 2044']"
1937,September,26,"['09/26/1937', '1937-09-26']"
2049,March,7,"['07/03/2049', '03/07/2049', 'March 7th, 2049', '2049-03-07']"
2044,January,7,"['07 Jan 2044', '2044-01-07']"
2006,April,30,"['30/04/2006', '2006-04-30', '04/30/2006', '30th April, 2006', '30 Apr 2006', '2006/04/30', 'April 30th, 2006', '30-04-2006']"
1955,March,26,['26 Mar 1955']
2072,January,6,"['6th January, 2072', '2072-01-06', '06 Jan 2072']"
1924,March,9,"['1924/03/09', '09/03/1924', '09-03-1924', 'March 9th, 1924', '1924-03-09', '09 Mar 1924', '03/09/1924', '9th March, 1924']"
1986,February,18,"['1986/02/18', '18-02-1986', 'February 18th, 1986']"
1995,February,5,"['1995-02-05', '05-02-1995', '02/05/1995', '1995/02/05', 'February 5th, 1995']"
1913,July,28,"['July 28th, 1913', '28/07/1913', '1913-07-28', '1913/07/28', '28-07-1913', '28 Jul 1913', '07/28/1913']"
1909,October,11,"['10/11/1909', '1909/10/11', '11/10/1909', '11 Oct 1909', '11-10-1909']"
2071,August,9,"['08/09/2071', '9th August, 2071']"
1939,March,22,"['1939/03/22', '22nd March, 1939', '22-03-1939', 'March 22nd, 1939', '1939-03-22', '22 Mar 1939']"
1947,February,6,"['February 6th, 1947', '06-02-1947', '06 Feb 1947']"
1930,February,19,"['19-02-1930', '19 Feb 1930', '19/02/1930', '02/19/1930', 'February 19th, 1930']"
1963,February,10,"['10 Feb 1963', '1963/02/10', '10-02-1963', '1963-02-10', '10/02/1963', '10th February, 1963', 'February 10th, 1963']"
1942,March,26,"['1942/03/26', '03/26/1942', '26-03-1942', '26th March, 1942', '26/03/1942', '26 Mar 1942', 'March 26th, 1942']"
1920,November,20,['11/20/1920']
1914,October,11,"['1914/10/11', '10/11/1914', 'October 11th, 1914', '11-10-1914', '11/10/1914', '11 Oct 1914', '1914-10-11', '11th October, 1914']"
2075,February,11,"['11 Feb 2075', '02/11/2075', '2075-02-11']"
2003,April,2,"['2003/04/02', '02/04/2003', '02-04-2003', '2nd April, 2003', '04/02/2003', '2003-04-02', 'April 2nd, 2003', '02 Apr 2003']"
2009,October,27,['2009/10/27']
2035,December,20,"['20-12-2035', '20 Dec 2035', '12/20/2035', 'December 20th, 2035', '2035-12-20']"
1964,October,15,"['October 15th, 1964', '15 Oct 1964', '15-10-1964']"
2053,May,28,"['28/05/2053', '28 May 2053', 'May 28th, 2053']"
1971,April,3,"['04/03/1971', 'April 3rd, 1971', '03-04-1971', '1971/04/03', '1971-04-03']"
2062,January,2,"['2nd January, 2062', '02 Jan 2062', 'January 2nd, 2062', '2062-01-02']"
2049,October,1,"['1st October, 2049', '01 Oct 2049']"
1931,January,11,"['01/11/1931', '1931/01/11', '11/01/1931', 'January 11th, 1931', '11 Jan 1931', '11th January, 1931', '1931-01-11', '11-01-1931']"
1995,August,22,"['1995/08/22', '22nd August, 1995', '1995-08-22', '22/08/1995', 'August 22nd, 1995', '22 Aug 1995', '22-08-1995']"
2082,November,12,"['2082-11-12', '12-11-2082', '2082/11/12', '12th November, 2082', '12 Nov 2082', 'November 12th, 2082', '11/12/2082', '12/11/2082']"
2087,August,10,"['10 Aug 2087', 'August 10th, 2087', '10th August, 2087', '10-08-2087']"
2032,May,13,"['2032/05/13', 'May 13th, 2032', '05/13/2032', '2032-05-13', '13th May, 2032', '13/05/2032', '13-05-2032', '13 May 2032']"
1906,November,17,"['17th November, 1906', '17 Nov 1906', '1906-11-17', '11/17/1906', '17/11/1906', '17-11-1906', '1906/11/17', 'November 17th, 1906']"
2001,April,1,['01-04-2001']
1966,May,15,"['15 May 1966', '1966/05/15', '05/15/1966', '15/05/1966', 'May 15th, 1966', '1966-05-15', '15-05-1966']"
2016,January,17,"['17 Jan 2016', 'January 17th, 2016', '17/01/2016', '17th January, 2016']"
1936,July,22,"['1936/07/22', 'July 22nd, 1936', '22/07/1936', '1936-07-22', '22nd July, 1936']"
1971,November,27,"['1971/11/27', '27th November, 1971', 'November 27th, 1971', '27-11-1971']"
1900,February,9,"['9th February, 1900', '1900-02-09', '02/09/1900', '1900/02/09']"
1932,April,14,"['14/04/1932', '04/14/1932', '1932/04/14', '1932-04-14', '14-04-1932', '14th April, 1932', 'April 14th, 1932']"
1924,February,11,"['1924-02-11', '11-02-1924', '11 Feb 1924']"
1995,July,3,"['1995-07-03', 'July 3rd, 1995', '03/07/1995', '3rd July, 1995', '1995/07/03', '03 Jul 1995', '07/03/1995']"
1935,October,20,"['20th October, 1935', '1935-10-20', '10/20/1935', '1935/10/20', '20/10/1935']"
1952,January,19,['01/19/1952']
1907,August,3,"['3rd August, 1907', '1907-08-03']"
2001,February,17,"['02/17/2001', '2001-02-17', '17th February, 2001', '17 Feb 2001', 'February 17th, 2001', '17/02/2001']"
2029,June,30,"['30-06-2029', '2029/06/30', '06/30/2029', '2029-06-30', '30 Jun 2029']"
2001,March,23,"['March 23rd, 2001', '23/03/2001', '23rd March, 2001', '2001-03-23']"
2043,April,5,"['04/05/2043', '05-04-2043', '05/04/2043', 'April 5th, 2043', '2043/04/05']"
2064,May,6,"['06/05/2064', 'May 6th, 2064', '2064-05-06', '6th May, 2064', '2064/05/06', '06 May 2064']"
1960,August,12,"['12 Aug 1960', 'August 12th, 1960', '08/12/1960', '1960-08-12', '12/08/1960', '12-08-1960']"
1987,May,26,"['26-05-1987', '05/26/1987', 'May 26th, 1987', '1987-05-26', '1987/05/26', '26 May 1987', '26/05/1987', '26th May, 1987']"
2008,July,18,"['18 Jul 2008', 'July 18th, 2008', '18th July, 2008']"
1982,June,13,"['13 Jun 1982', '13-06-1982', 'June 13th, 1982', '13/06/1982', '06/13/1982', '1982/06/13', '1982-06-13']"
1908,March,12,"['12/03/1908', '03/12/1908', 'March 12th, 1908', '12 Mar 1908', '12-03-1908']"
1922,February,19,"['19-02-1922', 'February 19th, 1922']"
2020,August,31,"['31 Aug 2020', '08/31/2020', '2020/08/31', '31-08-2020', '31/08/2020', '2020-08-31', '31st August, 2020']"
1974,April,4,"['4th April, 1974', '1974/04/04', '04/04/1974', '04 Apr 1974', '1974-04-04']"
1920,June,6,"['1920-06-06', '06/06/1920', '6th June, 1920', '06 Jun 1920', '06-06-1920']"
2082,November,7,"['07 Nov 2082', '07-11-2082', '2082/11/07']"
1964,August,26,"['08/26/1964', '26/08/1964', '1964/08/26', '1964-08-26', '26th August, 1964', '26 Aug 1964', 'August 26th, 1964']"
1943,December,9,['09 Dec 1943']
1946,September,28,"['1946/09/28', '09/28/1946', '28th September, 1946', '1946-09-28', '28/09/1946', '28 Sep 1946', '28-09-1946', 'September 28th, 1946']"
1938,August,6,"['1938/08/06', '06 Aug 1938']"
1916,December,22,"['22/12/1916', '12/22/1916', '22-12-1916', '1916/12/22', '1916-12-22', 'December 22nd, 1916', '22 Dec 1916', '22nd December, 1916']"
1978,May,26,"['1978-05-26', 'May 26th, 1978', '05/26/1978', '26/05/1978']"
2090,December,17,"['17-12-2090', 'December 17th, 2090', '2090-12-17', '2090/12/17', '17/12/2090', '17 Dec 2090']"
1964,December,10,"['10-12-1964', '10/12/1964', '10th December, 1964', '1964-12-10', '12/10/1964', '1964/12/10', 'December 10th, 1964']"
1953,February,16,"['16 Feb 1953', '16/02/1953', '1953/02/16', '16th February, 1953']"
2012,August,19,"['19 Aug 2012', '08/19/2012', '2012-08-19', '19-08-2012']"
1945,April,13,"['April 13th, 1945', '13 Apr 1945', '04/13/1945', '13/04/1945']"
2027,September,28,"['28 Sep 2027', '09/28/2027', '28-09-2027', '2027/09/28', '28/09/2027']"
2036,October,23,"['2036-10-23', '10/23/2036', '23-10-2036', '2036/10/23']"
2017,December,24,['2017/12/24']
1998,December,19,"['19/12/1998', '19 Dec 1998', '19th December, 1998', '12/19/1998', '1998-12-19']"
2061,January,27,"['27th January, 2061', '2061/01/27', '27 Jan 2061', 'January 27th, 2061', '01/27/2061']"
2010,July,16,['2010/07/16']
2066,March,11,"['11-03-2066', '2066/03/11']"
2092,September,13,"['13th September, 2092', '13/09/2092']"
2027,September,26,"['2027/09/26', '26 Sep 2027', '2027-09-26', 'September 26th, 2027']"
2077,July,29,"['July 29th, 2077', '29th July, 2077', '29-07-2077', '29 Jul 2077', '29/07/2077', '2077/07/29', '07/29/2077', '2077-07-29']"
2046,November,18,"['November 18th, 2046', '18/11/2046', '2046/11/18', '2046-11-18', '18th November, 2046', '18 Nov 2046', '18-11-2046']"
1991,March,20,"['20th March, 1991', '03/20/1991', '20 Mar 1991', '1991/03/20', 'March 20th, 1991']"
2026,January,13,"['13/01/2026', '13-01-2026', '13th January, 2026']"
2025,June,25,"['25-06-2025', 'June 25th, 2025', '06/25/2025', '2025-06-25', '25 Jun 2025', '25th June, 2025', '2025/06/25']"
1921,August,7,"['08/07/1921', '7th August, 1921', '07-08-1921', '07/08/1921', '1921/08/07', '1921-08-07', '07 Aug 1921', 'August 7th, 1921']"
2019,January,2,"['2019/01/02', '02 Jan 2019', '02-01-2019', '01/02/2019']"
2093,May,5,"['05-05-2093', '2093/05/05', '05 May 2093', '05/05/2093', '05/05/2093', '2093-05-05']"
2086,December,13,"['2086-12-13', 'December 13th, 2086', '13 Dec 2086', '13-12-2086', '2086/12/13']"
1905,September,13,"['13 Sep 1905', '1905/09/13', '13th September, 1905', '09/13/1905', 'September 13th, 1905', '13/09/1905']"
1914,May,22,"['22 May 1914', '1914-05-22', 'May 22nd, 1914', '22-05-1914', '1914/05/22', '22/05/1914', '22nd May, 1914']"
2085,March,28,"['03/28/2085', '28-03-2085', '28 Mar 2085', '2085/03/28', '2085-03-28', 'March 28th, 2085']"
1927,November,27,"['27 Nov 1927', '27-11-1927', '27/11/1927', 'November 27th, 1927', '1927-11-27']"
2027,October,13,"['2027/10/13', '13 Oct 2027']"
1993,December,30,"['12/30/1993', 'December 30th, 1993']"
2038,December,1,"['1st December, 2038', '01 Dec 2038', '2038/12/01', 'December 1st, 2038', '12/01/2038', '2038-12-01', '01/12/2038', '01-12-2038']"
1976,April,18,"['1976/04/18', '18 Apr 1976', '1976-04-18']"
1985,November,6,"['11/06/1985', '06-11-1985', '06/11/1985', '1985-11-06', '06 Nov 1985', 'November 6th, 1985']"
1973,August,22,['1973/08/22']
2022,May,30,"['2022/05/30', '30-05-2022', '30/05/2022', '30th May, 2022']"
1986,April,8,"['8th April, 1986']"
1935,May,9,"['09 May 1935', '1935/05/09', '05/09/1935', '9th May, 1935', 'May 9th, 1935']"
1930,January,3,"['1930-01-03', '1930/01/03']"
2001,April,20,"['2001-04-20', 'April 20th, 2001']"
2051,November,11,"['2051/11/11', '11th November, 2051']"
2077,January,18,"['2077/01/18', '18th January, 2077', '01/18/2077', 'January 18th, 2077']"
1961,January,3,"['03/01/1961', '3rd January, 1961', '03-01-1961', '03 Jan 1961']"
2054,April,24,"['24-04-2054', '24 Apr 2054']"
2054,April,21,"['04/21/2054', '2054/04/21']"
1983,October,30,"['1983/10/30', '30/10/1983', '30th October, 1983']"
1919,June,22,['22 Jun 1919']
2092,August,11,"['2092-08-11', '11/08/2092', '11th August, 2092', '08/11/2092', 'August 11th, 2092']"
2076,October,13,"['13/10/2076', '13th October, 2076', '2076-10-13', 'October 13th, 2076', '13-10-2076', '2076/10/13', '10/13/2076', '13 Oct 2076']"
1972,December,26,['12/26/1972']
1915,August,7,"['1915/08/07', '7th August, 1915', '07/08/1915', '08/07/1915']"
2078,July,27,"['27 Jul 2078', '2078-07-27', '27/07/2078', '27-07-2078', '07/27/2078']"
2086,April,23,"['23/04/2086', '04/23/2086', '2086/04/23', '23-04-2086']"
1974,July,12,"['07/12/1974', '12/07/1974', '12th July, 1974', 'July 12th, 1974', '1974/07/12', '1974-07-12', '12-07-1974', '12 Jul 1974']"
1914,February,17,"['17 Feb 1914', '17/02/1914', '17-02-1914', '17th February, 1914', 'February 17th, 1914']"
1930,September,8,"['08 Sep 1930', '1930/09/08', 'September 8th, 1930', '1930-09-08']"
2094,February,16,['16 Feb 2094']
2058,December,11,"['11 Dec 2058', '11/12/2058', 'December 11th, 2058', '11-12-2058']"
2098,May,10,"['10th May, 2098']"
1912,September,13,"['13th September, 1912', '13/09/1912', '1912-09-13', '1912/09/13', 'September 13th, 1912']"
1955,June,11,"['11-06-1955', '1955-06-11', '11 Jun 1955']"
1962,April,14,"['14 Apr 1962', '14th April, 1962', 'April 14th, 1962', '14-04-1962']"
1914,December,4,"['December 4th, 1914']"
2021,July,21,"['2021/07/21', '21/07/2021', '07/21/2021', 'July 21st, 2021', '21st July, 2021', '21-07-2021', '2021-07-21']"
1942,January,12,"['12 Jan 1942', 'January 12th, 1942', '12/01/1942', '1942/01/12', '12th January, 1942', '1942-01-12']"
1982,February,28,"['02/28/1982', '28 Feb 1982', 'February 28th, 1982', '28th February, 1982']"
2013,November,4,"['11/04/2013', 'November 4th, 2013', '2013-11-04', '4th November, 2013']"
2028,November,6,"['06-11-2028', '2028/11/06', '2028-11-06', '6th November, 2028', '06 Nov 2028', '06/11/2028', '11/06/2028']"
1915,March,13,"['03/13/1915', '13-03-1915', '1915-03-13', '13th March, 1915', '13 Mar 1915', 'March 13th, 1915', '1915/03/13']"
1954,February,28,"['28-02-1954', '02/28/1954']"
1993,March,30,"['03/30/1993', '1993/03/30', 'March 30th, 1993', '30th March, 1993', '30-03-1993', '1993-03-30']"
2015,June,27,"['2015-06-27', '2015/06/27']"
2072,January,26,"['2072-01-26', '2072/01/26', '01/26/2072', '26 Jan 2072', 'January 26th, 2072', '26/01/2072']"
1923,January,16,"['16th January, 1923', '1923-01-16', '16 Jan 1923', '1923/01/16', '16/01/1923']"
1943,October,27,['27-10-1943']
1927,October,10,"['10th October, 1927', '1927/10/10']"
2021,December,16,"['December 16th, 2021', '2021/12/16', '16-12-2021', '16th December, 2021']"
1923,October,1,"['October 1st, 1923', '10/01/1923', '1923-10-01']"
1919,September,13,"['13 Sep 1919', '09/13/1919']"
1966,November,11,"['1966/11/11', '11/11/1966', '1966-11-11', 'November 11th, 1966', '11 Nov 1966', '11-11-1966', '11/11/1966', '11th November, 1966']"
1990,June,3,"['03 Jun 1990', '1990-06-03', '06/03/1990', '03-06-1990', 'June 3rd, 1990', '3rd June, 1990']"
1926,August,22,"['08/22/1926', '22 Aug 1926', 'August 22nd, 1926', '1926-08-22', '22nd August, 1926', '22-08-1926']"
1988,March,23,"['23 Mar 1988', '1988-03-23', '03/23/1988', '1988/03/23', 'March 23rd, 1988', '23rd March, 1988', '23-03-1988']"
2054,September,14,"['September 14th, 2054', '2054/09/14', '14th September, 2054', '14 Sep 2054', '09/14/2054', '2054-09-14']"
1953,July,22,"['07/22/1953', '22-07-1953', '1953/07/22', 'July 22nd, 1953', '22 Jul 1953']"
2083,March,12,"['12 Mar 2083', '2083/03/12']"
2031,March,29,"['2031/03/29', '03/29/2031', '2031-03-29', '29 Mar 2031', '29/03/2031', '29th March, 2031']"
1939,March,24,"['24/03/1939', '1939/03/24', '03/24/1939', 'March 24th, 1939', '24-03-1939']"
2040,November,20,"['20 Nov 2040', '20th November, 2040', '20/11/2040', '2040-11-20', '2040/11/20', '20-11-2040', 'November 20th, 2040', '11/20/2040']"
1958,June,21,"['21st June, 1958', 'June 21st, 1958', '06/21/1958', '1958-06-21', '21-06-1958', '21/06/1958']"
1948,September,17,"['1948-09-17', '17-09-1948', '1948/09/17', 'September 17th, 1948']"
1921,May,24,"['24th May, 1921']"
2006,June,15,"['06/15/2006', '15th June, 2006']"
2014,November,9,"['2014/11/09', '11/09/2014', '2014-11-09', '09 Nov 2014']"
1983,June,15,"['15-06-1983', '15 Jun 1983']"
2033,June,6,"['06 Jun 2033', 'June 6th, 2033', '2033-06-06']"
1979,January,20,"['20/01/1979', '20 Jan 1979']"
1967,October,15,"['15/10/1967', '1967/10/15', '10/15/1967', '15-10-1967', 'October 15th, 1967', '1967-10-15']"
2039,November,28,"['28 Nov 2039', '28/11/2039', '28-11-2039', '2039/11/28', '2039-11-28', 'November 28th, 2039', '11/28/2039', '28th November, 2039']"
1993,October,15,"['15th October, 1993', '10/15/1993', '15-10-1993']"
2062,May,10,"['May 10th, 2062', '2062-05-10', '10/05/2062', '2062/05/10']"
2058,January,22,"['22 Jan 2058', '2058/01/22', '01/22/2058', '2058-01-22']"
1993,December,15,"['15-12-1993', '15 Dec 1993', '1993-12-15', '12/15/1993', '15/12/1993', '15th December, 1993', 'December 15th, 1993', '1993/12/15']"
2016,February,23,"['2016-02-23', 'February 23rd, 2016', '2016/02/23', '23rd February, 2016', '23 Feb 2016', '23/02/2016', '23-02-2016', '02/23/2016']"
1982,July,26,"['1982-07-26', '26 Jul 1982', '26th July, 1982', 'July 26th, 1982', '1982/07/26']"
1960,July,3,"['3rd July, 1960', 'July 3rd, 1960', '03-07-1960', '03/07/1960', '1960/07/03', '07/03/1960', '03 Jul 1960', '1960-07-03']"
1999,February,2,['02/02/1999']
2024,August,3,"['03/08/2024', '2024/08/03', '3rd August, 2024']"
1905,December,24,"['24th December, 1905']"
1905,December,14,"['14th December, 1905', '14/12/1905', '1905-12-14', '14 Dec 1905', '14-12-1905', 'December 14th, 1905', '12/14/1905', '1905/12/14']"
2073,May,13,"['2073-05-13', '2073/05/13', 'May 13th, 2073']"
1976,December,22,"['22 Dec 1976', '12/22/1976', '22/12/1976', '1976-12-22', '22nd December, 1976']"
2077,February,21,"['21/02/2077', '21st February, 2077', '02/21/2077']"
1951,July,15,['15-07-1951']
1931,January,21,['21 Jan 1931']
2020,September,1,"['01/09/2020', '2020/09/01', '09/01/2020', 'September 1st, 2020', '01-09-2020', '01 Sep 2020']"
2097,March,21,"['21-03-2097', '21 Mar 2097', '2097-03-21', '2097/03/21', '21/03/2097']"
1990,March,26,"['1990-03-26', '26 Mar 1990', '1990/03/26', '26th March, 1990', '26-03-1990', '03/26/1990', '26/03/1990']"
1927,October,3,"['3rd October, 1927', '10/03/1927', '1927/10/03', '03-10-1927', 'October 3rd, 1927']"
2064,January,22,"['01/22/2064', '2064-01-22', '22 Jan 2064', '22nd January, 2064', '22-01-2064']"
1977,May,28,"['1977/05/28', '28 May 1977', 'May 28th, 1977', '1977-05-28', '05/28/1977', '28th May, 1977', '28/05/1977', '28-05-1977']"
2010,August,14,"['14 Aug 2010', '14-08-2010', 'August 14th, 2010', '14th August, 2010', '08/14/2010', '2010-08-14', '14/08/2010']"
1922,September,1,"['01/09/1922', '1922-09-01']"
2056,February,15,"['15th February, 2056', '15-02-2056', '2056/02/15', '02/15/2056', '15 Feb 2056', '2056-02-15', 'February 15th, 2056', '15/02/2056']"
1943,July,4,"['04/07/1943', '1943/07/04', '04-07-1943', '1943-07-04', 'July 4th, 1943', '04 Jul 1943']"
2075,May,6,"['06/05/2075', '2075/05/06', '6th May, 2075', '05/06/2075', '06 May 2075']"
1944,February,21,"['February 21st, 1944', '1944/02/21', '1944-02-21', '02/21/1944', '21 Feb 1944', '21/02/1944']"
2081,January,2,"['01/02/2081', '02/01/2081', '02-01-2081', '2081/01/02', 'January 2nd, 2081', '2081-01-02', '2nd January, 2081', '02 Jan 2081']"
1918,July,12,"['12/07/1918', '1918/07/12', 'July 12th, 1918', '12 Jul 1918', '07/12/1918', '12th July, 1918', '12-07-1918', '1918-07-12']"
2029,July,28,"['July 28th, 2029', '28th July, 2029']"
2013,July,12,"['2013/07/12', '12 Jul 2013', 'July 12th, 2013', '12/07/2013', '12th July, 2013']"
1985,June,2,"['June 2nd, 1985', '1985-06-02', '06/02/1985', '02 Jun 1985', '2nd June, 1985', '1985/06/02', '02-06-1985']"
1987,October,17,"['October 17th, 1987']"
1925,December,14,['1925-12-14']
2050,April,17,"['April 17th, 2050', '04/17/2050', '17/04/2050', '17th April, 2050', '2050-04-17', '17 Apr 2050', '2050/04/17', '17-04-2050']"
1968,September,18,"['18th September, 1968', 'September 18th, 1968', '18-09-1968', '09/18/1968', '1968/09/18', '18 Sep 1968']"
2014,November,27,"['27-11-2014', '2014-11-27', 'November 27th, 2014']"
2096,December,18,"['December 18th, 2096', '18th December, 2096', '18/12/2096']"
2035,April,24,"['04/24/2035', 'April 24th, 2035']"
1939,July,4,"['July 4th, 1939']"
1909,December,15,"['15/12/1909', '12/15/1909', '1909-12-15', '15-12-1909', 'December 15th, 1909', '15 Dec 1909', '1909/12/15', '15th December, 1909']"
1990,January,7,"['January 7th, 1990', '1990/01/07', '01/07/1990', '1990-01-07', '7th January, 1990', '07-01-1990']"
2008,January,29,"['January 29th, 2008', '29/01/2008']"
1947,January,12,"['01/12/1947', '12-01-1947', '12/01/1947', '1947/01/12', '12 Jan 1947', 'January 12th, 1947']"
2022,October,17,"['October 17th, 2022', '17/10/2022', '2022-10-17', '17th October, 2022', '17-10-2022', '17 Oct 2022', '10/17/2022']"
1984,July,21,"['21st July, 1984', '21 Jul 1984', '1984/07/21']"
1951,August,9,"['August 9th, 1951', '9th August, 1951', '09 Aug 1951', '09/08/1951', '1951/08/09', '09-08-1951', '1951-08-09']"
2056,September,19,"['09/19/2056', '19/09/2056', '19th September, 2056', 'September 19th, 2056']"
1931,July,12,"['1931/07/12', '12th July, 1931', 'July 12th, 1931', '12-07-1931', '07/12/1931', '12 Jul 1931']"
1968,April,16,"['04/16/1968', '16-04-1968']"
2051,August,7,"['07-08-2051', 'August 7th, 2051', '2051/08/07', '07 Aug 2051', '07/08/2051', '2051-08-07', '08/07/2051', '7th August, 2051']"
2073,August,25,"['25 Aug 2073', '25/08/2073', '25-08-2073', '08/25/2073', '25th August, 2073', 'August 25th, 2073']"
2020,March,17,['2020-03-17']
1921,May,3,"['03 May 1921', '03-05-1921', '1921-05-03']"
2026,October,18,"['2026/10/18', '2026-10-18', 'October 18th, 2026', '10/18/2026']"
2023,March,4,"['04 Mar 2023', '04/03/2023', '04-03-2023', 'March 4th, 2023', '2023-03-04', '03/04/2023', '2023/03/04']"
1992,May,22,"['May 22nd, 1992']"
1989,July,14,['07/14/1989']
1946,March,27,"['27th March, 1946', '27-03-1946', '27 Mar 1946', '1946-03-27']"
1903,January,26,"['1903/01/26', '01/26/1903', '26 Jan 1903', '1903-01-26', '26-01-1903', 'January 26th, 1903', '26/01/1903']"
1922,June,2,['02/06/1922']
2078,July,13,"['13/07/2078', '13th July, 2078', 'July 13th, 2078', '13 Jul 2078', '07/13/2078', '2078/07/13']"
2000,August,28,"['August 28th, 2000', '28 Aug 2000']"
1904,January,7,"['07/01/1904', '1904-01-07', '01/07/1904']"
1995,September,4,"['09/04/1995', '04 Sep 1995', '4th September, 1995', '04-09-1995', '04/09/1995', 'September 4th, 1995']"
1928,June,30,"['30th June, 1928', '06/30/1928', '1928/06/30']"
1961,August,29,"['29 Aug 1961', '29-08-1961', 'August 29th, 1961', '1961/08/29', '1961-08-29', '29/08/1961', '08/29/1961']"
2057,September,18,"['18/09/2057', '2057/09/18', '18 Sep 2057', '18th September, 2057', '09/18/2057', '18-09-2057', '2057-09-18', 'September 18th, 2057']"
2081,March,18,"['March 18th, 2081', '18/03/2081', '18 Mar 2081', '2081/03/18', '18-03-2081', '03/18/2081', '18th March, 2081', '2081-03-18']"
2078,April,13,"['April 13th, 2078', '13th April, 2078', '04/13/2078', '13 Apr 2078', '2078/04/13', '13/04/2078', '13-04-2078', '2078-04-13']"
2097,August,30,"['08/30/2097', 'August 30th, 2097', '30/08/2097', '30 Aug 2097', '2097-08-30', '30th August, 2097', '30-08-2097', '2097/08/30']"
2095,August,1,"['August 1st, 2095', '08/01/2095']"
1988,April,12,"['12-04-1988', '04/12/1988', '12th April, 1988', '12 Apr 1988', '12/04/1988', '1988-04-12', 'April 12th, 1988']"
2076,January,21,"['2076-01-21', '01/21/2076', '21st January, 2076']"
1936,March,30,['30/03/1936']
1929,August,8,"['8th August, 1929', '08-08-1929', '1929-08-08']"
2099,November,21,"['21st November, 2099', '2099/11/21', '21 Nov 2099', '21-11-2099']"
2054,March,29,"['29 Mar 2054', '2054/03/29', '29/03/2054', '03/29/2054']"
1935,June,17,"['1935/06/17', '1935-06-17', '17th June, 1935', '17/06/1935', '17-06-1935']"
1942,September,9,"['1942-09-09', '9th September, 1942', '09-09-1942', '1942/09/09', 'September 9th, 1942', '09/09/1942', '09 Sep 1942', '09/09/1942']"
2012,October,12,"['2012/10/12', 'October 12th, 2012', '12 Oct 2012', '12-10-2012', '12/10/2012', '2012-10-12', '10/12/2012']"
2046,November,9,"['2046-11-09', '2046/11/09']"
1948,May,7,"['1948-05-07', 'May 7th, 1948', '7th May, 1948', '07/05/1948', '1948/05/07', '07 May 1948', '07-05-1948', '05/07/1948']"
2024,April,19,"['19th April, 2024', '04/19/2024', '19-04-2024']"
2042,August,7,"['August 7th, 2042', '07-08-2042']"
2023,June,22,"['22nd June, 2023', '22/06/2023', '2023-06-22', 'June 22nd, 2023', '06/22/2023', '2023/06/22']"
1942,March,18,['18-03-1942']
2035,April,3,"['2035/04/03', '2035-04-03', '03/04/2035', '03 Apr 2035', '3rd April, 2035', '03-04-2035']"
1905,July,10,"['July 10th, 1905', '1905/07/10', '10th July, 1905', '10 Jul 1905', '10/07/1905', '10-07-1905', '07/10/1905', '1905-07-10']"
2017,April,1,"['1st April, 2017', '01/04/2017', '01-04-2017', '04/01/2017', '01 Apr 2017', '2017-04-01']"
1926,October,30,"['10/30/1926', '30/10/1926']"
1956,August,24,"['24-08-1956', '24 Aug 1956', '24/08/1956', '1956/08/24', '08/24/1956']"
2025,December,28,"['28/12/2025', '12/28/2025', 'December 28th, 2025', '2025/12/28', '2025-12-28']"
1992,December,11,"['11/12/1992', '11th December, 1992']"
1991,October,24,"['24/10/1991', 'October 24th, 1991', '24 Oct 1991', '24th October, 1991']"
1918,June,13,"['1918/06/13', '13/06/1918', '1918-06-13', 'June 13th, 1918', '13-06-1918', '13 Jun 1918', '13th June, 1918', '06/13/1918']"
1969,May,9,"['9th May, 1969']"
1957,December,3,"['3rd December, 1957', '03 Dec 1957', '12/03/1957']"
2075,April,5,"['2075/04/05', '05-04-2075', '05/04/2075', '2075-04-05', '04/05/2075', 'April 5th, 2075', '5th April, 2075']"
1916,January,4,"['1916/01/04', '4th January, 1916', 'January 4th, 1916', '04/01/1916', '04 Jan 1916', '04-01-1916']"
2094,November,20,"['November 20th, 2094', '2094-11-20', '2094/11/20', '20 Nov 2094', '20/11/2094']"
2074,September,4,"['04/09/2074', '2074-09-04']"
2094,January,5,"['2094/01/05', 'January 5th, 2094', '05 Jan 2094']"
1925,December,4,"['04/12/1925', '1925/12/04']"
1986,December,27,"['27/12/1986', 'December 27th, 1986', '1986/12/27']"
2088,June,5,"['5th June, 2088', '05-06-2088', '2088-06-05', '05 Jun 2088', '05/06/2088', '06/05/2088', '2088/06/05']"
1957,June,18,"['18-06-1957', '18th June, 1957', '1957/06/18', '1957-06-18', '18 Jun 1957', '06/18/1957']"
2015,July,16,"['2015-07-16', '07/16/2015', '16 Jul 2015', '2015/07/16', '16th July, 2015', '16-07-2015', '16/07/2015', 'July 16th, 2015']"
2021,June,9,"['9th June, 2021', '2021/06/09', '09 Jun 2021', 'June 9th, 2021', '06/09/2021', '2021-06-09']"
2067,February,5,"['2067-02-05', '02/05/2067', '05 Feb 2067', '2067/02/05', '5th February, 2067']"
2016,August,19,['2016-08-19']
2022,February,4,"['02/04/2022', '2022-02-04', '04/02/2022']"
2095,September,18,"['18/09/2095', '18 Sep 2095', '2095-09-18']"
1957,November,18,"['1957/11/18', '18/11/1957', '18-11-1957', '11/18/1957', '18 Nov 1957', 'November 18th, 1957']"
1919,January,4,"['January 4th, 1919', '01/04/1919', '04-01-1919', '04/01/1919', '4th January, 1919', '1919-01-04', '04 Jan 1919', '1919/01/04']"
2093,July,31,"['2093/07/31', 'July 31st, 2093', '31st July, 2093', '07/31/2093', '31/07/2093', '31 Jul 2093', '2093-07-31']"
2031,August,29,"['2031/08/29', '29/08/2031', '29-08-2031']"
1961,October,12,"['October 12th, 1961', '12-10-1961', '10/12/1961', '1961-10-12', '12th October, 1961', '12/10/1961']"
1942,February,28,"['28th February, 1942', '1942-02-28', 'February 28th, 1942', '28/02/1942', '02/28/1942']"
1967,February,20,"['20-02-1967', '1967-02-20', '1967/02/20', '20th February, 1967', '20/02/1967', '02/20/1967']"
1996,July,21,"['21st July, 1996']"
2056,September,25,"['25th September, 2056', 'September 25th, 2056', '25 Sep 2056', '09/25/2056', '25-09-2056', '2056/09/25', '25/09/2056', '2056-09-25']"
1958,March,18,"['March 18th, 1958', '18th March, 1958', '03/18/1958', '1958-03-18', '18 Mar 1958']"
2019,May,28,"['28 May 2019', '28/05/2019']"
2067,September,14,"['14/09/2067', '14th September, 2067', '09/14/2067', '14 Sep 2067', '2067-09-14', '2067/09/14']"
1939,December,9,"['09 Dec 1939', '12/09/1939', 'December 9th, 1939', '09-12-1939', '9th December, 1939', '09/12/1939', '1939-12-09', '1939/12/09']"
1969,March,10,"['10 Mar 1969', '10th March, 1969']"
2023,April,26,"['26/04/2023', 'April 26th, 2023', '26 Apr 2023', '2023/04/26', '26th April, 2023', '26-04-2023']"
1940,December,1,"['01 Dec 1940', 'December 1st, 1940']"
2029,May,23,"['23-05-2029', '23/05/2029', '2029-05-23', 'May 23rd, 2029', '23rd May, 2029', '2029/05/23']"
1941,August,22,['1941/08/22']
2064,May,4,"['4th May, 2064', '04 May 2064', '2064-05-04', '04/05/2064', 'May 4th, 2064', '04-05-2064']"
2081,August,10,"['10 Aug 2081', '10th August, 2081', '10/08/2081', '2081/08/10', '2081-08-10']"
1937,March,7,"['March 7th, 1937', '07/03/1937', '07 Mar 1937', '7th March, 1937']"
2021,November,7,"['7th November, 2021', '07 Nov 2021', '2021/11/07', '2021-11-07', '07/11/2021', '11/07/2021']"
1975,April,19,"['19/04/1975', '04/19/1975', '19th April, 1975', '1975-04-19', 'April 19th, 1975', '19 Apr 1975', '19-04-1975']"
1996,March,19,['1996-03-19']
2002,February,2,"['2nd February, 2002', '2002/02/02', '02-02-2002', '02/02/2002', '02 Feb 2002']"
1903,October,18,"['18-10-1903', '18/10/1903', '1903/10/18', 'October 18th, 1903', '18th October, 1903', '10/18/1903', '18 Oct 1903', '1903-10-18']"
2017,May,30,"['30/05/2017', '30-05-2017', '30 May 2017', '2017/05/30', 'May 30th, 2017', '2017-05-30', '05/30/2017']"
2081,February,8,"['2081-02-08', '08-02-2081', '08 Feb 2081']"
2096,September,25,"['2096/09/25', '25-09-2096', '09/25/2096', '25/09/2096', 'September 25th, 2096']"
1969,February,27,"['27-02-1969', '1969-02-27', '1969/02/27', '27/02/1969', '27th February, 1969', '27 Feb 1969', '02/27/1969', 'February 27th, 1969']"
1949,June,19,"['19 Jun 1949', '19-06-1949', '06/19/1949', '19th June, 1949', '1949-06-19', '1949/06/19', 'June 19th, 1949', '19/06/1949']"
2064,November,11,"['11/11/2064', '11th November, 2064', '11/11/2064', '11-11-2064', 'November 11th, 2064', '11 Nov 2064', '2064/11/11', '2064-11-11']"
2069,August,3,"['03 Aug 2069', '03/08/2069']"
2048,October,1,"['October 1st, 2048']"
2062,October,9,"['October 9th, 2062', '09 Oct 2062']"
2071,November,17,['2071-11-17']
2045,July,13,"['2045-07-13', '13th July, 2045', '13 Jul 2045']"
1920,April,27,"['1920-04-27', '27/04/1920', '04/27/1920', '1920/04/27', '27th April, 1920', '27-04-1920', 'April 27th, 1920', '27 Apr 1920']"
2019,November,12,"['2019/11/12', '12 Nov 2019', '12/11/2019', '2019-11-12', '12th November, 2019', '12-11-2019', 'November 12th, 2019', '11/12/2019']"
2018,December,24,"['2018-12-24', '24 Dec 2018', '24th December, 2018', 'December 24th, 2018', '24-12-2018', '12/24/2018', '2018/12/24', '24/12/2018']"
1979,May,29,"['29th May, 1979', '1979/05/29']"
2052,October,25,"['10/25/2052', '25/10/2052', '25-10-2052', '2052/10/25', '2052-10-25', '25 Oct 2052', '25th October, 2052', 'October 25th, 2052']"
2061,June,5,"['06/05/2061', 'June 5th, 2061', '05 Jun 2061', '05/06/2061', '2061-06-05', '2061/06/05', '5th June, 2061', '05-06-2061']"
1920,March,28,"['1920/03/28', '28/03/1920', '28-03-1920']"
1965,March,25,"['1965-03-25', '25 Mar 1965']"
1922,September,7,['07 Sep 1922']
1953,December,16,"['16/12/1953', '16 Dec 1953', '16th December, 1953', '12/16/1953', 'December 16th, 1953', '16-12-1953', '1953/12/16', '1953-12-16']"
1974,May,30,"['30 May 1974', '30/05/1974', '05/30/1974', 'May 30th, 1974', '30-05-1974', '1974-05-30']"
2069,June,13,"['2069/06/13', '13-06-2069', '06/13/2069', '13/06/2069', '2069-06-13', '13 Jun 2069', 'June 13th, 2069', '13th June, 2069']"
2053,July,8,"['07/08/2053', '08 Jul 2053', '08/07/2053', '2053-07-08', '2053/07/08', 'July 8th, 2053']"
1981,August,12,['12-08-1981']
2092,May,15,"['05/15/2092', 'May 15th, 2092', '15 May 2092', '15th May, 2092']"
2059,November,3,"['11/03/2059', '2059-11-03', 'November 3rd, 2059', '03 Nov 2059', '03/11/2059', '03-11-2059', '3rd November, 2059']"
2044,August,6,"['06 Aug 2044', '06/08/2044', '08/06/2044', '6th August, 2044', '2044-08-06', '06-08-2044']"
2089,August,8,"['8th August, 2089', '2089-08-08', '08/08/2089', '2089/08/08', 'August 8th, 2089', '08/08/2089']"
2090,October,2,"['October 2nd, 2090', '2090-10-02', '02/10/2090', '10/02/2090']"
1913,May,23,"['1913-05-23', '23 May 1913', '23/05/1913', '23-05-1913', '1913/05/23']"
2086,April,17,"['17/04/2086', '2086/04/17', '17 Apr 2086', '2086-04-17']"
1980,May,24,['1980/05/24']
2042,August,29,"['29 Aug 2042', '29/08/2042', '2042/08/29', '29-08-2042', '08/29/2042', 'August 29th, 2042', '2042-08-29']"
2097,March,29,"['2097/03/29', '2097-03-29', '29-03-2097', '03/29/2097', '29th March, 2097', '29 Mar 2097', '29/03/2097']"
2067,December,6,"['December 6th, 2067', '06-12-2067', '06/12/2067', '2067/12/06', '12/06/2067', '06 Dec 2067', '2067-12-06']"
2050,October,3,"['10/03/2050', 'October 3rd, 2050']"
2082,February,17,"['2082/02/17', '17 Feb 2082', 'February 17th, 2082', '02/17/2082']"
1915,June,20,"['20/06/1915', '06/20/1915', '20th June, 1915', '20-06-1915', '1915/06/20', '1915-06-20']"
1964,April,4,"['April 4th, 1964', '4th April, 1964', '04/04/1964', '04 Apr 1964']"
2096,April,16,"['16th April, 2096', '2096/04/16', '16/04/2096', 'April 16th, 2096', '16-04-2096', '16 Apr 2096']"
1968,April,3,"['April 3rd, 1968', '1968-04-03', '03-04-1968', '03 Apr 1968', '04/03/1968', '03/04/1968', '3rd April, 1968', '1968/04/03']"
1972,April,23,"['23 Apr 1972', '04/23/1972', '1972/04/23', '1972-04-23', '23/04/1972', 'April 23rd, 1972', '23-04-1972']"
2045,May,9,"['2045-05-09', '09-05-2045', '09 May 2045', '9th May, 2045', '09/05/2045', 'May 9th, 2045', '05/09/2045']"
2039,May,27,"['27-05-2039', '2039-05-27', '05/27/2039']"
2057,September,30,"['September 30th, 2057', '30-09-2057']"
1961,August,22,"['1961-08-22', 'August 22nd, 1961', '1961/08/22', '22/08/1961', '22-08-1961', '08/22/1961', '22nd August, 1961', '22 Aug 1961']"
1963,May,28,"['28 May 1963', '1963-05-28', 'May 28th, 1963', '28-05-1963', '1963/05/28']"
1947,November,19,"['November 19th, 1947', '11/19/1947', '19/11/1947', '1947-11-19', '1947/11/19', '19-11-1947', '19th November, 1947', '19 Nov 1947']"
2044,November,20,"['2044/11/20', '2044-11-20', '20-11-2044', '11/20/2044', '20 Nov 2044']"
1917,March,25,"['25th March, 1917', '25 Mar 1917', '03/25/1917', '1917-03-25', 'March 25th, 1917']"
2009,September,10,"['10 Sep 2009', '10th September, 2009', '2009/09/10']"
1948,January,26,"['26th January, 1948', '26 Jan 1948', 'January 26th, 1948', '26/01/1948', '1948-01-26']"
1945,December,4,"['12/04/1945', '1945/12/04', '1945-12-04', '04 Dec 1945']"
2032,January,5,"['2032-01-05', '2032/01/05', '05-01-2032', '05 Jan 2032', '01/05/2032', '5th January, 2032']"
1937,May,30,"['30th May, 1937']"
1936,January,16,"['16th January, 1936', '16 Jan 1936', '16/01/1936', '16-01-1936', '1936-01-16']"
1908,February,1,"['01 Feb 1908', '1908-02-01', '01-02-1908', '1st February, 1908']"
2054,March,30,"['2054-03-30', '30-03-2054', '30 Mar 2054', '30/03/2054']"
2050,January,6,"['January 6th, 2050']"
1977,January,23,"['January 23rd, 1977']"
1910,November,19,"['19/11/1910', '19th November, 1910', '19 Nov 1910', '1910-11-19', 'November 19th, 1910', '11/19/1910']"
2033,July,14,"['2033-07-14', 'July 14th, 2033', '07/14/2033', '14th July, 2033', '14-07-2033', '2033/07/14']"
2028,June,17,"['2028-06-17', '17/06/2028', '17 Jun 2028', 'June 17th, 2028', '2028/06/17', '06/17/2028']"
1908,September,28,"['September 28th, 1908']"
2034,December,15,"['15th December, 2034']"
1990,June,11,"['1990/06/11', '11th June, 1990', '11 Jun 1990', '1990-06-11']"
2006,January,24,['24/01/2006']
1949,June,14,"['June 14th, 1949']"
1957,December,30,"['1957-12-30', '30-12-1957', '30th December, 1957', 'December 30th, 1957', '30 Dec 1957']"
1937,July,21,"['21/07/1937', '21st July, 1937', '21 Jul 1937', '1937-07-21', 'July 21st, 1937', '21-07-1937']"
1937,August,7,"['07 Aug 1937', '07-08-1937', 'August 7th, 1937', '07/08/1937', '08/07/1937', '1937/08/07', '7th August, 1937', '1937-08-07']"
1919,March,20,"['20/03/1919', '20th March, 1919', '03/20/1919', '1919-03-20']"
1924,May,26,"['May 26th, 1924', '26 May 1924', '26th May, 1924', '1924/05/26', '26-05-1924', '26/05/1924', '05/26/1924']"
1955,September,13,"['13/09/1955', '13-09-1955', '13 Sep 1955', '1955/09/13', '13th September, 1955', 'September 13th, 1955', '09/13/1955', '1955-09-13']"
1964,September,1,"['01/09/1964', 'September 1st, 1964', '09/01/1964']"
1959,September,8,"['8th September, 1959', '08-09-1959', 'September 8th, 1959', '08/09/1959', '08 Sep 1959']"
1952,January,10,"['10/01/1952', '10 Jan 1952', '10th January, 1952', '1952/01/10', '10-01-1952', '01/10/1952', 'January 10th, 1952']"
2048,April,22,"['22 Apr 2048', '04/22/2048', '2048/04/22', '22nd April, 2048', '22-04-2048']"
1960,September,23,['09/23/1960']
2076,June,30,['2076/06/30']
2023,August,5,"['05/08/2023', '2023-08-05', '08/05/2023', '05 Aug 2023', 'August 5th, 2023', '05-08-2023', '2023/08/05', '5th August, 2023']"
2093,March,11,"['2093/03/11', 'March 11th, 2093', '11-03-2093', '11th March, 2093', '2093-03-11']"
1941,November,8,"['8th November, 1941']"
1987,November,21,"['1987/11/21', '11/21/1987', '21/11/1987', '21-11-1987', '21 Nov 1987', '1987-11-21', '21st November, 1987', 'November 21st, 1987']"
2026,November,26,"['2026/11/26', '2026-11-26', '26 Nov 2026', '26-11-2026', 'November 26th, 2026', '11/26/2026', '26/11/2026', '26th November, 2026']"
1959,October,30,"['30/10/1959', '1959-10-30', 'October 30th, 1959']"
1960,January,31,"['01/31/1960', '1960/01/31', '31/01/1960', '31st January, 1960', 'January 31st, 1960', '31-01-1960', '31 Jan 1960']"
2090,March,1,['01-03-2090']
1939,August,22,"['1939/08/22', '22-08-1939']"
1997,November,28,"['28-11-1997', '1997-11-28']"
1970,August,28,"['1970-08-28', '08/28/1970', '28-08-1970']"
2026,December,20,"['2026-12-20', '20th December, 2026', '2026/12/20', '20/12/2026', 'December 20th, 2026', '20-12-2026', '20 Dec 2026', '12/20/2026']"
1959,June,20,"['06/20/1959', '20-06-1959', '20th June, 1959']"
2026,November,23,['23-11-2026']
2027,May,8,['05/08/2027']
2046,February,20,"['02/20/2046', '20 Feb 2046', 'February 20th, 2046', '2046/02/20', '20-02-2046']"
2071,April,14,['14 Apr 2071']
2094,January,13,"['2094-01-13', '13th January, 2094', '13 Jan 2094', '2094/01/13']"
1923,February,5,"['1923-02-05', '1923/02/05', 'February 5th, 1923', '05/02/1923', '05-02-1923', '02/05/1923', '5th February, 1923', '05 Feb 1923']"
1902,May,17,"['17th May, 1902', '1902-05-17', '17/05/1902', 'May 17th, 1902', '1902/05/17']"
2012,March,25,"['25 Mar 2012', '25-03-2012', '03/25/2012', '2012-03-25', '25/03/2012', 'March 25th, 2012', '2012/03/25']"
2067,March,18,"['2067-03-18', '18 Mar 2067', '18-03-2067', '03/18/2067']"
2006,December,6,['2006-12-06']
2074,September,15,['2074-09-15']
2052,July,1,"['01 Jul 2052', '01/07/2052', '2052/07/01', '1st July, 2052', '07/01/2052', '01-07-2052', '2052-07-01']"
1936,October,22,"['22/10/1936', '22-10-1936', '22 Oct 1936', 'October 22nd, 1936', '10/22/1936', '22nd October, 1936', '1936/10/22']"
1933,September,9,"['1933-09-09', '09-09-1933', '09/09/1933', '09 Sep 1933', '9th September, 1933']"
1937,August,1,"['1st August, 1937', '08/01/1937', '01/08/1937', '01-08-1937', 'August 1st, 1937', '01 Aug 1937', '1937/08/01']"
1998,May,2,"['1998-05-02', '1998/05/02', '2nd May, 1998', '02/05/1998', '02 May 1998', 'May 2nd, 1998', '02-05-1998']"
2059,July,4,"['4th July, 2059', '2059-07-04', 'July 4th, 2059', '07/04/2059', '2059/07/04', '04/07/2059']"
1934,April,6,"['06/04/1934', '06-04-1934', '1934/04/06', '04/06/1934', '6th April, 1934', 'April 6th, 1934']"
2024,October,23,['2024/10/23']
2087,August,12,['12-08-2087']
2032,February,19,['19/02/2032']
1988,December,12,['12/12/1988']
1973,April,5,"['05 Apr 1973', '5th April, 1973', '05/04/1973']"
1960,April,11,"['11-04-1960', '04/11/1960', '11/04/1960', '1960-04-11', '11 Apr 1960']"
1989,December,26,"['12/26/1989', '26 Dec 1989', 'December 26th, 1989']"
2036,August,28,"['2036/08/28', 'August 28th, 2036', '28/08/2036', '28 Aug 2036', '28-08-2036']"
1968,October,13,"['1968-10-13', '13 Oct 1968', 'October 13th, 1968']"
1940,September,23,"['1940-09-23', '09/23/1940', '23rd September, 1940', '23/09/1940']"
2015,December,10,"['10th December, 2015', '12/10/2015']"
2045,April,17,"['2045/04/17', '17/04/2045', '17 Apr 2045', '17-04-2045', 'April 17th, 2045', '2045-04-17', '04/17/2045', '17th April, 2045']"
2099,April,20,"['2099/04/20', '04/20/2099', 'April 20th, 2099']"
2044,July,14,"['14/07/2044', '14 Jul 2044', '07/14/2044', 'July 14th, 2044', '14-07-2044']"
1954,April,14,"['14/04/1954', '1954-04-14', '14-04-1954']"
1918,January,18,"['1918/01/18', '1918-01-18', 'January 18th, 1918']"
1995,February,2,"['2nd February, 1995', 'February 2nd, 1995', '02-02-1995', '02/02/1995']"
1958,August,9,['08/09/1958']
2042,July,22,"['22-07-2042', '2042-07-22', '2042/07/22']"
2051,September,19,"['September 19th, 2051']"
1965,September,17,['1965/09/17']
1910,February,17,"['1910/02/17', '17-02-1910']"
1993,February,20,"['February 20th, 1993', '1993-02-20']"
2035,July,15,"['15th July, 2035', '15/07/2035', '2035/07/15']"
2017,February,12,"['12 Feb 2017', '12/02/2017', '12-02-2017']"
2047,March,29,"['29 Mar 2047', '29/03/2047', '03/29/2047', '29th March, 2047', '2047-03-29']"
2060,December,3,"['2060/12/03', '03-12-2060', '03/12/2060', '12/03/2060']"
1947,June,9,"['09/06/1947', '1947/06/09', '9th June, 1947', '1947-06-09', '09-06-1947', '06/09/1947', '09 Jun 1947', 'June 9th, 1947']"
2059,July,20,"['20/07/2059', '2059-07-20']"
1992,August,9,"['08/09/1992', '9th August, 1992', '09-08-1992', '09 Aug 1992', '1992/08/09']"
2001,December,2,"['02 Dec 2001', 'December 2nd, 2001', '2nd December, 2001', '02/12/2001', '02-12-2001', '2001-12-02', '12/02/2001', '2001/12/02']"
1932,March,20,"['20/03/1932', '1932-03-20', '20-03-1932']"
1921,November,3,"['03/11/1921', '11/03/1921', '03-11-1921', '3rd November, 1921', '1921/11/03', '03 Nov 1921']"
2025,May,3,"['03-05-2025', '03 May 2025', '03/05/2025', 'May 3rd, 2025', '05/03/2025']"
2000,May,9,"['09/05/2000', '2000/05/09', '2000-05-09']"
2010,August,25,"['08/25/2010', 'August 25th, 2010', '2010-08-25', '2010/08/25', '25th August, 2010', '25/08/2010', '25-08-2010']"
2038,March,13,"['13th March, 2038']"
2076,November,8,"['08-11-2076', '08 Nov 2076', '2076-11-08', '08/11/2076', '8th November, 2076', '11/08/2076']"
2047,September,27,"['27th September, 2047', '27 Sep 2047', 'September 27th, 2047', '27/09/2047', '2047-09-27']"
2081,May,14,"['14th May, 2081', 'May 14th, 2081', '14/05/2081']"
2079,November,6,"['06-11-2079', '2079/11/06', '11/06/2079', '6th November, 2079', '06/11/2079']"
2029,February,20,"['February 20th, 2029', '2029/02/20', '20 Feb 2029', '20/02/2029', '20-02-2029', '2029-02-20', '20th February, 2029']"
1922,March,25,"['25th March, 1922', '25/03/1922', '1922-03-25', '1922/03/25', '25 Mar 1922']"
1965,November,17,"['11/17/1965', '17 Nov 1965', '1965/11/17', 'November 17th, 1965', '17/11/1965', '1965-11-17']"
1902,November,22,"['11/22/1902', '22-11-1902', 'November 22nd, 1902', '22 Nov 1902', '1902-11-22', '22/11/1902', '22nd November, 1902']"
1940,July,8,"['08 Jul 1940', '1940/07/08', '08-07-1940', '08/07/1940']"
2027,November,7,"['07/11/2027', 'November 7th, 2027', '2027/11/07', '11/07/2027', '07-11-2027', '2027-11-07', '7th November, 2027', '07 Nov 2027']"
1901,September,9,"['1901-09-09', '9th September, 1901', '09/09/1901']"
2085,August,21,"['21/08/2085', '2085-08-21', '21st August, 2085', '08/21/2085', '21-08-2085', '21 Aug 2085']"
2094,December,16,"['2094/12/16', '12/16/2094', '16-12-2094', '16th December, 2094', '2094-12-16', '16 Dec 2094', '16/12/2094']"
1950,December,24,"['24/12/1950', '24th December, 1950', '24 Dec 1950']"
1903,November,30,"['1903/11/30', '30-11-1903']"
2086,February,19,"['02/19/2086', '19/02/2086', '19th February, 2086', '19 Feb 2086', '2086/02/19']"
1996,January,10,['10 Jan 1996']
1980,January,16,"['1980-01-16', '01/16/1980']"
1901,November,18,"['1901-11-18', 'November 18th, 1901', '18 Nov 1901']"
2018,November,29,"['29-11-2018', 'November 29th, 2018', '2018-11-29', '11/29/2018', '2018/11/29']"
2020,December,10,"['10th December, 2020', '10/12/2020']"
2037,July,22,['22/07/2037']
2031,July,29,"['2031/07/29', '29-07-2031']"
2064,January,5,"['2064-01-05', '2064/01/05', '05/01/2064', '5th January, 2064', '05-01-2064', 'January 5th, 2064', '05 Jan 2064', '01/05/2064']"
1986,June,11,"['1986-06-11', '11-06-1986', '11 Jun 1986', 'June 11th, 1986', '1986/06/11']"
2047,March,3,"['2047/03/03', '2047-03-03', '03-03-2047']"
1918,September,26,"['26 Sep 1918', '26/09/1918', '1918/09/26', '26-09-1918', '09/26/1918', '26th September, 1918']"
1900,December,11,"['December 11th, 1900']"
1975,January,18,"['January 18th, 1975', '1975/01/18']"
2056,January,21,"['21-01-2056', '2056-01-21', '2056/01/21', '01/21/2056', '21st January, 2056', '21/01/2056']"
2005,October,10,"['10-10-2005', '10th October, 2005']"
1928,October,8,"['10/08/1928', '8th October, 1928', '1928-10-08', 'October 8th, 1928', '08-10-1928', '08/10/1928']"
2071,January,20,['20 Jan 2071']
2071,May,14,"['2071-05-14', '2071/05/14', '14-05-2071', '14 May 2071', '14th May, 2071', '14/05/2071']"
1947,June,29,"['June 29th, 1947', '29-06-1947', '29th June, 1947', '1947/06/29', '06/29/1947', '29 Jun 1947']"
2099,February,19,"['19 Feb 2099', '02/19/2099']"
1968,November,11,"['November 11th, 1968', '1968-11-11']"
2070,February,28,"['2070/02/28', '28th February, 2070', '02/28/2070', '28 Feb 2070']"
2042,April,8,"['April 8th, 2042', '08 Apr 2042', '8th April, 2042', '04/08/2042', '08-04-2042', '2042/04/08', '2042-04-08']"
1927,June,13,"['13/06/1927', '13 Jun 1927']"
1984,February,24,"['February 24th, 1984', '02/24/1984', '24-02-1984', '1984/02/24', '1984-02-24', '24/02/1984']"
1955,June,27,"['06/27/1955', '27-06-1955', '27 Jun 1955', '27th June, 1955']"
1947,October,25,"['25 Oct 1947', '25/10/1947', '25th October, 1947']"
1955,May,9,"['1955-05-09', '9th May, 1955', '09-05-1955', '05/09/1955', 'May 9th, 1955', '09 May 1955', '09/05/1955']"
2070,April,11,"['04/11/2070', '2070/04/11', 'April 11th, 2070', '11 Apr 2070']"
2007,October,25,"['25 Oct 2007', '10/25/2007', '25-10-2007', 'October 25th, 2007', '25/10/2007', '2007/10/25']"
2099,July,12,"['2099-07-12', 'July 12th, 2099', '12 Jul 2099', '12-07-2099', '12th July, 2099', '07/12/2099', '12/07/2099', '2099/07/12']"
2089,August,25,"['25 Aug 2089', '2089-08-25', '25-08-2089', '25th August, 2089', '2089/08/25']"
1966,June,24,"['24/06/1966', '24-06-1966', '1966/06/24']"
2047,December,11,['12/11/2047']
2035,March,13,"['13-03-2035', '2035/03/13', '2035-03-13']"
2085,December,12,"['12th December, 2085', 'December 12th, 2085', '12-12-2085', '12/12/2085', '2085-12-12', '12 Dec 2085']"
2038,April,27,"['2038-04-27', '04/27/2038', '27 Apr 2038', '2038/04/27']"
2024,October,7,"['2024-10-07', '07-10-2024', 'October 7th, 2024', '07 Oct 2024', '07/10/2024', '7th October, 2024']"
1908,February,23,"['23rd February, 1908', 'February 23rd, 1908', '02/23/1908', '23 Feb 1908', '1908/02/23']"
2083,January,26,"['January 26th, 2083']"
2060,August,19,"['2060/08/19', '19/08/2060', '08/19/2060']"
1967,January,31,"['January 31st, 1967', '31-01-1967', '31 Jan 1967', '31/01/1967']"
1967,April,8,"['08 Apr 1967', '08/04/1967', '1967/04/08']"
1995,October,18,"['18/10/1995', 'October 18th, 1995', '1995/10/18', '10/18/1995']"
2083,March,1,"['01/03/2083', 'March 1st, 2083', '01 Mar 2083']"
1930,December,4,['1930/12/04']
1939,January,26,['26/01/1939']
2065,April,5,"['05 Apr 2065', '05/04/2065', '04/05/2065', '5th April, 2065', '2065-04-05', 'April 5th, 2065', '2065/04/05']"
2063,January,6,"['06/01/2063', '06 Jan 2063', '06-01-2063']"
2043,May,8,"['2043-05-08', 'May 8th, 2043', '05/08/2043']"
1968,May,27,"['05/27/1968', '27th May, 1968']"
1931,September,3,"['03/09/1931', 'September 3rd, 1931', '3rd September, 1931', '1931/09/03', '03 Sep 1931', '09/03/1931']"
1959,May,16,"['16 May 1959', '16-05-1959', '16/05/1959', 'May 16th, 1959', '16th May, 1959', '1959-05-16']"
2098,December,5,"['December 5th, 2098', '2098-12-05', '05 Dec 2098', '12/05/2098']"
2088,March,2,"['02/03/2088', '03/02/2088', '2088-03-02', 'March 2nd, 2088']"
1989,January,9,"['09/01/1989', 'January 9th, 1989']"
2014,September,13,"['13th September, 2014', '09/13/2014', '13-09-2014', '2014-09-13']"
1912,October,8,"['10/08/1912', '8th October, 1912']"
1950,September,5,['05/09/1950']
1958,December,30,"['1958-12-30', '30/12/1958', 'December 30th, 1958', '30-12-1958', '30 Dec 1958', '12/30/1958', '1958/12/30', '30th December, 1958']"
2041,January,10,"['10th January, 2041', '10 Jan 2041']"
1959,October,6,"['1959/10/06', 'October 6th, 1959', '06/10/1959', '06-10-1959', '1959-10-06']"
2013,August,23,"['23rd August, 2013', '2013/08/23', '23 Aug 2013', '2013-08-23', '23-08-2013', '08/23/2013', '23/08/2013', 'August 23rd, 2013']"
1928,February,7,['02/07/1928']
2038,March,1,"['03/01/2038', '2038-03-01', 'March 1st, 2038', '2038/03/01', '01 Mar 2038', '01/03/2038']"
2037,February,19,['19/02/2037']
2017,April,11,"['11 Apr 2017', '2017-04-11']"
2028,June,19,"['19-06-2028', 'June 19th, 2028', '19 Jun 2028', '06/19/2028', '2028-06-19', '19/06/2028', '19th June, 2028']"
1938,August,26,"['08/26/1938', '26 Aug 1938', '1938-08-26', 'August 26th, 1938', '26/08/1938', '1938/08/26']"
2044,August,10,['2044-08-10']
2049,December,6,"['2049-12-06', '06 Dec 2049', '6th December, 2049', '12/06/2049', 'December 6th, 2049']"
1962,September,12,"['1962-09-12', '12 Sep 1962', '12-09-1962', '1962/09/12', '09/12/1962', 'September 12th, 1962', '12th September, 1962']"
2044,September,17,"['17th September, 2044', 'September 17th, 2044', '2044-09-17', '17 Sep 2044']"
2081,July,29,"['July 29th, 2081', '29/07/2081', '2081-07-29', '07/29/2081', '29th July, 2081', '29 Jul 2081']"
1988,December,23,"['12/23/1988', '1988/12/23', 'December 23rd, 1988', '1988-12-23', '23rd December, 1988', '23/12/1988', '23-12-1988']"
2084,September,20,"['20 Sep 2084', '20th September, 2084']"
1933,January,4,['04/01/1933']
2044,March,20,"['03/20/2044', '20 Mar 2044', '2044-03-20', '20/03/2044', '20-03-2044', '20th March, 2044']"
1976,September,19,"['19-09-1976', '19th September, 1976', '19/09/1976', '1976/09/19', '1976-09-19', '09/19/1976', '19 Sep 1976', 'September 19th, 1976']"
1996,August,24,"['08/24/1996', '24-08-1996', '24th August, 1996']"
1966,September,27,"['27th September, 1966', '1966/09/27', '27/09/1966', 'September 27th, 1966', '1966-09-27', '09/27/1966']"
2029,August,26,"['26/08/2029', '26-08-2029', '26th August, 2029', '2029-08-26']"
1936,December,2,"['12/02/1936', '02 Dec 1936', '2nd December, 1936', '1936-12-02', '1936/12/02']"
2067,January,9,"['09 Jan 2067', '09/01/2067', '09-01-2067']"
1933,October,8,"['October 8th, 1933', '08/10/1933', '1933/10/08', '10/08/1933', '08-10-1933', '08 Oct 1933', '1933-10-08', '8th October, 1933']"
1903,February,1,"['01/02/1903', 'February 1st, 1903', '02/01/1903', '1903-02-01', '1903/02/01', '01-02-1903', '1st February, 1903']"
1991,June,2,"['2nd June, 1991', '02-06-1991', '1991/06/02', '06/02/1991']"
1916,September,11,"['11-09-1916', '1916-09-11', '09/11/1916']"
1903,May,22,"['22nd May, 1903', '22-05-1903', '22 May 1903', '1903/05/22', '22/05/1903']"
2003,October,15,"['2003/10/15', '15/10/2003', '2003-10-15', '10/15/2003']"
1916,December,7,"['07-12-1916', '12/07/1916', '1916/12/07', '7th December, 1916']"
1953,October,12,"['12 Oct 1953', '1953-10-12', '12/10/1953']"
2077,September,26,"['September 26th, 2077', '26 Sep 2077', '26th September, 2077', '2077-09-26']"
2076,February,23,"['23rd February, 2076', '2076-02-23', '2076/02/23']"
1948,January,30,"['January 30th, 1948', '01/30/1948']"
1917,March,2,"['02-03-1917', '02 Mar 1917', 'March 2nd, 1917', '1917-03-02', '2nd March, 1917']"
2078,July,20,"['20th July, 2078', '20 Jul 2078']"
1958,January,2,"['2nd January, 1958', '1958/01/02']"
2056,December,24,"['24-12-2056', '24/12/2056']"
2021,August,17,"['08/17/2021', '17/08/2021', '2021-08-17', '2021/08/17', '17th August, 2021', '17-08-2021', 'August 17th, 2021', '17 Aug 2021']"
2054,October,7,"['2054-10-07', '07/10/2054', '7th October, 2054', '2054/10/07', '07-10-2054']"
2074,September,30,"['September 30th, 2074', '09/30/2074', '30th September, 2074', '30-09-2074']"
2017,April,9,"['04/09/2017', 'April 9th, 2017', '09-04-2017', '9th April, 2017', '2017-04-09', '2017/04/09', '09 Apr 2017', '09/04/2017']"
1911,December,13,"['13 Dec 1911', 'December 13th, 1911', '13/12/1911', '1911/12/13']"
1998,November,12,"['12th November, 1998', 'November 12th, 1998', '11/12/1998', '1998/11/12', '1998-11-12', '12 Nov 1998', '12/11/1998']"
1953,July,26,"['26 Jul 1953', '07/26/1953', '1953-07-26', 'July 26th, 1953']"
1965,November,19,"['November 19th, 1965', '19-11-1965', '1965-11-19', '19 Nov 1965', '11/19/1965', '19/11/1965', '19th November, 1965', '1965/11/19']"
1921,December,2,"['02-12-1921', 'December 2nd, 1921', '02 Dec 1921', '02/12/1921']"
2043,January,1,"['1st January, 2043', '2043-01-01', '01/01/2043', '2043/01/01']"
2015,February,7,"['2015/02/07', 'February 7th, 2015', '07/02/2015']"
1916,December,31,"['1916/12/31', '31st December, 1916', 'December 31st, 1916', '12/31/1916', '31 Dec 1916']"
1970,March,1,"['01-03-1970', '01/03/1970', '03/01/1970', '1970/03/01', 'March 1st, 1970']"
1983,July,27,"['1983/07/27', '1983-07-27', '27-07-1983', '27th July, 1983', '27/07/1983', '07/27/1983']"
2080,July,24,"['24 Jul 2080', '24/07/2080', '24-07-2080', '24th July, 2080', '2080/07/24']"
1996,July,15,"['15 Jul 1996', '1996/07/15', '15/07/1996', 'July 15th, 1996', '1996-07-15', '15-07-1996']"
1972,February,25,['25/02/1972']
2003,June,27,"['June 27th, 2003', '27th June, 2003', '27-06-2003', '27 Jun 2003']"
1944,February,10,"['1944-02-10', '10/02/1944', 'February 10th, 1944', '02/10/1944', '10 Feb 1944', '10th February, 1944', '1944/02/10']"
2051,January,3,"['3rd January, 2051', '01/03/2051']"
1935,September,14,"['14th September, 1935', '14 Sep 1935', '1935/09/14', 'September 14th, 1935', '09/14/1935', '14/09/1935', '1935-09-14', '14-09-1935']"
1951,July,12,"['1951-07-12', '1951/07/12']"
1976,September,5,"['5th September, 1976']"
1981,January,27,"['01/27/1981', 'January 27th, 1981', '27-01-1981']"
2042,February,3,"['2042-02-03', '03 Feb 2042', 'February 3rd, 2042', '03-02-2042', '2042/02/03', '03/02/2042', '3rd February, 2042', '02/03/2042']"
1911,April,18,"['1911/04/18', '18th April, 1911', '04/18/1911', '1911-04-18']"
1984,December,11,['1984-12-11']
1960,October,1,"['01-10-1960', '1960/10/01', '01/10/1960', '1st October, 1960']"
2082,February,21,"['21st February, 2082', '21 Feb 2082', 'February 21st, 2082', '02/21/2082', '21-02-2082']"
2097,June,19,"['06/19/2097', '2097-06-19', '19th June, 2097']"
2094,July,21,['21 Jul 2094']
2066,April,28,"['28-04-2066', '2066-04-28', '04/28/2066', '2066/04/28', '28/04/2066', '28th April, 2066', '28 Apr 2066', 'April 28th, 2066']"
2067,February,14,"['02/14/2067', '14-02-2067', '14th February, 2067', 'February 14th, 2067', '2067/02/14', '14/02/2067']"
1903,March,6,['1903-03-06']
2038,June,3,['06/03/2038']
1973,September,20,"['1973/09/20', '1973-09-20', '20th September, 1973', 'September 20th, 1973', '09/20/1973', '20/09/1973', '20-09-1973', '20 Sep 1973']"
2079,December,26,['2079/12/26']
2006,December,27,"['2006/12/27', '27th December, 2006', 'December 27th, 2006', '12/27/2006', '2006-12-27']"
2040,April,24,"['24th April, 2040', '04/24/2040', '24/04/2040', '2040/04/24', '24 Apr 2040', 'April 24th, 2040']"
1911,January,28,"['28-01-1911', '01/28/1911', '28/01/1911', '1911/01/28', '1911-01-28', '28th January, 1911']"
2009,June,25,"['2009-06-25', '25-06-2009', 'June 25th, 2009', '2009/06/25', '25 Jun 2009', '25th June, 2009', '06/25/2009', '25/06/2009']"
2003,July,25,"['July 25th, 2003', '07/25/2003', '25-07-2003', '2003-07-25']"
1997,November,8,"['11/08/1997', 'November 8th, 1997', '1997/11/08', '08-11-1997', '08 Nov 1997', '08/11/1997', '8th November, 1997']"
2027,July,11,"['11 Jul 2027', '2027/07/11', '2027-07-11', '07/11/2027']"
2053,August,9,"['09 Aug 2053', '9th August, 2053', '09-08-2053', '09/08/2053', '2053-08-09', 'August 9th, 2053', '08/09/2053', '2053/08/09']"
1913,September,13,"['13-09-1913', '13/09/1913', '1913/09/13', 'September 13th, 1913']"
1911,December,3,"['1911/12/03', '03/12/1911']"
1923,April,12,"['04/12/1923', '12/04/1923', '1923-04-12', '12-04-1923', '1923/04/12']"
1947,August,30,"['August 30th, 1947']"
1980,December,29,"['29-12-1980', '1980-12-29', '12/29/1980', '29 Dec 1980', '29/12/1980', '1980/12/29', 'December 29th, 1980', '29th December, 1980']"
1957,June,13,"['13-06-1957', '06/13/1957', '13th June, 1957']"
2069,August,26,"['26/08/2069', '26th August, 2069', '08/26/2069', 'August 26th, 2069']"
2089,March,21,"['21st March, 2089', '21 Mar 2089', '21/03/2089', '21-03-2089']"
2075,December,18,"['18/12/2075', '2075/12/18', '18th December, 2075', '2075-12-18']"
1936,November,30,['1936-11-30']
1908,December,7,"['12/07/1908', '1908-12-07', '07 Dec 1908', '07-12-1908', '1908/12/07', '7th December, 1908', 'December 7th, 1908']"
1978,April,11,"['1978-04-11', '11-04-1978', '04/11/1978', '11th April, 1978']"
2063,September,3,"['09/03/2063', '03-09-2063', '03 Sep 2063', '2063/09/03', '03/09/2063', '2063-09-03', '3rd September, 2063', 'September 3rd, 2063']"
2044,December,19,"['19 Dec 2044', '19-12-2044', 'December 19th, 2044', '2044/12/19', '19th December, 2044', '19/12/2044', '2044-12-19']"
1920,April,2,"['2nd April, 1920', 'April 2nd, 1920', '1920-04-02']"
1983,May,24,"['24 May 1983', '1983-05-24', 'May 24th, 1983', '05/24/1983', '24-05-1983', '24th May, 1983', '1983/05/24']"
2025,November,19,"['2025/11/19', '19/11/2025', '19-11-2025', '19 Nov 2025']"
2058,March,17,"['2058/03/17', '17th March, 2058', '03/17/2058', '17-03-2058']"
2085,November,30,"['November 30th, 2085', '30 Nov 2085', '30-11-2085', '2085/11/30', '11/30/2085', '2085-11-30']"
2036,February,13,"['13/02/2036', '13th February, 2036', 'February 13th, 2036']"
1940,March,4,"['03/04/1940', '04 Mar 1940', '04/03/1940']"
2081,August,22,"['22 Aug 2081', '22-08-2081', '22nd August, 2081', '22/08/2081', '2081/08/22', 'August 22nd, 2081', '2081-08-22', '08/22/2081']"
2088,October,7,"['2088/10/07', 'October 7th, 2088', '7th October, 2088', '2088-10-07', '10/07/2088', '07 Oct 2088', '07/10/2088']"
1956,December,5,"['05 Dec 1956', '05/12/1956', 'December 5th, 1956', '1956/12/05', '12/05/1956', '5th December, 1956']"
1989,October,28,"['1989-10-28', '28-10-1989', '10/28/1989', '28 Oct 1989']"
2022,July,3,"['03-07-2022', '3rd July, 2022', 'July 3rd, 2022', '07/03/2022']"
2089,August,5,"['5th August, 2089', 'August 5th, 2089', '08/05/2089', '05/08/2089']"
1948,March,20,"['20th March, 1948', 'March 20th, 1948', '20-03-1948', '03/20/1948', '20/03/1948', '20 Mar 1948']"
2055,April,10,"['10 Apr 2055', '2055-04-10', 'April 10th, 2055', '10/04/2055']"
2045,December,17,"['2045-12-17', '17 Dec 2045', '17-12-2045', '2045/12/17']"
1929,March,31,"['03/31/1929', '31st March, 1929', '1929/03/31', 'March 31st, 1929', '1929-03-31', '31/03/1929']"
1928,April,14,"['14-04-1928', '1928/04/14', '14/04/1928', '1928-04-14', 'April 14th, 1928', '14 Apr 1928', '04/14/1928', '14th April, 1928']"
1938,March,19,"['1938/03/19', '19/03/1938', '19 Mar 1938', '19-03-1938', '1938-03-19', '19th March, 1938', '03/19/1938', 'March 19th, 1938']"
1937,August,11,"['1937-08-11', 'August 11th, 1937', '11-08-1937', '08/11/1937', '11/08/1937', '11 Aug 1937', '11th August, 1937', '1937/08/11']"
1988,July,11,"['11/07/1988', 'July 11th, 1988', '11-07-1988', '1988/07/11', '1988-07-11']"
2020,May,29,"['2020/05/29', '29th May, 2020', '29-05-2020']"
1995,June,15,"['1995/06/15', '15th June, 1995', '15/06/1995', '15 Jun 1995', 'June 15th, 1995', '1995-06-15', '15-06-1995', '06/15/1995']"
1962,October,19,"['19 Oct 1962', '19th October, 1962', '19-10-1962', '10/19/1962', '19/10/1962', '1962-10-19', '1962/10/19', 'October 19th, 1962']"
1996,October,16,"['October 16th, 1996', '16 Oct 1996', '1996-10-16', '10/16/1996', '16/10/1996', '16-10-1996', '16th October, 1996']"
1995,August,27,"['27/08/1995', '27-08-1995', '27 Aug 1995', 'August 27th, 1995', '27th August, 1995', '08/27/1995', '1995-08-27', '1995/08/27']"
1964,July,27,['1964/07/27']
2028,May,30,"['May 30th, 2028', '30/05/2028', '30th May, 2028', '2028/05/30', '05/30/2028', '30-05-2028', '2028-05-30']"
1959,March,3,['1959-03-03']
1934,January,10,['1934/01/10']
1983,December,30,"['30/12/1983', '30 Dec 1983', '1983/12/30', '12/30/1983']"
1980,October,27,"['October 27th, 1980', '27-10-1980', '10/27/1980', '1980/10/27', '1980-10-27', '27 Oct 1980', '27th October, 1980', '27/10/1980']"
1987,October,1,"['01/10/1987', '01-10-1987', '01 Oct 1987']"
2047,November,14,"['14th November, 2047', 'November 14th, 2047']"
1971,November,30,"['30 Nov 1971', 'November 30th, 1971']"
2077,November,27,"['November 27th, 2077']"
2074,September,17,"['17 Sep 2074', '2074/09/17', '17/09/2074']"
1961,March,25,"['25 Mar 1961', '25th March, 1961', '03/25/1961', '25-03-1961', '1961/03/25', 'March 25th, 1961', '25/03/1961']"
2054,October,1,"['2054-10-01', '1st October, 2054']"
1987,December,27,"['December 27th, 1987', '27th December, 1987', '27 Dec 1987', '1987-12-27', '12/27/1987', '1987/12/27', '27/12/1987', '27-12-1987']"
1966,April,26,"['26th April, 1966']"
1962,September,14,"['14th September, 1962', '14 Sep 1962', '14/09/1962', '14-09-1962', '1962/09/14']"
2095,August,7,"['07/08/2095', '08/07/2095', 'August 7th, 2095', '7th August, 2095', '07-08-2095', '07 Aug 2095', '2095-08-07', '2095/08/07']"
1943,December,20,"['1943-12-20', '20th December, 1943', '20 Dec 1943', '1943/12/20', 'December 20th, 1943', '12/20/1943']"
2057,February,18,"['02/18/2057', '18 Feb 2057', '2057-02-18']"
2056,February,18,"['18th February, 2056']"
2027,March,2,"['03/02/2027', '02/03/2027', '02 Mar 2027', '2nd March, 2027', '2027/03/02', '02-03-2027', '2027-03-02', 'March 2nd, 2027']"
2096,October,19,"['10/19/2096', '2096/10/19', '19 Oct 2096']"
1981,June,25,"['1981-06-25', '25-06-1981', '25/06/1981', 'June 25th, 1981', '1981/06/25', '06/25/1981', '25th June, 1981', '25 Jun 1981']"
2026,March,25,"['March 25th, 2026', '25th March, 2026']"
2025,August,22,"['August 22nd, 2025', '2025/08/22', '22/08/2025']"
1967,January,29,"['29-01-1967', 'January 29th, 1967']"
1968,December,16,"['12/16/1968', '16/12/1968', '16-12-1968', '16th December, 1968', '1968-12-16', '1968/12/16', 'December 16th, 1968']"
2017,April,14,"['2017/04/14', '04/14/2017', '14/04/2017', 'April 14th, 2017', '14th April, 2017']"
2070,June,27,"['2070-06-27', '27th June, 2070', 'June 27th, 2070', '06/27/2070', '2070/06/27', '27-06-2070', '27/06/2070', '27 Jun 2070']"
2051,August,8,"['2051/08/08', 'August 8th, 2051']"
1973,December,28,"['28-12-1973', '28 Dec 1973', '28/12/1973', 'December 28th, 1973', '1973-12-28', '1973/12/28', '12/28/1973', '28th December, 1973']"
2026,May,19,"['19/05/2026', '2026-05-19', '19th May, 2026']"
1986,January,11,"['1986/01/11', '11th January, 1986', '11-01-1986', '1986-01-11', '11 Jan 1986', 'January 11th, 1986', '01/11/1986', '11/01/1986']"
2092,August,29,['2092/08/29']
1985,August,24,"['24/08/1985', 'August 24th, 1985', '24 Aug 1985', '1985-08-24', '24-08-1985', '08/24/1985']"
2054,January,16,"['2054/01/16', '16 Jan 2054']"
2053,May,22,['2053/05/22']
1998,March,22,"['22-03-1998', '03/22/1998', '1998-03-22', '22 Mar 1998', 'March 22nd, 1998', '22/03/1998', '1998/03/22']"
1929,February,19,"['1929-02-19', '19/02/1929', '1929/02/19', '19th February, 1929', '19 Feb 1929', '19-02-1929', 'February 19th, 1929']"
1923,August,10,"['1923-08-10', '1923/08/10', '08/10/1923']"
2036,May,16,"['2036/05/16', 'May 16th, 2036', '16th May, 2036', '16/05/2036']"
1905,January,25,"['25 Jan 1905', '01/25/1905', '1905/01/25', '1905-01-25', '25th January, 1905', '25/01/1905', 'January 25th, 1905', '25-01-1905']"
1967,May,28,"['1967-05-28', '1967/05/28', '28-05-1967']"
2069,August,13,"['13/08/2069', '13-08-2069', '08/13/2069', '2069/08/13', '2069-08-13']"
1965,November,29,"['29-11-1965', 'November 29th, 1965', '1965/11/29']"
2045,May,25,['25 May 2045']
1939,February,14,"['February 14th, 1939', '14 Feb 1939', '14-02-1939', '14/02/1939', '14th February, 1939', '02/14/1939', '1939-02-14']"
2045,March,18,"['18-03-2045', '18th March, 2045', '2045/03/18', '03/18/2045']"
1973,April,22,['1973/04/22']
1915,September,1,['01-09-1915']
2005,January,31,['2005-01-31']
1917,December,22,"['22-12-1917', 'December 22nd, 1917']"
2037,February,10,['10/02/2037']
1962,October,17,"['10/17/1962', '17-10-1962', '1962-10-17', '17 Oct 1962', '17/10/1962', '1962/10/17', 'October 17th, 1962']"
2037,February,14,"['14th February, 2037']"
1955,October,22,"['10/22/1955', 'October 22nd, 1955', '22nd October, 1955', '1955/10/22', '22-10-1955', '22/10/1955', '22 Oct 1955']"
2002,June,12,"['2002-06-12', 'June 12th, 2002', '2002/06/12', '12-06-2002', '12th June, 2002']"
1906,November,5,"['1906/11/05', 'November 5th, 1906', '05-11-1906']"
1957,March,1,"['01-03-1957', '03/01/1957', '1st March, 1957', '01/03/1957', '1957/03/01']"
2092,March,31,"['31/03/2092', '31st March, 2092']"
1943,May,2,"['1943-05-02', '1943/05/02', '05/02/1943', '02-05-1943']"
2059,August,1,"['01-08-2059', '01/08/2059', 'August 1st, 2059', '01 Aug 2059', '1st August, 2059', '08/01/2059', '2059-08-01', '2059/08/01']"
1947,February,17,"['February 17th, 1947', '17-02-1947', '1947-02-17', '17th February, 1947']"
1984,July,10,"['1984-07-10', '1984/07/10']"
2084,November,14,['2084/11/14']
1917,April,23,"['04/23/1917', 'April 23rd, 1917', '23 Apr 1917', '23rd April, 1917', '1917/04/23', '1917-04-23']"
2081,September,15,"['2081/09/15', '15/09/2081']"
1956,December,10,"['10 Dec 1956', '1956/12/10', '1956-12-10', '10th December, 1956']"
1989,November,30,"['30th November, 1989']"
1974,January,30,"['30-01-1974', '30 Jan 1974', '30/01/1974', '01/30/1974']"
2000,June,1,"['1st June, 2000', '01/06/2000', '01 Jun 2000', '2000/06/01', '06/01/2000', 'June 1st, 2000']"
1902,February,7,"['07-02-1902', '1902/02/07', '07 Feb 1902', '1902-02-07', '7th February, 1902', 'February 7th, 1902', '07/02/1902']"
2004,April,29,"['29 Apr 2004', '2004/04/29', '29/04/2004', '29th April, 2004', 'April 29th, 2004', '29-04-2004', '04/29/2004', '2004-04-29']"
2010,February,25,"['25 Feb 2010', '02/25/2010', '25th February, 2010', '25-02-2010', '2010-02-25', '2010/02/25', 'February 25th, 2010']"
2012,September,7,"['September 7th, 2012']"
2053,January,24,"['01/24/2053', '2053/01/24', '24-01-2053', '24 Jan 2053', '24th January, 2053']"
1934,February,19,"['February 19th, 1934', '02/19/1934', '1934/02/19']"
2044,November,4,"['2044/11/04', '4th November, 2044', '2044-11-04']"
1903,April,23,"['April 23rd, 1903', '23-04-1903', '23 Apr 1903', '23rd April, 1903', '1903/04/23', '23/04/1903', '04/23/1903']"
2018,May,25,"['May 25th, 2018', '05/25/2018', '25-05-2018', '2018-05-25']"
1969,January,31,"['31 Jan 1969', '31st January, 1969']"
2041,June,5,"['2041-06-05', '05-06-2041', '2041/06/05', '5th June, 2041', '06/05/2041', '05/06/2041', 'June 5th, 2041']"
1936,September,25,"['1936/09/25', 'September 25th, 1936', '09/25/1936', '25-09-1936', '25/09/1936', '25 Sep 1936', '25th September, 1936']"
1985,August,14,"['August 14th, 1985', '14th August, 1985', '14-08-1985', '14 Aug 1985', '1985-08-14']"
1950,August,4,"['08/04/1950', '04/08/1950', '04-08-1950']"
1958,September,21,"['1958-09-21', 'September 21st, 1958', '21 Sep 1958', '21st September, 1958']"
1988,June,26,"['26-06-1988', '26 Jun 1988', '26/06/1988', '1988-06-26', 'June 26th, 1988', '06/26/1988', '1988/06/26']"
1951,November,6,"['November 6th, 1951', '1951/11/06', '11/06/1951', '1951-11-06']"
1912,February,2,"['2nd February, 1912', '1912-02-02']"
2066,July,2,['02/07/2066']
1932,February,6,"['1932/02/06', '06/02/1932', '02/06/1932', '6th February, 1932', '06 Feb 1932', 'February 6th, 1932']"
2016,December,28,"['12/28/2016', '28/12/2016', '28-12-2016', '2016-12-28']"
2063,September,30,"['30-09-2063', '09/30/2063', '2063/09/30']"
2004,April,18,"['18 Apr 2004', '18th April, 2004']"
1955,March,31,"['1955-03-31', '31-03-1955', '31/03/1955', '1955/03/31', '03/31/1955', 'March 31st, 1955', '31st March, 1955', '31 Mar 1955']"
1999,July,25,"['25 Jul 1999', '07/25/1999', 'July 25th, 1999', '1999-07-25', '25th July, 1999', '25-07-1999', '25/07/1999']"
2080,April,22,"['2080-04-22', '04/22/2080', '22/04/2080', '22 Apr 2080', '22-04-2080']"
2037,April,30,"['30 Apr 2037', 'April 30th, 2037', '2037-04-30', '2037/04/30', '04/30/2037', '30/04/2037', '30th April, 2037', '30-04-2037']"
1969,February,2,"['02/02/1969', '02 Feb 1969', '02-02-1969', '2nd February, 1969', '02/02/1969']"
1916,February,29,['29-02-1916']
2045,November,23,"['2045-11-23', '2045/11/23', '23rd November, 2045', '23 Nov 2045']"
2003,November,3,"['03 Nov 2003', '3rd November, 2003', 'November 3rd, 2003', '03-11-2003']"
1919,March,3,"['3rd March, 1919', '03 Mar 1919']"
2010,November,7,"['07/11/2010', '11/07/2010', '7th November, 2010']"
1940,May,24,"['05/24/1940', '24th May, 1940', 'May 24th, 1940', '1940-05-24']"
1904,May,27,"['27-05-1904', '27 May 1904', '27th May, 1904']"
1998,October,4,"['1998-10-04', '10/04/1998', 'October 4th, 1998', '4th October, 1998']"
1999,July,19,"['July 19th, 1999', '19-07-1999', '1999/07/19', '07/19/1999', '1999-07-19', '19th July, 1999', '19 Jul 1999']"
1961,June,6,"['June 6th, 1961', '06/06/1961', '06 Jun 1961', '1961-06-06']"
2020,May,15,"['05/15/2020', '15/05/2020', 'May 15th, 2020', '15 May 2020']"
1936,January,30,"['30th January, 1936', '30-01-1936', '1936-01-30', '30/01/1936', '30 Jan 1936']"
2048,October,12,"['2048-10-12', 'October 12th, 2048', '10/12/2048', '12 Oct 2048', '12th October, 2048', '12/10/2048', '2048/10/12']"
1907,May,30,"['30th May, 1907', '1907/05/30', '30/05/1907', '30 May 1907', '05/30/1907']"
1935,January,23,['23-01-1935']
2020,July,22,"['22 Jul 2020', '22/07/2020', '22nd July, 2020', '2020/07/22', '22-07-2020', '2020-07-22', 'July 22nd, 2020', '07/22/2020']"
2007,February,20,"['02/20/2007', '20/02/2007', '2007-02-20']"
2043,November,2,"['2nd November, 2043', '02/11/2043', '02-11-2043', '11/02/2043', '2043/11/02', 'November 2nd, 2043', '02 Nov 2043', '2043-11-02']"
1939,September,7,"['07/09/1939', '1939-09-07', '1939/09/07', '09/07/1939', 'September 7th, 1939', '07-09-1939', '7th September, 1939', '07 Sep 1939']"
1958,June,13,"['13 Jun 1958', '13-06-1958']"
2031,March,24,"['2031/03/24', '24 Mar 2031', 'March 24th, 2031', '24/03/2031', '24-03-2031']"
1938,March,5,"['1938-03-05', 'March 5th, 1938', '03/05/1938', '5th March, 1938', '1938/03/05', '05-03-1938']"
1934,March,19,"['19/03/1934', '1934/03/19', '19 Mar 1934', '19th March, 1934', '19-03-1934', 'March 19th, 1934', '1934-03-19']"
2040,September,9,"['2040-09-09', '09/09/2040', '09 Sep 2040', '9th September, 2040', '09/09/2040', '09-09-2040', 'September 9th, 2040', '2040/09/09']"
1994,January,30,"['30-01-1994', '01/30/1994', 'January 30th, 1994', '1994/01/30']"
1915,February,9,"['1915-02-09', '09/02/1915', 'February 9th, 1915', '1915/02/09', '02/09/1915']"
1983,March,13,['13-03-1983']
1932,December,28,['12/28/1932']
2004,March,29,"['29th March, 2004']"
1984,June,5,"['1984-06-05', '06/05/1984', '05-06-1984', '05 Jun 1984', 'June 5th, 1984']"
2080,October,12,"['12 Oct 2080', '12th October, 2080', 'October 12th, 2080', '2080-10-12']"
1991,November,10,"['11/10/1991', '1991/11/10', '10th November, 1991', '1991-11-10', '10/11/1991', '10 Nov 1991', '10-11-1991']"
2090,December,4,"['2090-12-04', '04 Dec 2090', '12/04/2090', '04/12/2090', 'December 4th, 2090', '04-12-2090', '4th December, 2090', '2090/12/04']"
1958,August,1,"['01/08/1958', '1958/08/01', '01-08-1958']"
1911,January,27,"['27/01/1911', '1911-01-27', '27-01-1911', '27 Jan 1911', 'January 27th, 1911', '01/27/1911', '1911/01/27']"
1938,May,30,['05/30/1938']
1966,May,24,"['24 May 1966', '1966/05/24', '1966-05-24']"
2067,October,29,"['29th October, 2067', '29/10/2067', '2067/10/29']"
2049,February,23,"['2049-02-23', '23rd February, 2049', '2049/02/23', 'February 23rd, 2049', '23/02/2049', '23 Feb 2049', '23-02-2049']"
1936,April,3,"['04/03/1936', '03 Apr 1936', '03/04/1936']"
2069,November,29,"['2069/11/29', '29-11-2069', '2069-11-29', '11/29/2069']"
1900,April,20,"['20th April, 1900', '20/04/1900', 'April 20th, 1900']"
2053,May,21,"['21/05/2053', '21-05-2053', '05/21/2053']"
2032,March,27,"['March 27th, 2032', '2032/03/27', '27 Mar 2032', '03/27/2032', '27-03-2032', '27/03/2032', '2032-03-27', '27th March, 2032']"
2003,March,8,"['08/03/2003', '03/08/2003', '8th March, 2003', '08-03-2003']"
2074,June,25,"['June 25th, 2074', '2074/06/25', '2074-06-25']"
1909,December,10,"['10th December, 1909']"
1913,July,11,"['11-07-1913', 'July 11th, 1913', '1913/07/11', '11 Jul 1913', '1913-07-11']"
2088,April,11,"['11-04-2088', 'April 11th, 2088', '2088/04/11', '11/04/2088']"
1975,May,26,"['26th May, 1975', '1975/05/26', '26-05-1975', '05/26/1975', '1975-05-26']"
2002,March,4,['04-03-2002']
2065,November,13,"['13-11-2065', '13 Nov 2065', '2065/11/13', '13/11/2065', 'November 13th, 2065', '2065-11-13']"
2097,December,4,"['04 Dec 2097', '04-12-2097', '04/12/2097', '12/04/2097', '2097/12/04', '4th December, 2097', '2097-12-04', 'December 4th, 2097']"
2032,June,12,"['12th June, 2032', '12-06-2032', '2032-06-12', '2032/06/12']"
1967,August,9,"['09-08-1967', '09 Aug 1967', '08/09/1967', '09/08/1967']"
1947,March,27,"['March 27th, 1947', '1947/03/27', '03/27/1947', '27th March, 1947', '27 Mar 1947', '27-03-1947', '27/03/1947', '1947-03-27']"
2055,February,4,"['2055-02-04', '04 Feb 2055', '4th February, 2055']"
1944,October,20,"['10/20/1944', '20 Oct 1944', '1944-10-20']"
2011,August,11,"['11-08-2011', '11 Aug 2011', '2011/08/11']"
2055,May,30,"['30 May 2055', 'May 30th, 2055', '30-05-2055', '05/30/2055', '2055/05/30', '30/05/2055']"
2085,March,4,"['04 Mar 2085', '2085-03-04']"
2008,July,28,"['July 28th, 2008', '28 Jul 2008', '28-07-2008', '2008/07/28', '07/28/2008', '28th July, 2008', '2008-07-28', '28/07/2008']"
1927,March,9,"['1927-03-09', '09-03-1927', '09 Mar 1927', '1927/03/09', 'March 9th, 1927']"
2028,November,23,"['23 Nov 2028', '23rd November, 2028', '2028/11/23', '2028-11-23', '11/23/2028', '23/11/2028']"
1963,August,22,['08/22/1963']
2038,February,20,"['20 Feb 2038', '20th February, 2038', 'February 20th, 2038', '2038-02-20', '20/02/2038', '20-02-2038', '2038/02/20', '02/20/2038']"
2044,June,2,['2044/06/02']
1908,January,8,['08-01-1908']
1985,January,18,"['18 Jan 1985', '1985/01/18']"
2064,August,31,"['08/31/2064', '2064-08-31', '31 Aug 2064', '2064/08/31', '31st August, 2064']"
2073,December,13,"['13 Dec 2073', '13-12-2073', '13th December, 2073', '12/13/2073', '2073/12/13', 'December 13th, 2073', '2073-12-13', '13/12/2073']"
1996,March,2,"['02-03-1996', '03/02/1996', '02 Mar 1996', '02/03/1996', 'March 2nd, 1996', '1996-03-02', '2nd March, 1996']"
2094,April,25,"['25/04/2094', '25-04-2094', '25 Apr 2094', '04/25/2094', '25th April, 2094']"
2086,May,7,"['7th May, 2086', '05/07/2086', '07 May 2086', '07-05-2086', 'May 7th, 2086', '2086-05-07', '2086/05/07', '07/05/2086']"
1950,June,6,"['1950/06/06', '06/06/1950', '06 Jun 1950', '06/06/1950']"
2074,December,18,"['2074/12/18', '18-12-2074', '18 Dec 2074']"
2015,June,4,"['04/06/2015', '4th June, 2015', '04-06-2015', '2015-06-04', '06/04/2015', '04 Jun 2015', '2015/06/04']"
2019,June,10,"['10-06-2019', '10/06/2019', 'June 10th, 2019', '2019-06-10', '10th June, 2019', '06/10/2019', '2019/06/10', '10 Jun 2019']"
2072,January,7,"['2072/01/07', '2072-01-07', '7th January, 2072']"
2018,November,1,"['November 1st, 2018', '1st November, 2018', '2018/11/01', '01/11/2018', '01-11-2018', '01 Nov 2018', '11/01/2018']"
2042,December,26,['2042/12/26']
2092,July,4,"['07/04/2092', '4th July, 2092', '04-07-2092', 'July 4th, 2092', '04 Jul 2092']"
2057,April,14,"['14th April, 2057', '14 Apr 2057', '14/04/2057']"
2051,October,3,"['03/10/2051', '3rd October, 2051', '2051/10/03', 'October 3rd, 2051']"
1923,November,18,"['18-11-1923', '1923/11/18']"
1972,October,17,"['17/10/1972', '1972/10/17', '17th October, 1972', 'October 17th, 1972', '10/17/1972', '1972-10-17', '17 Oct 1972']"
1906,January,22,"['22nd January, 1906', 'January 22nd, 1906', '22-01-1906', '22/01/1906', '22 Jan 1906', '1906/01/22']"
2012,October,18,"['2012-10-18', '18 Oct 2012', '18-10-2012']"
2008,June,25,"['06/25/2008', '25th June, 2008', '25/06/2008', '25 Jun 2008', '25-06-2008', '2008-06-25', 'June 25th, 2008']"
2049,August,18,['18-08-2049']
1970,January,3,"['1970-01-03', '03-01-1970', '03 Jan 1970', 'January 3rd, 1970', '03/01/1970']"
1943,April,24,"['04/24/1943', '24-04-1943', '24th April, 1943', 'April 24th, 1943', '24 Apr 1943', '24/04/1943', '1943-04-24', '1943/04/24']"
2032,March,7,"['March 7th, 2032', '03/07/2032', '2032-03-07', '07-03-2032', '2032/03/07']"
2098,September,22,"['22-09-2098', '2098-09-22']"
1989,February,4,"['04/02/1989', '02/04/1989', '04-02-1989', 'February 4th, 1989', '1989/02/04', '04 Feb 1989', '4th February, 1989']"
1907,April,19,"['April 19th, 1907', '19-04-1907', '19th April, 1907', '19 Apr 1907', '1907/04/19', '04/19/1907', '1907-04-19']"
1914,June,18,"['06/18/1914', '1914-06-18']"
1982,October,18,"['18 Oct 1982', '18/10/1982', '18th October, 1982']"
1994,March,1,"['1994-03-01', '1st March, 1994', '01 Mar 1994', '03/01/1994']"
2015,April,2,['02/04/2015']
1934,July,7,"['July 7th, 1934', '07/07/1934']"
1913,May,17,"['1913-05-17', '17/05/1913', '05/17/1913', 'May 17th, 1913', '1913/05/17', '17-05-1913', '17th May, 1913']"
1915,December,3,"['03/12/1915', '1915/12/03']"
1994,March,19,"['19th March, 1994', '19/03/1994', '1994/03/19']"
1944,October,31,"['1944-10-31', '10/31/1944', 'October 31st, 1944', '31 Oct 1944', '31-10-1944']"
2027,January,16,"['16-01-2027', '2027-01-16', '2027/01/16', 'January 16th, 2027', '16th January, 2027', '16/01/2027', '01/16/2027', '16 Jan 2027']"
2036,January,2,"['01/02/2036', '02 Jan 2036', '02-01-2036', 'January 2nd, 2036', '2nd January, 2036', '2036-01-02', '2036/01/02']"
1968,December,8,"['12/08/1968', '8th December, 1968', '08 Dec 1968', '08-12-1968', '08/12/1968', 'December 8th, 1968']"
2069,December,17,"['December 17th, 2069', '17th December, 2069', '17-12-2069', '2069-12-17', '17 Dec 2069']"
1907,July,12,"['07/12/1907', '12th July, 1907', '12-07-1907', '12 Jul 1907', '1907-07-12']"
1910,June,4,"['June 4th, 1910', '4th June, 1910', '04-06-1910', '04 Jun 1910', '06/04/1910', '1910/06/04', '1910-06-04', '04/06/1910']"
1953,February,13,"['13-02-1953', 'February 13th, 1953', '13 Feb 1953', '13th February, 1953', '13/02/1953', '1953/02/13', '1953-02-13', '02/13/1953']"
2052,December,16,"['2052/12/16', '12/16/2052', '16/12/2052', 'December 16th, 2052', '16 Dec 2052', '2052-12-16', '16th December, 2052', '16-12-2052']"
1928,December,7,['1928/12/07']
1956,May,13,"['13-05-1956', '1956/05/13']"
1905,November,14,"['November 14th, 1905', '11/14/1905', '14th November, 1905', '14 Nov 1905']"
2031,April,16,"['2031/04/16', '04/16/2031', '16-04-2031', '16 Apr 2031', 'April 16th, 2031', '16th April, 2031', '2031-04-16']"
1917,November,18,"['18/11/1917', '18th November, 1917', '1917-11-18']"
2086,May,25,"['05/25/2086', '25/05/2086', '25th May, 2086', '2086-05-25', '2086/05/25']"
1964,May,2,"['02 May 1964', '1964-05-02', '02/05/1964', '05/02/1964']"
1946,November,17,"['17/11/1946', '1946-11-17', 'November 17th, 1946', '1946/11/17']"
2092,June,12,"['12-06-2092', '12th June, 2092', '12 Jun 2092', '12/06/2092', '2092/06/12']"
1998,February,2,"['02 Feb 1998', '02/02/1998']"
1915,March,9,"['March 9th, 1915', '09/03/1915', '9th March, 1915', '03/09/1915', '09 Mar 1915', '1915/03/09']"
2035,November,20,"['20/11/2035', '2035-11-20']"
1919,October,21,"['1919/10/21', '21/10/1919', '21 Oct 1919', 'October 21st, 1919', '1919-10-21', '10/21/1919']"
1940,January,29,['01/29/1940']
2018,January,17,"['17-01-2018', '2018/01/17', '01/17/2018', '2018-01-17']"
1933,December,9,"['09-12-1933', '12/09/1933', '1933-12-09', 'December 9th, 1933', '9th December, 1933']"
1998,December,17,"['17-12-1998', '1998-12-17', '17 Dec 1998', '1998/12/17', '17/12/1998', 'December 17th, 1998']"
2001,December,11,"['11-12-2001', '11 Dec 2001', 'December 11th, 2001', '12/11/2001']"
2035,March,28,"['28 Mar 2035', '28th March, 2035', 'March 28th, 2035', '2035-03-28', '03/28/2035']"
1913,September,25,"['09/25/1913', 'September 25th, 1913', '1913-09-25', '25 Sep 1913', '1913/09/25']"
1960,July,9,"['July 9th, 1960', '09 Jul 1960', '1960/07/09', '07/09/1960']"
2095,April,12,"['April 12th, 2095', '12-04-2095', '2095/04/12', '2095-04-12', '12/04/2095', '12th April, 2095']"
1984,July,20,"['07/20/1984', '20/07/1984', '20th July, 1984']"
1956,September,8,"['08-09-1956', '8th September, 1956', '1956/09/08']"
1951,December,2,"['2nd December, 1951', '12/02/1951', '02-12-1951']"
2066,February,21,"['21 Feb 2066', '2066-02-21', '21st February, 2066', '02/21/2066', '2066/02/21']"
2021,May,14,"['14th May, 2021', '05/14/2021', 'May 14th, 2021', '14 May 2021']"
1993,August,13,['1993-08-13']
1972,October,11,"['11 Oct 1972', '10/11/1972']"
2038,April,17,"['April 17th, 2038', '04/17/2038', '17-04-2038', '2038/04/17', '17/04/2038', '17 Apr 2038', '17th April, 2038', '2038-04-17']"
2043,March,11,"['11th March, 2043', '2043/03/11']"
1970,September,14,"['14/09/1970', '14 Sep 1970', '09/14/1970', '1970/09/14', '14-09-1970', '14th September, 1970', 'September 14th, 1970', '1970-09-14']"
2018,October,9,"['October 9th, 2018', '09/10/2018', '9th October, 2018', '10/09/2018']"
2011,April,7,"['2011/04/07', '7th April, 2011', '07 Apr 2011', '2011-04-07']"
1920,November,6,"['November 6th, 1920', '11/06/1920', '06-11-1920', '1920/11/06', '06 Nov 1920', '6th November, 1920', '1920-11-06', '06/11/1920']"
2031,January,23,"['23rd January, 2031', 'January 23rd, 2031', '01/23/2031', '23/01/2031', '2031-01-23']"
2091,December,30,"['30-12-2091', '12/30/2091', '30 Dec 2091', '30th December, 2091', '2091/12/30', '2091-12-30', 'December 30th, 2091', '30/12/2091']"
1969,June,17,"['06/17/1969', 'June 17th, 1969', '17 Jun 1969', '1969/06/17', '1969-06-17']"
2017,July,17,"['2017-07-17', '2017/07/17', '17/07/2017', '17-07-2017', 'July 17th, 2017', '07/17/2017']"
1940,October,23,['10/23/1940']
2001,November,6,"['06-11-2001', '2001-11-06', '2001/11/06', '06 Nov 2001', '11/06/2001', '6th November, 2001', '06/11/2001', 'November 6th, 2001']"
2071,October,8,"['08-10-2071', '2071/10/08', '08/10/2071', 'October 8th, 2071']"
2045,December,21,"['21st December, 2045', '21/12/2045', '12/21/2045', '2045-12-21']"
2050,September,18,"['2050-09-18', 'September 18th, 2050', '18-09-2050', '18th September, 2050', '18/09/2050', '2050/09/18', '09/18/2050', '18 Sep 2050']"
1996,September,29,"['September 29th, 1996', '29-09-1996', '1996-09-29', '29 Sep 1996']"
2081,October,31,"['2081-10-31', '31/10/2081', '31st October, 2081', '10/31/2081']"
2070,April,2,"['02-04-2070', '2070-04-02']"
2086,May,14,['2086-05-14']
2013,May,31,"['05/31/2013', '31 May 2013', 'May 31st, 2013', '31-05-2013']"
2084,October,12,"['October 12th, 2084', '12-10-2084', '10/12/2084', '12/10/2084']"
1907,July,3,"['03-07-1907', 'July 3rd, 1907', '1907/07/03', '3rd July, 1907', '07/03/1907']"
1968,October,27,"['October 27th, 1968', '27th October, 1968', '10/27/1968']"
1943,July,10,"['July 10th, 1943', '07/10/1943', '10 Jul 1943', '10/07/1943', '10-07-1943', '1943-07-10', '10th July, 1943']"
2053,March,15,"['15 Mar 2053', '2053/03/15']"
2014,November,12,"['2014/11/12', '11/12/2014', 'November 12th, 2014', '2014-11-12', '12 Nov 2014', '12-11-2014']"
1981,July,25,"['25-07-1981', 'July 25th, 1981', '25 Jul 1981', '25/07/1981', '1981-07-25', '07/25/1981', '25th July, 1981']"
2018,December,22,"['12/22/2018', '2018/12/22', '22nd December, 2018', '22-12-2018']"
2077,August,29,"['August 29th, 2077']"
1948,February,22,['1948-02-22']
1916,September,15,"['15 Sep 1916', '15-09-1916', '1916-09-15', '15th September, 1916', '15/09/1916']"
2052,June,9,"['06/09/2052', '09/06/2052', '09-06-2052', '2052-06-09']"
2008,October,18,"['2008-10-18', '18th October, 2008', '18 Oct 2008', '2008/10/18', 'October 18th, 2008', '18-10-2008', '18/10/2008']"
2074,October,30,"['30th October, 2074', 'October 30th, 2074', '30/10/2074', '2074-10-30', '30 Oct 2074', '30-10-2074', '10/30/2074']"
1948,November,26,"['26-11-1948', '1948/11/26', 'November 26th, 1948', '26 Nov 1948', '1948-11-26', '11/26/1948', '26/11/1948', '26th November, 1948']"
1929,January,10,"['01/10/1929', '1929-01-10']"
